Benchmark,Objective,CPU Frequency (MHz),Frequency (MHz),Heap Label,Heap Multiplier Value,Heap Size MB,Mean,CI Low,CI High,Tied With Lowest Mean CI
batik,Energy,400MHz,400.0,1x,1.0,38,7.2453063,6.7306389950000005,7.791540925,False
batik,Energy,400MHz,400.0,1.5x,1.5,57,7.0133362,6.207620875000001,7.8736285325,False
batik,Energy,400MHz,400.0,2x,2.0,76,7.809185699999999,7.328558082500001,8.3785934475,False
batik,Energy,400MHz,400.0,2.5x,2.5,95,7.920556700000001,7.384872754999998,8.534717309999998,False
batik,Energy,400MHz,400.0,3x,3.0,114,7.3106202,6.8392046225,7.92492856,False
batik,Energy,800MHz,800.0,1x,1.0,38,5.249645800000001,5.0072791925,5.495374925,False
batik,Energy,800MHz,800.0,1.5x,1.5,57,4.3990234,4.050048422500001,4.739770424999999,False
batik,Energy,800MHz,800.0,2x,2.0,76,4.5740967,4.248313817500001,4.9946112725,False
batik,Energy,800MHz,800.0,2.5x,2.5,95,4.238201899999999,3.9854907750000006,4.489981175000001,False
batik,Energy,800MHz,800.0,3x,3.0,114,4.1671143,4.016430832499999,4.329991775,False
batik,Energy,1.2GHz,1200.0,1x,1.0,38,4.6156678,4.452681137500001,4.770884850000001,False
batik,Energy,1.2GHz,1200.0,1.5x,1.5,57,4.355981399999999,3.9412479875,4.7670707675,False
batik,Energy,1.2GHz,1200.0,2x,2.0,76,3.5700439000000004,3.2737826999999995,3.821774922499999,False
batik,Energy,1.2GHz,1200.0,2.5x,2.5,95,3.0337829999999997,2.9062291075,3.1678090649999997,False
batik,Energy,1.2GHz,1200.0,3x,3.0,114,3.280786,3.1657569674999997,3.3857816549999997,False
batik,Energy,1.8GHz,1800.0,1x,1.0,38,4.6048705000000005,4.3341217400000005,4.82240059,False
batik,Energy,1.8GHz,1800.0,1.5x,1.5,57,3.4047487000000003,3.1781340274999996,3.6454314025,False
batik,Energy,1.8GHz,1800.0,2x,2.0,76,3.2965695999999993,2.8158155025000005,3.668040482499999,False
batik,Energy,1.8GHz,1800.0,2.5x,2.5,95,2.6777649,2.5825495750000003,2.7682118200000003,True
batik,Energy,1.8GHz,1800.0,3x,3.0,114,2.6522095,2.5184339725,2.8109150849999995,True
batik,Energy,2.0GHz,2000.0,1x,1.0,38,3.7448549,2.9536715675,4.518615305,False
batik,Energy,2.0GHz,2000.0,1.5x,1.5,57,3.7434019,3.5171627575000004,4.012313012500001,False
batik,Energy,2.0GHz,2000.0,2x,2.0,76,3.1789186000000003,2.94763302,3.4224592825,False
batik,Energy,2.0GHz,2000.0,2.5x,2.5,95,2.8899108,2.7578114924999997,3.0356227775,True
batik,Energy,2.0GHz,2000.0,3x,3.0,114,2.823773,2.60864152,3.011849285,True
batik,Energy,2.4GHz,2400.0,1x,1.0,38,5.3287962,4.9855631525,5.5997343725,False
batik,Energy,2.4GHz,2400.0,1.5x,1.5,57,4.534967099999999,3.983526765,5.056783670000001,False
batik,Energy,2.4GHz,2400.0,2x,2.0,76,3.5195254,3.1431763900000003,3.901635755,False
batik,Energy,2.4GHz,2400.0,2.5x,2.5,95,2.9880676,2.8122517275,3.15174176,False
batik,Energy,2.4GHz,2400.0,3x,3.0,114,2.9004757999999997,2.73618016,3.0505301900000004,True
batik,Energy,2.7GHz,2700.0,1x,1.0,38,5.8664755,5.750112304166667,5.991102266666667,False
batik,Energy,2.7GHz,2700.0,1.5x,1.5,57,4.4773621,3.711859805000001,5.2163874725,False
batik,Energy,2.7GHz,2700.0,2x,2.0,76,3.4504517999999997,3.1251115374999996,3.7685057075,False
batik,Energy,2.7GHz,2700.0,2.5x,2.5,95,3.0068055,2.8401037575,3.1760800425,False
batik,Energy,2.7GHz,2700.0,3x,3.0,114,3.2476438,3.06429357,3.4257726749999997,False
batik,Time,400MHz,400.0,1x,1.0,38,3946.9,3675.595,4228.0275,False
batik,Time,400MHz,400.0,1.5x,1.5,57,3743.6,3333.8500000000004,4200.110000000001,False
batik,Time,400MHz,400.0,2x,2.0,76,3883.2,3662.0825,4130.9,False
batik,Time,400MHz,400.0,2.5x,2.5,95,4031.3,3765.0925,4326.2074999999995,False
batik,Time,400MHz,400.0,3x,3.0,114,3869.1,3632.01,4174.665,False
batik,Time,800MHz,800.0,1x,1.0,38,2525.7,2410.1949999999997,2657.5075,False
batik,Time,800MHz,800.0,1.5x,1.5,57,2112.7,1943.2775,2276.3875000000003,False
batik,Time,800MHz,800.0,2x,2.0,76,2003.1,1862.2725,2176.2025,False
batik,Time,800MHz,800.0,2.5x,2.5,95,1978.9,1864.695,2091.12,False
batik,Time,800MHz,800.0,3x,3.0,114,1962.4,1894.0975,2038.4025,False
batik,Time,1.2GHz,1200.0,1x,1.0,38,1839.8,1778.6925,1897.3,False
batik,Time,1.2GHz,1200.0,1.5x,1.5,57,1715.1,1553.7025,1892.4025,False
batik,Time,1.2GHz,1200.0,2x,2.0,76,1348.8,1232.4825,1437.4025,False
batik,Time,1.2GHz,1200.0,2.5x,2.5,95,1213.2,1164.59,1268.7025,False
batik,Time,1.2GHz,1200.0,3x,3.0,114,1314.9,1271.79,1357.0075,False
batik,Time,1.8GHz,1800.0,1x,1.0,38,1400.5,1311.395,1463.1025,False
batik,Time,1.8GHz,1800.0,1.5x,1.5,57,1036.0,969.695,1105.8175,False
batik,Time,1.8GHz,1800.0,2x,2.0,76,965.8,837.465,1069.6,False
batik,Time,1.8GHz,1800.0,2.5x,2.5,95,825.5,798.6975,850.1,False
batik,Time,1.8GHz,1800.0,3x,3.0,114,813.9,774.6875,856.305,False
batik,Time,2.0GHz,2000.0,1x,1.0,38,1019.9,799.74,1211.42,False
batik,Time,2.0GHz,2000.0,1.5x,1.5,57,947.2,906.79,990.5,False
batik,Time,2.0GHz,2000.0,2x,2.0,76,828.2,759.9875,893.2075,False
batik,Time,2.0GHz,2000.0,2.5x,2.5,95,790.9,752.9975,833.805,False
batik,Time,2.0GHz,2000.0,3x,3.0,114,775.3,711.2975,828.11,False
batik,Time,2.4GHz,2400.0,1x,1.0,38,1149.8,1082.1975,1207.125,False
batik,Time,2.4GHz,2400.0,1.5x,1.5,57,923.1,809.0400000000001,1028.04,False
batik,Time,2.4GHz,2400.0,2x,2.0,76,729.7,664.0975,807.4025,False
batik,Time,2.4GHz,2400.0,2.5x,2.5,95,644.1,605.4,680.805,False
batik,Time,2.4GHz,2400.0,3x,3.0,114,629.9,592.9925000000001,662.005,False
batik,Time,2.7GHz,2700.0,1x,1.0,38,1068.8333333333333,1048.6666666666667,1092.0125,False
batik,Time,2.7GHz,2700.0,1.5x,1.5,57,773.7,640.9875,895.2325,False
batik,Time,2.7GHz,2700.0,2x,2.0,76,606.2,553.19,655.5175,True
batik,Time,2.7GHz,2700.0,2.5x,2.5,95,544.0,512.8825,573.5025,True
batik,Time,2.7GHz,2700.0,3x,3.0,114,585.4,553.8925,618.7,True
batik,EDP,400MHz,400.0,1x,1.0,38,28.981944974099996,24.95387775161,33.182970004165,False
batik,EDP,400MHz,400.0,1.5x,1.5,57,27.157775184899997,21.29498160165,34.163543981222496,False
batik,EDP,400MHz,400.0,2x,2.0,76,30.642153306,27.01236170492,35.025618122445,False
batik,EDP,400MHz,400.0,2.5x,2.5,95,32.35021361610001,27.957983068574997,37.2084858165525,False
batik,EDP,400MHz,400.0,3x,3.0,114,28.6674042112,24.901414112305,33.483527799049995,False
batik,EDP,800MHz,800.0,1x,1.0,38,13.338546051999998,12.087769068757495,14.62460443271,False
batik,EDP,800MHz,800.0,1.5x,1.5,57,9.4349316513,8.155763885227499,10.926309012135,False
batik,EDP,800MHz,800.0,2x,2.0,76,9.311110564700002,7.9463123218875005,10.945056037545,False
batik,EDP,800MHz,800.0,2.5x,2.5,95,8.460819822000001,7.45516908101,9.495883672985,False
batik,EDP,800MHz,800.0,3x,3.0,114,8.209000875200001,7.620602251825001,8.921012054570001,False
batik,EDP,1.2GHz,1200.0,1x,1.0,38,8.516723154400001,7.94074994778,9.04032002444,False
batik,EDP,1.2GHz,1200.0,1.5x,1.5,57,7.661892690499999,6.252764731147501,9.059965991335,False
batik,EDP,1.2GHz,1200.0,2x,2.0,76,4.888094661799999,4.171321335262501,5.481865436005,False
batik,EDP,1.2GHz,1200.0,2.5x,2.5,95,3.700388410900001,3.4040367801875004,4.065558934879999,False
batik,EDP,1.2GHz,1200.0,3x,3.0,114,4.3270069622000005,4.060264792215,4.5945744934674995,False
batik,EDP,1.8GHz,1800.0,1x,1.0,38,6.4991337156,5.8222537076125,7.051302626899999,False
batik,EDP,1.8GHz,1800.0,1.5x,1.5,57,3.5694182269000003,3.0995454771924997,4.061660966985,False
batik,EDP,1.8GHz,1800.0,2x,2.0,76,3.3102898564,2.5815346138325004,3.9357578948599983,False
batik,EDP,1.8GHz,1800.0,2.5x,2.5,95,2.2168316049000003,2.061410970785,2.3536640653075,False
batik,EDP,1.8GHz,1800.0,3x,3.0,114,2.1746431761,1.9482529702575,2.4042267158475,False
batik,EDP,2.0GHz,2000.0,1x,1.0,38,4.2362318107,2.700451886425,5.777001094507498,False
batik,EDP,2.0GHz,2000.0,1.5x,1.5,57,3.5711513698,3.2081727097250003,3.989777596552499,False
batik,EDP,2.0GHz,2000.0,2x,2.0,76,2.6754494851999997,2.26550235285,3.093783631425,False
batik,EDP,2.0GHz,2000.0,2.5x,2.5,95,2.3004815361000004,2.0911708067275003,2.53709243647,False
batik,EDP,2.0GHz,2000.0,3x,3.0,114,2.2212272033,1.90390365712,2.5140241090549997,False
batik,EDP,2.4GHz,2400.0,1x,1.0,38,6.1740225332,5.532823584990002,6.7232527831699995,False
batik,EDP,2.4GHz,2400.0,1.5x,1.5,57,4.3447084541,3.3471458526575004,5.3901662099525,False
batik,EDP,2.4GHz,2400.0,2x,2.0,76,2.639721034,2.1633810004350003,3.1988087797575004,False
batik,EDP,2.4GHz,2400.0,2.5x,2.5,95,1.9411833354000003,1.72809061944,2.1468611631325003,True
batik,EDP,2.4GHz,2400.0,3x,3.0,114,1.8403961386000005,1.6467198228025002,2.0228376315000003,True
batik,EDP,2.7GHz,2700.0,1x,1.0,38,6.274520991333333,6.032666577333334,6.550558983000001,False
batik,EDP,2.7GHz,2700.0,1.5x,1.5,57,3.7269852098,2.5119016101924996,4.869587305794999,False
batik,EDP,2.7GHz,2700.0,2x,2.0,76,2.1387219426,1.762683854365,2.5147230916999996,True
batik,EDP,2.7GHz,2700.0,2.5x,2.5,95,1.649638909,1.4584880511124998,1.83015153001,True
batik,EDP,2.7GHz,2700.0,3x,3.0,114,1.9163497616,1.6967470906775,2.135268682955,True
batik,EDP2,400MHz,400.0,1x,1.0,38,215.80199747830525,170.5308154185074,262.9783586443513,False
batik,EDP2,400MHz,400.0,1.5x,1.5,57,203.36547938451545,145.23762835124464,282.49454429119595,False
batik,EDP2,400MHz,400.0,2x,2.0,76,244.43613786260272,200.65898114809033,294.9870852068591,False
batik,EDP2,400MHz,400.0,2.5x,2.5,95,263.44639569636604,208.0121749086568,339.445528330931,False
batik,EDP2,400MHz,400.0,3x,3.0,114,215.76203229499723,175.60515247016372,276.6544652507802,False
batik,EDP2,800MHz,800.0,1x,1.0,38,70.86567666024192,60.87585920376104,81.58914365669023,False
batik,EDP2,800MHz,800.0,1.5x,1.5,57,42.724873609096065,33.56734797946938,52.752691866367506,False
batik,EDP2,800MHz,800.0,2x,2.0,76,44.045358190041966,34.553745283144586,58.64331611228775,False
batik,EDP2,800MHz,800.0,2.5x,2.5,95,36.48851095984921,30.873596003073907,42.55461527416403,False
batik,EDP2,800MHz,800.0,3x,3.0,114,34.47667139335645,30.66932005248613,38.71253374717334,False
batik,EDP2,1.2GHz,1200.0,1x,1.0,38,39.54569758394237,35.3725325370691,43.31809697425043,False
batik,EDP2,1.2GHz,1200.0,1.5x,1.5,57,35.04996666364966,25.92434851511144,45.44712033880182,False
batik,EDP2,1.2GHz,1200.0,2x,2.0,76,17.941705211047125,14.346143380558877,21.32252152605532,False
batik,EDP2,1.2GHz,1200.0,2.5x,2.5,95,11.350232371612323,9.886370042815658,13.077357880580454,False
batik,EDP2,1.2GHz,1200.0,3x,3.0,114,14.280914567563036,12.808314356949063,15.6101044734723,False
batik,EDP2,1.8GHz,1800.0,1x,1.0,38,30.354635431350196,25.710724756571032,34.152950215963855,False
batik,EDP2,1.8GHz,1800.0,1.5x,1.5,57,12.453264155266448,10.00127292741493,15.291955647238414,False
batik,EDP2,1.8GHz,1800.0,2x,2.0,76,11.643709168343843,8.290519356451169,14.76937925742622,False
batik,EDP2,1.8GHz,1800.0,2.5x,2.5,95,5.971252771353639,5.36947182398617,6.540485999084695,True
batik,EDP2,1.8GHz,1800.0,3x,3.0,114,5.856966896524308,4.9404279677308525,6.883700403587502,True
batik,EDP2,2.0GHz,2000.0,1x,1.0,38,18.864365443504756,10.553371820638413,28.545649502036156,False
batik,EDP2,2.0GHz,2000.0,1.5x,1.5,57,13.61125692194488,11.300796637163293,16.14368162813166,False
batik,EDP2,2.0GHz,2000.0,2x,2.0,76,8.770928533121875,7.0041999498149226,10.756631715425248,False
batik,EDP2,2.0GHz,2000.0,2.5x,2.5,95,6.733944916810967,5.7279871326461205,7.756180844770435,True
batik,EDP2,2.0GHz,2000.0,3x,3.0,114,6.444096740836765,5.129647338016839,7.544091098757327,True
batik,EDP2,2.4GHz,2400.0,1x,1.0,38,33.37392477163748,28.145512651432863,37.77800229821981,False
batik,EDP2,2.4GHz,2400.0,1.5x,1.5,57,21.128678984496027,14.246007464299,27.709596562055744,False
batik,EDP2,2.4GHz,2400.0,2x,2.0,76,9.819639051840191,6.8947283041933565,12.97266758265123,False
batik,EDP2,2.4GHz,2400.0,2.5x,2.5,95,5.900315925551366,4.933220339830236,6.894571185363443,True
batik,EDP2,2.4GHz,2400.0,3x,3.0,114,5.414050697557198,4.5971914084248535,6.206087333339164,True
batik,EDP2,2.7GHz,2700.0,1x,1.0,38,36.859627577669855,34.66495941823424,39.25772291481729,False
batik,EDP2,2.7GHz,2700.0,1.5x,1.5,57,19.034168049365014,10.986219706872326,27.301824231731057,False
batik,EDP2,2.7GHz,2700.0,2x,2.0,76,7.698407926974696,5.731219877110675,9.583113169115132,True
batik,EDP2,2.7GHz,2700.0,2.5x,2.5,95,5.0438322771049915,4.224209552812353,5.857091559633034,True
batik,EDP2,2.7GHz,2700.0,3x,3.0,114,6.322245158226712,5.288445494219502,7.419090683607111,True
biojava,Energy,400MHz,400.0,1x,1.0,7,32.161792,31.85414774500001,32.53647876749999,False
biojava,Energy,400MHz,400.0,2x,2.0,14,4.2420042,3.8165882825,4.827686009999999,False
biojava,Energy,400MHz,400.0,3x,3.0,21,2.3682678000000004,2.08964148,2.67814681,False
biojava,Energy,400MHz,400.0,4x,4.0,28,2.287439,1.88917081,2.8097591475,False
biojava,Energy,400MHz,400.0,5x,5.0,35,2.3821226999999996,1.9190972425,2.9352452574999996,False
biojava,Energy,400MHz,400.0,6x,6.0,42,2.8086366000000003,2.3778259000000004,3.2512299600000003,False
biojava,Energy,800MHz,800.0,1x,1.0,7,19.5940979,19.301027185,19.9628868,False
biojava,Energy,800MHz,800.0,2x,2.0,14,2.3097168,2.115101785,2.5767521725,False
biojava,Energy,800MHz,800.0,3x,3.0,21,1.366394,1.2282849075000002,1.515375715,False
biojava,Energy,800MHz,800.0,4x,4.0,28,1.3576723000000002,1.146989515,1.5999375375000005,False
biojava,Energy,800MHz,800.0,5x,5.0,35,1.9845152999999995,1.6621771075,2.3127504149999996,False
biojava,Energy,800MHz,800.0,6x,6.0,42,1.7623658,1.5179818824999998,2.0315490625000003,False
biojava,Energy,1.2GHz,1200.0,1x,1.0,7,15.710162400000002,15.582917577499998,15.8706647425,False
biojava,Energy,1.2GHz,1200.0,2x,2.0,14,1.8255983,1.7158084425,1.9504675725,False
biojava,Energy,1.2GHz,1200.0,3x,3.0,21,1.0987121,0.905930455,1.2910833924999996,False
biojava,Energy,1.2GHz,1200.0,4x,4.0,28,1.0651612999999998,0.894996915,1.2655046325,False
biojava,Energy,1.2GHz,1200.0,5x,5.0,35,1.4385376,1.3063441449999995,1.6163021775000002,False
biojava,Energy,1.2GHz,1200.0,6x,6.0,42,1.5827575,1.4055875925000003,1.7761190349999998,False
biojava,Energy,1.8GHz,1800.0,1x,1.0,7,14.403692700000002,14.2281179825,14.567481439999996,False
biojava,Energy,1.8GHz,1800.0,2x,2.0,14,1.7465757,1.6088336875,1.9243357425000005,False
biojava,Energy,1.8GHz,1800.0,3x,3.0,21,0.8352845,0.797474115,0.8827284774999998,True
biojava,Energy,1.8GHz,1800.0,4x,4.0,28,0.9823547,0.8418670975,1.1232275100000002,False
biojava,Energy,1.8GHz,1800.0,5x,5.0,35,1.5769349,1.3825984450000002,1.7547596825,False
biojava,Energy,1.8GHz,1800.0,6x,6.0,42,1.4033265,1.2448092325,1.5944918375,False
biojava,Energy,2.0GHz,2000.0,1x,1.0,7,14.861737,14.6877239075,15.039574042499998,False
biojava,Energy,2.0GHz,2000.0,2x,2.0,14,1.7772947,1.6187965824999997,1.9442787025000003,False
biojava,Energy,2.0GHz,2000.0,3x,3.0,21,0.9023195,0.8138222574999999,1.03314785,False
biojava,Energy,2.0GHz,2000.0,4x,4.0,28,0.784314,0.76585553,0.8012154624999999,True
biojava,Energy,2.0GHz,2000.0,5x,5.0,35,1.3210875999999998,1.1757786425,1.4982851375,False
biojava,Energy,2.0GHz,2000.0,6x,6.0,42,1.315149,1.1912143425,1.4786968799999998,False
biojava,Energy,2.4GHz,2400.0,1x,1.0,7,16.422723400000002,16.283146955000003,16.552612214999996,False
biojava,Energy,2.4GHz,2400.0,2x,2.0,14,2.1699401000000003,2.0093287225000003,2.3324290599999995,False
biojava,Energy,2.4GHz,2400.0,3x,3.0,21,1.003015,0.8950372400000001,1.128378065,False
biojava,Energy,2.4GHz,2400.0,4x,4.0,28,1.0865478999999998,0.9084114525,1.2571670475,False
biojava,Energy,2.4GHz,2400.0,5x,5.0,35,1.5411131,1.3102293925,1.7911243849999998,False
biojava,Energy,2.4GHz,2400.0,6x,6.0,42,1.4427856999999995,1.2708499275,1.6201665274999997,False
biojava,Energy,2.7GHz,2700.0,1x,1.0,7,17.6540282,17.39488357,17.9462539325,False
biojava,Energy,2.7GHz,2700.0,2x,2.0,14,2.1807311,2.0504251950000003,2.3187194875,False
biojava,Energy,2.7GHz,2700.0,3x,3.0,21,1.1769715,1.009993275,1.3648844175,False
biojava,Energy,2.7GHz,2700.0,4x,4.0,28,1.0414673,0.9381460700000002,1.1513628375,False
biojava,Energy,2.7GHz,2700.0,5x,5.0,35,1.6946412000000002,1.23379396,2.2970959775,False
biojava,Energy,2.7GHz,2700.0,6x,6.0,42,1.7907351000000002,1.5613998875,2.0163294075,False
biojava,Time,400MHz,400.0,1x,1.0,7,15832.2,15671.2,16005.515,False
biojava,Time,400MHz,400.0,2x,2.0,14,2160.7,1974.6925,2389.465,False
biojava,Time,400MHz,400.0,3x,3.0,21,1238.3,1097.6575,1406.3175,False
biojava,Time,400MHz,400.0,4x,4.0,28,1196.3,991.4925,1469.26,False
biojava,Time,400MHz,400.0,5x,5.0,35,1210.9,1003.8975,1436.6474999999998,False
biojava,Time,400MHz,400.0,6x,6.0,42,1197.1,999.8,1399.0975,False
biojava,Time,800MHz,800.0,1x,1.0,7,8463.2,8361.08,8589.725,False
biojava,Time,800MHz,800.0,2x,2.0,14,1061.5,973.68,1188.6674999999998,False
biojava,Time,800MHz,800.0,3x,3.0,21,621.9,555.885,696.9075,False
biojava,Time,800MHz,800.0,4x,4.0,28,620.9,525.8775,731.1075,False
biojava,Time,800MHz,800.0,5x,5.0,35,693.8,575.595,825.2075,False
biojava,Time,800MHz,800.0,6x,6.0,42,611.3,517.7625,714.1175,False
biojava,Time,1.2GHz,1200.0,1x,1.0,7,5806.7,5756.097500000001,5867.3175,False
biojava,Time,1.2GHz,1200.0,2x,2.0,14,708.3,668.495,755.915,False
biojava,Time,1.2GHz,1200.0,3x,3.0,21,421.3,350.5975,502.9075,False
biojava,Time,1.2GHz,1200.0,4x,4.0,28,409.8,343.76500000000004,496.5025,False
biojava,Time,1.2GHz,1200.0,5x,5.0,35,385.4,338.1,447.6575,False
biojava,Time,1.2GHz,1200.0,6x,6.0,42,432.3,376.0925,496.8,False
biojava,Time,1.8GHz,1800.0,1x,1.0,7,4100.0,4063.6975,4139.8225,False
biojava,Time,1.8GHz,1800.0,2x,2.0,14,525.6,485.29,571.2125000000001,False
biojava,Time,1.8GHz,1800.0,3x,3.0,21,242.5,232.9,257.4,False
biojava,Time,1.8GHz,1800.0,4x,4.0,28,290.1,249.675,332.5025,False
biojava,Time,1.8GHz,1800.0,5x,5.0,35,313.5,270.5975,360.3025,False
biojava,Time,1.8GHz,1800.0,6x,6.0,42,269.1,231.5925,311.93749999999994,False
biojava,Time,2.0GHz,2000.0,1x,1.0,7,3804.4,3764.7975,3842.545,False
biojava,Time,2.0GHz,2000.0,2x,2.0,14,478.4,434.285,522.1225,False
biojava,Time,2.0GHz,2000.0,3x,3.0,21,236.9,213.3975,269.0025,False
biojava,Time,2.0GHz,2000.0,4x,4.0,28,204.0,199.9975,208.0,False
biojava,Time,2.0GHz,2000.0,5x,5.0,35,233.7,202.7975,272.7,False
biojava,Time,2.0GHz,2000.0,6x,6.0,42,231.7,206.5975,266.8025,False
biojava,Time,2.4GHz,2400.0,1x,1.0,7,3331.5,3303.9675,3358.01,False
biojava,Time,2.4GHz,2400.0,2x,2.0,14,456.5,421.2975,491.8025,False
biojava,Time,2.4GHz,2400.0,3x,3.0,21,206.2,183.9975,231.305,True
biojava,Time,2.4GHz,2400.0,4x,4.0,28,222.4,185.6,262.6,True
biojava,Time,2.4GHz,2400.0,5x,5.0,35,229.4,194.485,265.0125,True
biojava,Time,2.4GHz,2400.0,6x,6.0,42,212.9,184.9975,242.3075,True
biojava,Time,2.7GHz,2700.0,1x,1.0,7,3028.0,2985.9975,3074.01,False
biojava,Time,2.7GHz,2700.0,2x,2.0,14,383.4,359.0975,407.915,False
biojava,Time,2.7GHz,2700.0,3x,3.0,21,198.9,172.395,229.3,True
biojava,Time,2.7GHz,2700.0,4x,4.0,28,177.0,159.29250000000002,198.205,True
biojava,Time,2.7GHz,2700.0,5x,5.0,35,200.7,159.7,258.1325,True
biojava,Time,2.7GHz,2700.0,6x,6.0,42,229.0,198.9975,257.5075,False
biojava,EDP,400MHz,400.0,1x,1.0,7,509.3405164281,499.41297289376746,520.8809246309226,False
biojava,EDP,400MHz,400.0,2x,2.0,14,9.44558906,7.559239426682501,11.863505555642496,False
biojava,EDP,400MHz,400.0,3x,3.0,21,3.0490099715,2.3390476675125,3.88553144783,False
biojava,EDP,400MHz,400.0,4x,4.0,28,3.0431951894,1.85039269796,4.54645413223,False
biojava,EDP,400MHz,400.0,5x,5.0,35,3.1821280199,1.9826836461100004,4.7064952984175,False
biojava,EDP,400MHz,400.0,6x,6.0,42,3.5901855949000003,2.3867797511800006,4.827097790232499,False
biojava,EDP,800MHz,800.0,1x,1.0,7,165.9271802472,161.81056967798995,171.6869521726025,False
biojava,EDP,800MHz,800.0,2x,2.0,14,2.5242159041999996,2.06878003087,3.22750649785,False
biojava,EDP,800MHz,800.0,3x,3.0,21,0.8774059958999999,0.685251006605,1.0924882661274995,False
biojava,EDP,800MHz,800.0,4x,4.0,28,0.9047946975000002,0.62021303873,1.2629502286774998,False
biojava,EDP,800MHz,800.0,5x,5.0,35,1.4855137755,1.0472314512674998,2.0104832850125,False
biojava,EDP,800MHz,800.0,6x,6.0,42,1.147183154,0.8257839872775001,1.5121385714575,False
biojava,EDP,1.2GHz,1200.0,1x,1.0,7,91.2453172817,89.6846196283275,93.14559098704,False
biojava,EDP,1.2GHz,1200.0,2x,2.0,14,1.3067822803999998,1.1527599827025,1.4927298120575,False
biojava,EDP,1.2GHz,1200.0,3x,3.0,21,0.4989407999,0.3161126731725001,0.6819329061150001,False
biojava,EDP,1.2GHz,1200.0,4x,4.0,28,0.4728674574000001,0.3111293638099999,0.6572455644999999,False
biojava,EDP,1.2GHz,1200.0,5x,5.0,35,0.5773461222,0.4440172116774999,0.7495044986874999,False
biojava,EDP,1.2GHz,1200.0,6x,6.0,42,0.7125773053,0.5402252969649999,0.8900997504024998,False
biojava,EDP,1.8GHz,1800.0,1x,1.0,7,59.067826036300005,57.94803219124,60.25900908074251,False
biojava,EDP,1.8GHz,1800.0,2x,2.0,14,0.9361622481,0.791433474475,1.1346451303099998,False
biojava,EDP,1.8GHz,1800.0,3x,3.0,21,0.2038249017,0.1860674279375,0.2283458210075,False
biojava,EDP,1.8GHz,1800.0,4x,4.0,28,0.3021138926,0.2161242501275,0.3917806017574999,False
biojava,EDP,1.8GHz,1800.0,5x,5.0,35,0.5168253787,0.3874376824350001,0.6321703657075,False
biojava,EDP,1.8GHz,1800.0,6x,6.0,42,0.3965755082,0.290232311865,0.5354639606925,False
biojava,EDP,2.0GHz,2000.0,1x,1.0,7,56.5578805076,55.379831820577486,57.89079790134499,False
biojava,EDP,2.0GHz,2000.0,2x,2.0,14,0.8688812175,0.7150605555775,1.0174150491224998,False
biojava,EDP,2.0GHz,2000.0,3x,3.0,21,0.2215443579999999,0.1728706729725,0.2823643986574999,False
biojava,EDP,2.0GHz,2000.0,4x,4.0,28,0.1601760024,0.152928639525,0.1667746974449999,True
biojava,EDP,2.0GHz,2000.0,5x,5.0,35,0.3233968942999999,0.23825978158,0.4309244759649999,False
biojava,EDP,2.0GHz,2000.0,6x,6.0,42,0.3167607709999999,0.248941498075,0.41617800092,False
biojava,EDP,2.4GHz,2400.0,1x,1.0,7,54.7215307646,53.80063587813251,55.575412140305,False
biojava,EDP,2.4GHz,2400.0,2x,2.0,14,1.0054550906,0.8545825969575002,1.1520309921749998,False
biojava,EDP,2.4GHz,2400.0,3x,3.0,21,0.2136198448,0.166750698655,0.26636017274,True
biojava,EDP,2.4GHz,2400.0,4x,4.0,28,0.2593031856,0.1737122260575,0.3447521758724999,False
biojava,EDP,2.4GHz,2400.0,5x,5.0,35,0.3768402361,0.2598789564875,0.5041889978524999,False
biojava,EDP,2.4GHz,2400.0,6x,6.0,42,0.3204829667,0.23871541101,0.4129572064249999,False
biojava,EDP,2.7GHz,2700.0,1x,1.0,7,53.487261513,51.951742482577494,55.32284385893251,False
biojava,EDP,2.7GHz,2700.0,2x,2.0,14,0.8445545251000001,0.7406112103375,0.95788139506,False
biojava,EDP,2.7GHz,2700.0,3x,3.0,21,0.2474833504999999,0.177549409635,0.33292917228,False
biojava,EDP,2.7GHz,2700.0,4x,4.0,28,0.1897281032,0.1520101637624999,0.2331937762575,True
biojava,EDP,2.7GHz,2700.0,5x,5.0,35,0.4138220641,0.19064481721,0.723429183155,False
biojava,EDP,2.7GHz,2700.0,6x,6.0,42,0.428098866,0.3202393369925001,0.5381287175625001,False
biojava,EDP2,400MHz,400.0,1x,1.0,7,16390.726788114924,15910.619421205667,16964.307301215416,False
biojava,EDP2,400MHz,400.0,2x,2.0,14,43.157753884437895,29.181438928659592,62.71832676351563,False
biojava,EDP2,400MHz,400.0,3x,3.0,21,7.809877241466033,4.981653204276011,11.223575127947226,False
biojava,EDP2,400MHz,400.0,4x,4.0,28,8.74051285372817,3.562381280473701,16.710220403559855,False
biojava,EDP2,400MHz,400.0,5x,5.0,35,9.481791728619008,3.945639983509884,17.09725921266144,False
biojava,EDP2,400MHz,400.0,6x,6.0,42,11.471329688266078,6.8672956515708155,18.17322029585117,False
biojava,EDP2,800MHz,800.0,1x,1.0,7,3255.8290877593745,3115.5324494313304,3452.6363031296587,False
biojava,EDP2,800MHz,800.0,2x,2.0,14,6.225903847248134,4.3934702473966345,9.085821484916638,False
biojava,EDP2,800MHz,800.0,3x,3.0,21,1.277326316560491,0.8590247365128717,1.7404473601165626,False
biojava,EDP2,800MHz,800.0,4x,4.0,28,1.4219018343429632,0.7293185309472809,2.3464357435228065,False
biojava,EDP2,800MHz,800.0,5x,5.0,35,3.3695457389017895,1.8949580195361864,4.858954378773852,False
biojava,EDP2,800MHz,800.0,6x,6.0,42,2.279102093736721,1.3049406669008374,3.3452210658898123,False
biojava,EDP2,1.2GHz,1200.0,1x,1.0,7,1434.1394197467887,1399.255373935548,1477.8418874522376,False
biojava,EDP2,1.2GHz,1200.0,2x,2.0,14,2.4390006928417627,1.9905863538112512,3.0341953660498353,False
biojava,EDP2,1.2GHz,1200.0,3x,3.0,21,0.6373201588320212,0.3616078689494155,1.0270000956809449,False
biojava,EDP2,1.2GHz,1200.0,4x,4.0,28,0.5926721525918508,0.2957303388759358,0.9631677564207772,False
biojava,EDP2,1.2GHz,1200.0,5x,5.0,35,0.8980786533992997,0.5720499176093912,1.3090381152033097,False
biojava,EDP2,1.2GHz,1200.0,6x,6.0,42,1.2141584365236595,0.8143982545835556,1.7067918035953358,False
biojava,EDP2,1.8GHz,1800.0,1x,1.0,7,851.291536230553,825.3934545198331,878.0198578236634,False
biojava,EDP2,1.8GHz,1800.0,2x,2.0,14,1.7064214948562388,1.278684211955,2.274145816959769,False
biojava,EDP2,1.8GHz,1800.0,3x,3.0,21,0.172628280055321,0.1498894469816242,0.2036363650157096,False
biojava,EDP2,1.8GHz,1800.0,4x,4.0,28,0.3315328942150748,0.1945983297858272,0.4774424398830426,False
biojava,EDP2,1.8GHz,1800.0,5x,5.0,35,0.879578936946541,0.5755508196406556,1.1808697336939826,False
biojava,EDP2,1.8GHz,1800.0,6x,6.0,42,0.6103081450469268,0.3661944472513808,0.936952595430548,False
biojava,EDP2,2.0GHz,2000.0,1x,1.0,7,841.1244730808825,813.0995967757565,868.5157099202199,False
biojava,EDP2,2.0GHz,2000.0,2x,2.0,14,1.611706135576307,1.2038312349210198,2.01478021722715,False
biojava,EDP2,2.0GHz,2000.0,3x,3.0,21,0.2158318266007401,0.1395839708746634,0.3261867462368412,False
biojava,EDP2,2.0GHz,2000.0,4x,4.0,28,0.1259194379422602,0.118392066051882,0.1334052226610259,True
biojava,EDP2,2.0GHz,2000.0,5x,5.0,35,0.4677168859859136,0.2836624297182689,0.6927190351249399,False
biojava,EDP2,2.0GHz,2000.0,6x,6.0,42,0.4498993616758154,0.2977609178313767,0.665631325722076,False
biojava,EDP2,2.4GHz,2400.0,1x,1.0,7,898.9989360824454,877.8507911056636,921.1128520509104,False
biojava,EDP2,2.4GHz,2400.0,2x,2.0,14,2.2452017549458336,1.74584966809687,2.723311115303597,False
biojava,EDP2,2.4GHz,2400.0,3x,3.0,21,0.228913238645015,0.1581176083186413,0.3152538883494615,False
biojava,EDP2,2.4GHz,2400.0,4x,4.0,28,0.322471393178229,0.1741411391873967,0.4829838735692237,False
biojava,EDP2,2.4GHz,2400.0,5x,5.0,35,0.6572825765846312,0.3926817382254722,0.9803011953347366,False
biojava,EDP2,2.4GHz,2400.0,6x,6.0,42,0.4995625005873785,0.314580954591699,0.6977897791642564,False
biojava,EDP2,2.7GHz,2700.0,1x,1.0,7,945.389169713984,903.4251091569676,993.0637993338652,False
biojava,EDP2,2.7GHz,2700.0,2x,2.0,14,1.8776694985903095,1.5368333440914044,2.2536429589581313,False
biojava,EDP2,2.7GHz,2700.0,3x,3.0,21,0.3275238043555897,0.1942800381790346,0.5017882850610952,False
biojava,EDP2,2.7GHz,2700.0,4x,4.0,28,0.2094222524335058,0.1422817424484637,0.2864406146337794,False
biojava,EDP2,2.7GHz,2700.0,5x,5.0,35,1.105986797937393,0.2432632003663458,2.501731225216326,False
biojava,EDP2,2.7GHz,2700.0,6x,6.0,42,0.8303325829593184,0.5523162080440467,1.1371826361604145,False
fop,Energy,400MHz,400.0,1x,1.0,18,2.3936645,2.2947700575,2.5003393425,False
fop,Energy,400MHz,400.0,1.5x,1.5,27,1.7443543,1.660555675,1.811231835,False
fop,Energy,400MHz,400.0,2x,2.0,36,1.7535155,1.6919055825000002,1.806509865,False
fop,Energy,400MHz,400.0,2.5x,2.5,45,1.7510438000000002,1.6996884525,1.806535545,False
fop,Energy,400MHz,400.0,3x,3.0,54,1.760852,1.7089195925000005,1.8035809300000003,False
fop,Energy,800MHz,800.0,1x,1.0,18,1.3997621,1.3235524325,1.5084093475000002,False
fop,Energy,800MHz,800.0,1.5x,1.5,27,1.0593933000000002,1.0300432750000004,1.083917605,False
fop,Energy,800MHz,800.0,2x,2.0,36,1.0522095000000002,0.9990154125,1.0942590824999998,False
fop,Energy,800MHz,800.0,2.5x,2.5,45,1.0290773,0.9905624075,1.0647743200000002,False
fop,Energy,800MHz,800.0,3x,3.0,54,1.043396,1.0035718575,1.0829545775,False
fop,Energy,1.2GHz,1200.0,1x,1.0,18,1.1991637999999998,1.1247853775,1.2911297225,False
fop,Energy,1.2GHz,1200.0,1.5x,1.5,27,0.8677003000000001,0.8151464625,0.92631557,False
fop,Energy,1.2GHz,1200.0,2x,2.0,36,0.8371278999999999,0.79240628,0.8836068624999999,False
fop,Energy,1.2GHz,1200.0,2.5x,2.5,45,0.8809142,0.8424463949999998,0.9190499175,False
fop,Energy,1.2GHz,1200.0,3x,3.0,54,0.8772460000000001,0.8249625349999999,0.9230876775,False
fop,Energy,1.6GHz,1600.0,1x,1.0,18,1.0414248000000002,0.9970561625,1.0925595525,False
fop,Energy,1.6GHz,1600.0,1.5x,1.5,27,0.8058166999999999,0.7445722550000001,0.861766885,True
fop,Energy,1.6GHz,1600.0,2x,2.0,36,0.7559571999999999,0.7245655200000001,0.7807266724999999,True
fop,Energy,1.6GHz,1600.0,2.5x,2.5,45,0.7647703000000001,0.7226973150000001,0.80838742,True
fop,Energy,1.6GHz,1600.0,3x,3.0,54,0.7676756000000001,0.724549725,0.8283491325,True
fop,Energy,2.0GHz,2000.0,1x,1.0,18,1.1449036,1.05397649,1.25474066,False
fop,Energy,2.0GHz,2000.0,1.5x,1.5,27,0.8181517999999999,0.7473624324999999,0.8955187874999999,True
fop,Energy,2.0GHz,2000.0,2x,2.0,36,0.7920349,0.754005115,0.8282515399999999,True
fop,Energy,2.0GHz,2000.0,2.5x,2.5,45,0.7580444,0.7164158625,0.7905504175,True
fop,Energy,2.0GHz,2000.0,3x,3.0,54,0.8038695,0.7667963,0.84401043,True
fop,Energy,2.4GHz,2400.0,1x,1.0,18,1.1890382,1.135308085,1.2621056899999998,False
fop,Energy,2.4GHz,2400.0,1.5x,1.5,27,0.9200744,0.8544405575,0.9908534175,False
fop,Energy,2.4GHz,2400.0,2x,2.0,36,0.8600584999999998,0.7885498,0.9426644750000002,False
fop,Energy,2.4GHz,2400.0,2.5x,2.5,45,0.8667845999999999,0.805177125,0.9350318175000002,False
fop,Energy,2.4GHz,2400.0,3x,3.0,54,0.8939514999999998,0.83628529,0.9602502475,False
fop,Energy,2.7GHz,2700.0,1x,1.0,18,1.30932,1.2431860574999998,1.3845378325,False
fop,Energy,2.7GHz,2700.0,1.5x,1.5,27,0.9118775,0.8666897925,0.9687859275,False
fop,Energy,2.7GHz,2700.0,2x,2.0,36,0.8547306000000001,0.7898608100000001,0.909125655,False
fop,Energy,2.7GHz,2700.0,2.5x,2.5,45,0.9413452999999998,0.8610263025,1.0250667999999998,False
fop,Energy,2.7GHz,2700.0,3x,3.0,54,0.9122926,0.8697986350000001,0.96186007,False
fop,Time,400MHz,400.0,1x,1.0,18,1266.4,1214.3,1325.2,False
fop,Time,400MHz,400.0,1.5x,1.5,27,918.9,877.1,952.805,False
fop,Time,400MHz,400.0,2x,2.0,36,923.9,889.49,954.505,False
fop,Time,400MHz,400.0,2.5x,2.5,45,918.1,889.795,945.005,False
fop,Time,400MHz,400.0,3x,3.0,54,929.7,900.38,952.9,False
fop,Time,800MHz,800.0,1x,1.0,18,652.2,616.7975,703.205,False
fop,Time,800MHz,800.0,1.5x,1.5,27,489.8,477.3975,499.8025,False
fop,Time,800MHz,800.0,2x,2.0,36,490.4,466.2975,509.2,False
fop,Time,800MHz,800.0,2.5x,2.5,45,477.0,459.49,493.3025,False
fop,Time,800MHz,800.0,3x,3.0,54,485.7,468.9975,501.005,False
fop,Time,1.2GHz,1200.0,1x,1.0,18,466.0,436.3975,500.915,False
fop,Time,1.2GHz,1200.0,1.5x,1.5,27,335.7,314.995,359.3075,False
fop,Time,1.2GHz,1200.0,2x,2.0,36,319.2,300.3,340.4025,False
fop,Time,1.2GHz,1200.0,2.5x,2.5,45,338.4,322.8975,355.005,False
fop,Time,1.2GHz,1200.0,3x,3.0,54,337.7,316.6975,357.3075,False
fop,Time,1.6GHz,1600.0,1x,1.0,18,345.4,330.4875,362.6025,False
fop,Time,1.6GHz,1600.0,1.5x,1.5,27,267.0,247.5975,285.605,False
fop,Time,1.6GHz,1600.0,2x,2.0,36,249.1,238.3975,257.7025,False
fop,Time,1.6GHz,1600.0,2.5x,2.5,45,251.0,237.2975,264.4,False
fop,Time,1.6GHz,1600.0,3x,3.0,54,245.2,220.495,268.325,False
fop,Time,2.0GHz,2000.0,1x,1.0,18,298.0,276.395,322.8025,False
fop,Time,2.0GHz,2000.0,1.5x,1.5,27,216.2,198.6,238.505,False
fop,Time,2.0GHz,2000.0,2x,2.0,36,207.6,199.7975,217.4025,False
fop,Time,2.0GHz,2000.0,2.5x,2.5,45,200.6,190.1975,208.9,False
fop,Time,2.0GHz,2000.0,3x,3.0,54,210.9,200.2975,223.805,False
fop,Time,2.4GHz,2400.0,1x,1.0,18,249.7,237.9975,264.90999999999997,False
fop,Time,2.4GHz,2400.0,1.5x,1.5,27,194.4,180.295,210.3,False
fop,Time,2.4GHz,2400.0,2x,2.0,36,177.5,163.3,194.005,False
fop,Time,2.4GHz,2400.0,2.5x,2.5,45,181.9,168.3975,196.605,False
fop,Time,2.4GHz,2400.0,3x,3.0,54,187.5,175.79500000000002,201.9,False
fop,Time,2.7GHz,2700.0,1x,1.0,18,230.3,217.395,246.1,False
fop,Time,2.7GHz,2700.0,1.5x,1.5,27,161.6,153.8,170.6075,True
fop,Time,2.7GHz,2700.0,2x,2.0,36,150.3,140.4,159.1025,True
fop,Time,2.7GHz,2700.0,2.5x,2.5,45,166.3,152.7,181.3125,True
fop,Time,2.7GHz,2700.0,3x,3.0,54,161.2,153.29500000000002,170.1075,True
fop,EDP,400MHz,400.0,1x,1.0,18,3.0464199609,2.80099544164,3.340179192415,False
fop,EDP,400MHz,400.0,1.5x,1.5,27,1.6106554306,1.4672253192450002,1.7203582563600002,False
fop,EDP,400MHz,400.0,2x,2.0,36,1.6247236629,1.5083903925825,1.7220493167700002,False
fop,EDP,400MHz,400.0,2.5x,2.5,45,1.6114165168,1.5047608661399998,1.7083567057375,False
fop,EDP,400MHz,400.0,3x,3.0,54,1.6403252306999998,1.54750407851,1.7196798511175,False
fop,EDP,800MHz,800.0,1x,1.0,18,0.9243423242,0.8170810654550001,1.0822237274600002,False
fop,EDP,800MHz,800.0,1.5x,1.5,27,0.5195999274,0.4923526874225001,0.5403659512825,False
fop,EDP,800MHz,800.0,2x,2.0,36,0.5186457797000001,0.4735766151575,0.5575836935749999,False
fop,EDP,800MHz,800.0,2.5x,2.5,45,0.4925696204,0.45338156842,0.5290228074825001,False
fop,EDP,800MHz,800.0,3x,3.0,54,0.5083717915000001,0.4753711089625,0.5441251343050001,False
fop,EDP,1.2GHz,1200.0,1x,1.0,18,0.5659465814,0.491379537695,0.656704711595,False
fop,EDP,1.2GHz,1200.0,1.5x,1.5,27,0.2945347977,0.258716444245,0.338926724535,False
fop,EDP,1.2GHz,1200.0,2x,2.0,36,0.2696557168,0.2396556166374999,0.3027852965675,False
fop,EDP,1.2GHz,1200.0,2.5x,2.5,45,0.2998631568,0.2730047160175,0.3305179433699999,False
fop,EDP,1.2GHz,1200.0,3x,3.0,54,0.2988395796999999,0.26645873354,0.3325434848475,False
fop,EDP,1.6GHz,1600.0,1x,1.0,18,0.3616772584,0.332202589865,0.3971676289750001,False
fop,EDP,1.6GHz,1600.0,1.5x,1.5,27,0.2181299701,0.1896822086,0.25004184944,False
fop,EDP,1.6GHz,1600.0,2x,2.0,36,0.1890281084,0.172368795375,0.2010622736549999,False
fop,EDP,1.6GHz,1600.0,2.5x,2.5,45,0.1934911633,0.1729357205199999,0.2154416755074999,False
fop,EDP,1.6GHz,1600.0,3x,3.0,54,0.1912219772,0.163025170435,0.22833755199,False
fop,EDP,2.0GHz,2000.0,1x,1.0,18,0.3472895048999999,0.2898659765475,0.403926007965,False
fop,EDP,2.0GHz,2000.0,1.5x,1.5,27,0.1807338921,0.1492374750075,0.2164413912849999,False
fop,EDP,2.0GHz,2000.0,2x,2.0,36,0.1652683751999999,0.1513747696875,0.181835140115,False
fop,EDP,2.0GHz,2000.0,2.5x,2.5,45,0.1530072550999999,0.138821417,0.1650991107349999,True
fop,EDP,2.0GHz,2000.0,3x,3.0,54,0.1706846466,0.1539110229225,0.1899794554625,False
fop,EDP,2.4GHz,2400.0,1x,1.0,18,0.2990868453999999,0.270404288465,0.33740456973,False
fop,EDP,2.4GHz,2400.0,1.5x,1.5,27,0.1815972425,0.153575944915,0.20951802501,False
fop,EDP,2.4GHz,2400.0,2x,2.0,36,0.155777706,0.1308749747474999,0.1863333820324999,True
fop,EDP,2.4GHz,2400.0,2.5x,2.5,45,0.1599895652,0.138592555235,0.18640102997,True
fop,EDP,2.4GHz,2400.0,3x,3.0,54,0.1696817118999999,0.1482663624425,0.1965519349599999,False
fop,EDP,2.7GHz,2700.0,1x,1.0,18,0.3040078943999999,0.2697296511249999,0.3466106744225,False
fop,EDP,2.7GHz,2700.0,1.5x,1.5,27,0.1485656092,0.1344976491249999,0.1657850089949999,True
fop,EDP,2.7GHz,2700.0,2x,2.0,36,0.1300959448999999,0.11194210713,0.1451393901175,True
fop,EDP,2.7GHz,2700.0,2.5x,2.5,45,0.1598337456,0.1350606409625,0.1921242260249999,True
fop,EDP,2.7GHz,2700.0,3x,3.0,54,0.1481001123,0.133773369975,0.1653505914174999,True
fop,EDP2,400MHz,400.0,1x,1.0,18,7.367742576038944,6.388606652966742,8.444909737308844,False
fop,EDP2,400MHz,400.0,1.5x,1.5,27,2.8360408491858236,2.4566652282521177,3.128469170820505,False
fop,EDP2,400MHz,400.0,2x,2.0,36,2.864386131447628,2.5746719139268737,3.1100499829286896,False
fop,EDP2,400MHz,400.0,2.5x,2.5,45,2.835461715759576,2.587405740642694,3.0919011380605026,False
fop,EDP2,400MHz,400.0,3x,3.0,54,2.8995505612911003,2.640836460912223,3.120619968521517,False
fop,EDP2,800MHz,800.0,1x,1.0,18,1.329535276573106,1.0821130478172103,1.688995673023474,False
fop,EDP2,800MHz,800.0,1.5x,1.5,27,0.552015148608709,0.5117068924021496,0.5833737209721721,False
fop,EDP2,800MHz,800.0,2x,2.0,36,0.5512514258526375,0.4731281728505018,0.6089281885502245,False
fop,EDP2,800MHz,800.0,2.5x,2.5,45,0.5102615344985691,0.4536956332601127,0.5628575787041654,False
fop,EDP2,800MHz,800.0,3x,3.0,54,0.5339585247753476,0.4743413361867022,0.592403334547805,False
fop,EDP2,1.2GHz,1200.0,1x,1.0,18,0.6965868699926955,0.5607121137489963,0.8780707207081669,False
fop,EDP2,1.2GHz,1200.0,1.5x,1.5,27,0.2612381876499283,0.2163824052406629,0.3166802362854399,False
fop,EDP2,1.2GHz,1200.0,2x,2.0,36,0.2298371159490128,0.1901122664448972,0.275535620139971,False
fop,EDP2,1.2GHz,1200.0,2.5x,2.5,45,0.267331859498904,0.2322422694241496,0.3099277068732157,False
fop,EDP2,1.2GHz,1200.0,3x,3.0,54,0.2665551976249187,0.2237499705121012,0.3089097247654639,False
fop,EDP2,1.6GHz,1600.0,1x,1.0,18,0.38089691381872,0.3291574460288559,0.4393097676501991,False
fop,EDP2,1.6GHz,1600.0,1.5x,1.5,27,0.1806275679788469,0.1450511443181399,0.2226084187431309,False
fop,EDP2,1.6GHz,1600.0,2x,2.0,36,0.1439529459230358,0.1276132198846529,0.1570917826518945,True
fop,EDP2,1.6GHz,1600.0,2.5x,2.5,45,0.1503312796508228,0.1262953658953865,0.1747255275843242,True
fop,EDP2,1.6GHz,1600.0,3x,3.0,54,0.15128022739506,0.1186051983172747,0.1955040499742874,True
fop,EDP2,2.0GHz,2000.0,1x,1.0,18,0.4129679453470296,0.3113028885691986,0.5295983486284933,False
fop,EDP2,2.0GHz,2000.0,1.5x,1.5,27,0.1546160249709628,0.1119620571516329,0.2061925235317395,True
fop,EDP2,2.0GHz,2000.0,2x,2.0,36,0.1324175814703695,0.1145115668664323,0.1526678191602677,True
fop,EDP2,2.0GHz,2000.0,2.5x,2.5,45,0.1173617742946236,0.0997090277864395,0.1313439209138025,True
fop,EDP2,2.0GHz,2000.0,3x,3.0,54,0.1390730213086703,0.1195789506271178,0.1634144523055592,True
fop,EDP2,2.4GHz,2400.0,1x,1.0,18,0.3610651895012013,0.3092028197348533,0.4341633173606418,False
fop,EDP2,2.4GHz,2400.0,1.5x,1.5,27,0.1722119907993609,0.134692432047635,0.2158939185780882,False
fop,EDP2,2.4GHz,2400.0,2x,2.0,36,0.1399612954232642,0.1041462081329248,0.1829728386785075,True
fop,EDP2,2.4GHz,2400.0,2.5x,2.5,45,0.1427370417298298,0.1129031979006433,0.1793592419413572,True
fop,EDP2,2.4GHz,2400.0,3x,3.0,54,0.1556452146592669,0.1238980119643971,0.1981045256016842,True
fop,EDP2,2.7GHz,2700.0,1x,1.0,18,0.4047686130688698,0.3343586434912138,0.4812161516370817,False
fop,EDP2,2.7GHz,2700.0,1.5x,1.5,27,0.137841702317691,0.1160494290165839,0.1656045162728437,True
fop,EDP2,2.7GHz,2700.0,2x,2.0,36,0.1139010050476665,0.0933727857115135,0.1335064616084657,True
fop,EDP2,2.7GHz,2700.0,2.5x,2.5,45,0.1570860009728976,0.1185536292046931,0.2094562232149492,True
fop,EDP2,2.7GHz,2700.0,3x,3.0,54,0.1370852249984275,0.1170474717845938,0.1639281027175541,True
graphchi,Energy,400MHz,400.0,1x,1.0,141,28.99542229999999,27.863542397500005,30.022394205,False
graphchi,Energy,400MHz,400.0,2x,2.0,282,11.894927999999998,11.6048105525,12.3142115925,False
graphchi,Energy,400MHz,400.0,3x,3.0,423,10.9005188,10.77492644,11.0109380125,False
graphchi,Energy,400MHz,400.0,4x,4.0,564,9.9969728,9.8597084625,10.1422381425,False
graphchi,Energy,400MHz,400.0,5x,5.0,705,9.9536988,9.84656917,10.0681651125,False
graphchi,Energy,400MHz,400.0,6x,6.0,846,9.9619506,9.8688349375,10.074365405,False
graphchi,Energy,800MHz,800.0,1x,1.0,141,17.2740659,16.729688412500003,17.757563442499997,False
graphchi,Energy,800MHz,800.0,2x,2.0,282,6.829308899999999,6.788943205,6.86899965,False
graphchi,Energy,800MHz,800.0,3x,3.0,423,6.1043946,6.0711565175,6.1357307174999995,False
graphchi,Energy,800MHz,800.0,4x,4.0,564,5.6278258999999995,5.5950188249999995,5.661494555,False
graphchi,Energy,800MHz,800.0,5x,5.0,705,5.5814025,5.561991577500001,5.603865272499998,False
graphchi,Energy,800MHz,800.0,6x,6.0,846,5.5863893,5.5608004525,5.611024425,False
graphchi,Energy,1.2GHz,1200.0,1x,1.0,141,13.7373473,13.1547633775,14.244075092499996,False
graphchi,Energy,1.2GHz,1200.0,2x,2.0,282,5.2147581,5.196044792500001,5.23454032,False
graphchi,Energy,1.2GHz,1200.0,3x,3.0,423,4.6555722,4.6351176775,4.6748618975,False
graphchi,Energy,1.2GHz,1200.0,4x,4.0,564,4.3479063,4.306880897499999,4.3867825075,False
graphchi,Energy,1.2GHz,1200.0,5x,5.0,705,4.3022646,4.263225682499999,4.344834217500001,False
graphchi,Energy,1.2GHz,1200.0,6x,6.0,846,4.3036313,4.2752983375,4.339522082499999,False
graphchi,Energy,1.8GHz,1800.0,1x,1.0,141,13.2074708,12.8453111075,13.490550117500003,False
graphchi,Energy,1.8GHz,1800.0,2x,2.0,282,4.445922899999999,4.42784318,4.468362602499999,False
graphchi,Energy,1.8GHz,1800.0,3x,3.0,423,3.9558715,3.9352236975,3.9819510999999994,False
graphchi,Energy,1.8GHz,1800.0,4x,4.0,564,3.7569334,3.73695766,3.777664865,True
graphchi,Energy,1.8GHz,1800.0,5x,5.0,705,3.7235289,3.70317295,3.746369064999999,True
graphchi,Energy,1.8GHz,1800.0,6x,6.0,846,3.7377318,3.715634355,3.7607779949999993,True
graphchi,Energy,2.0GHz,2000.0,1x,1.0,141,14.2805115,13.858376314999996,14.714158049999998,False
graphchi,Energy,2.0GHz,2000.0,2x,2.0,282,4.4780212,4.46075405,4.4933874675,False
graphchi,Energy,2.0GHz,2000.0,3x,3.0,423,3.836438,3.7700081525,3.9109244475,False
graphchi,Energy,2.0GHz,2000.0,4x,4.0,564,3.7840272000000006,3.7633851475,3.803797725000001,False
graphchi,Energy,2.0GHz,2000.0,5x,5.0,705,3.741864300000001,3.719786940000001,3.763775292500001,True
graphchi,Energy,2.0GHz,2000.0,6x,6.0,846,3.773345999999999,3.7532309425,3.797645065,False
graphchi,Energy,2.4GHz,2400.0,1x,1.0,141,17.0900758,16.1173891,18.668364040000004,False
graphchi,Energy,2.4GHz,2400.0,2x,2.0,282,4.7328371,4.61258001,4.9045305875,False
graphchi,Energy,2.4GHz,2400.0,3x,3.0,423,3.9467165,3.93586389,3.958718035,False
graphchi,Energy,2.4GHz,2400.0,4x,4.0,564,3.9199768,3.9033785025000007,3.93803431,False
graphchi,Energy,2.4GHz,2400.0,5x,5.0,705,3.9512818999999992,3.9182097975,3.989053622500001,False
graphchi,Energy,2.4GHz,2400.0,6x,6.0,846,3.9254211,3.899257280000001,3.9501508825,False
graphchi,Energy,2.7GHz,2700.0,1x,1.0,141,18.4136232,17.890092572500002,18.984241365000003,False
graphchi,Energy,2.7GHz,2700.0,2x,2.0,282,4.7567870999999995,4.7312441025,4.7889234775,False
graphchi,Energy,2.7GHz,2700.0,3x,3.0,423,4.1598632,4.1360946300000005,4.1892836849999995,False
graphchi,Energy,2.7GHz,2700.0,4x,4.0,564,4.1632568,4.14231463,4.184351675,False
graphchi,Energy,2.7GHz,2700.0,5x,5.0,705,4.1357971,4.1151976475,4.1614296675,False
graphchi,Energy,2.7GHz,2700.0,6x,6.0,846,5.561401200000001,4.113634997500001,8.41588787,False
graphchi,Time,400MHz,400.0,1x,1.0,141,15987.8,15392.645,16512.5025,False
graphchi,Time,400MHz,400.0,2x,2.0,282,6018.2,5960.295,6084.205,False
graphchi,Time,400MHz,400.0,3x,3.0,423,5581.9,5556.4975,5606.31,False
graphchi,Time,400MHz,400.0,4x,4.0,564,5538.5,5517.295,5558.9,False
graphchi,Time,400MHz,400.0,5x,5.0,705,5531.1,5509.8975,5552.0075,False
graphchi,Time,400MHz,400.0,6x,6.0,846,5531.5,5515.097500000001,5550.1075,False
graphchi,Time,800MHz,800.0,1x,1.0,141,8406.0,8152.1275,8651.210000000001,False
graphchi,Time,800MHz,800.0,2x,2.0,282,3082.0,3068.8975,3095.4025,False
graphchi,Time,800MHz,800.0,3x,3.0,423,2789.9,2779.1975,2800.6025,False
graphchi,Time,800MHz,800.0,4x,4.0,564,2772.0,2761.595,2784.1,False
graphchi,Time,800MHz,800.0,5x,5.0,705,2753.4,2747.5975,2760.2,False
graphchi,Time,800MHz,800.0,6x,6.0,846,2749.8,2743.0975,2756.4025,False
graphchi,Time,1.2GHz,1200.0,1x,1.0,141,5724.9,5488.09,5930.6,False
graphchi,Time,1.2GHz,1200.0,2x,2.0,282,2052.3,2048.2,2056.3,False
graphchi,Time,1.2GHz,1200.0,3x,3.0,423,1845.5,1839.4,1852.4025,False
graphchi,Time,1.2GHz,1200.0,4x,4.0,564,1836.2,1829.3,1842.9,False
graphchi,Time,1.2GHz,1200.0,5x,5.0,705,1828.6,1822.1975,1835.1025,False
graphchi,Time,1.2GHz,1200.0,6x,6.0,846,1831.5,1828.0,1834.8025,False
graphchi,Time,1.8GHz,1800.0,1x,1.0,141,4107.9,4000.395,4200.31,False
graphchi,Time,1.8GHz,1800.0,2x,2.0,282,1377.9,1373.6,1382.7025,False
graphchi,Time,1.8GHz,1800.0,3x,3.0,423,1236.9,1232.7975,1241.5,False
graphchi,Time,1.8GHz,1800.0,4x,4.0,564,1224.8,1221.8,1227.7,False
graphchi,Time,1.8GHz,1800.0,5x,5.0,705,1216.9,1212.5975,1221.0,False
graphchi,Time,1.8GHz,1800.0,6x,6.0,846,1221.0,1216.9,1225.8,False
graphchi,Time,2.0GHz,2000.0,1x,1.0,141,3857.3,3772.865,3924.3525,False
graphchi,Time,2.0GHz,2000.0,2x,2.0,282,1250.2,1246.4,1253.5,False
graphchi,Time,2.0GHz,2000.0,3x,3.0,423,1108.4,1103.1,1114.7,False
graphchi,Time,2.0GHz,2000.0,4x,4.0,564,1107.1,1102.9,1110.8025,False
graphchi,Time,2.0GHz,2000.0,5x,5.0,705,1098.6,1093.1,1104.9025,False
graphchi,Time,2.0GHz,2000.0,6x,6.0,846,1102.0,1099.1975,1104.8,False
graphchi,Time,2.4GHz,2400.0,1x,1.0,141,3437.8,3375.49,3494.5225,False
graphchi,Time,2.4GHz,2400.0,2x,2.0,282,1047.7,1041.1,1054.6,False
graphchi,Time,2.4GHz,2400.0,3x,3.0,423,926.9,924.6975,929.4,False
graphchi,Time,2.4GHz,2400.0,4x,4.0,564,921.7,918.7,924.6,False
graphchi,Time,2.4GHz,2400.0,5x,5.0,705,922.2,918.1,927.4025,False
graphchi,Time,2.4GHz,2400.0,6x,6.0,846,920.5,916.4,924.5,False
graphchi,Time,2.7GHz,2700.0,1x,1.0,141,3171.4,3117.2925,3227.0025,False
graphchi,Time,2.7GHz,2700.0,2x,2.0,282,928.5,925.4,931.7,False
graphchi,Time,2.7GHz,2700.0,3x,3.0,423,827.3,823.9,831.6,False
graphchi,Time,2.7GHz,2700.0,4x,4.0,564,824.3,821.8,826.8,True
graphchi,Time,2.7GHz,2700.0,5x,5.0,705,819.5,817.5,821.9025,True
graphchi,Time,2.7GHz,2700.0,6x,6.0,846,1820.9,818.8,3822.7,True
graphchi,EDP,400MHz,400.0,1x,1.0,141,465.1934569450999,430.9683068799775,496.47074495391746,False
graphchi,EDP,400MHz,400.0,2x,2.0,282,71.6351997044,69.21969890397,74.64618252429999,False
graphchi,EDP,400MHz,400.0,3x,3.0,423,60.8509911475,59.9152498439225,61.6180569222225,False
graphchi,EDP,400MHz,400.0,4x,4.0,564,55.3727552301,54.4358064637675,56.3130594558825,False
graphchi,EDP,400MHz,400.0,5x,5.0,705,55.056670856,54.3426695791225,55.84443029811,False
graphchi,EDP,400MHz,400.0,6x,6.0,846,55.10697662470001,54.421745661550005,55.81630176687751,False
graphchi,EDP,800MHz,800.0,1x,1.0,141,145.57310897229996,136.9055592996875,153.86636280898998,False
graphchi,EDP,800MHz,800.0,2x,2.0,282,21.0487611502,20.873225564074996,21.243043547414995,False
graphchi,EDP,800MHz,800.0,3x,3.0,423,17.0312324541,16.884267592494997,17.171367340365,False
graphchi,EDP,800MHz,800.0,4x,4.0,564,15.6011075543,15.465985277035,15.753235212522505,False
graphchi,EDP,800MHz,800.0,5x,5.0,705,15.3680222243,15.289694138479996,15.461549660589997,False
graphchi,EDP,800MHz,800.0,6x,6.0,846,15.3618255499,15.25079188676,15.4642965534175,False
graphchi,EDP,1.2GHz,1200.0,1x,1.0,141,78.96993914880002,72.68369922504999,84.723414644435,False
graphchi,EDP,1.2GHz,1200.0,2x,2.0,282,10.7023227809,10.6540954450175,10.761094858247498,False
graphchi,EDP,1.2GHz,1200.0,3x,3.0,423,8.592060415099999,8.534852347885,8.657733046525001,False
graphchi,EDP,1.2GHz,1200.0,4x,4.0,564,7.9842088179,7.88052931191,8.0838008363,False
graphchi,EDP,1.2GHz,1200.0,5x,5.0,705,7.867524313200001,7.78188324693,7.971761261405001,False
graphchi,EDP,1.2GHz,1200.0,6x,6.0,846,7.882156863600001,7.825858608285,7.947880827287502,False
graphchi,EDP,1.8GHz,1800.0,1x,1.0,141,54.336489324,51.614017852535,56.71433197194,False
graphchi,EDP,1.8GHz,1800.0,2x,2.0,282,6.126249168799999,6.082263997902501,6.1739310035275,False
graphchi,EDP,1.8GHz,1800.0,3x,3.0,423,4.8931934826,4.8499856777675,4.935426955537499,False
graphchi,EDP,1.8GHz,1800.0,4x,4.0,564,4.6015946775,4.568989179395,4.6342153644825,False
graphchi,EDP,1.8GHz,1800.0,5x,5.0,705,4.5313803746,4.4935305353175,4.5743964329175,False
graphchi,EDP,1.8GHz,1800.0,6x,6.0,846,4.563984034300001,4.524513693489999,4.607437645747501,False
graphchi,EDP,2.0GHz,2000.0,1x,1.0,141,55.1616775733,52.32739033636499,57.80480002708251,False
graphchi,EDP,2.0GHz,2000.0,2x,2.0,282,5.5985540271,5.5582477357,5.6312481356175,False
graphchi,EDP,2.0GHz,2000.0,3x,3.0,423,4.2532871273,4.1620188264874995,4.3571394546199995,False
graphchi,EDP,2.0GHz,2000.0,4x,4.0,564,4.189456105700001,4.149903113480001,4.2193080176225,False
graphchi,EDP,2.0GHz,2000.0,5x,5.0,705,4.1110453545,4.06742698878,4.150110131865,False
graphchi,EDP,2.0GHz,2000.0,6x,6.0,846,4.158291386099999,4.128641929940001,4.1916846770925,False
graphchi,EDP,2.4GHz,2400.0,1x,1.0,141,58.818768451300016,54.609699435735,65.22206334265,False
graphchi,EDP,2.4GHz,2400.0,2x,2.0,282,4.960467577000001,4.8024398375825,5.162945633575,False
graphchi,EDP,2.4GHz,2400.0,3x,3.0,423,3.658281836000001,3.638670627597501,3.6793789086825,False
graphchi,EDP,2.4GHz,2400.0,4x,4.0,564,3.6131672902000007,3.586388429975,3.642046581375,False
graphchi,EDP,2.4GHz,2400.0,5x,5.0,705,3.6442673058,3.5940215574275,3.6978945058375,False
graphchi,EDP,2.4GHz,2400.0,6x,6.0,846,3.6136196512,3.5744852800324995,3.6540328170875,False
graphchi,EDP,2.7GHz,2700.0,1x,1.0,141,58.4347447481,56.01495440498501,60.90723958988,False
graphchi,EDP,2.7GHz,2700.0,2x,2.0,282,4.416817142899999,4.380519959345,4.458872822802501,False
graphchi,EDP,2.7GHz,2700.0,3x,3.0,423,3.4417110721,3.4076402579225,3.4834055989075,True
graphchi,EDP,2.7GHz,2700.0,4x,4.0,564,3.4318717591000003,3.4059764960775,3.45668552595,True
graphchi,EDP,2.7GHz,2700.0,5x,5.0,705,3.3893733362999994,3.365757433925,3.4161274223075,True
graphchi,EDP,2.7GHz,2700.0,6x,6.0,846,22.954959067300003,3.372001679565,62.09024344987502,True
graphchi,EDP2,400MHz,400.0,1x,1.0,141,13583.27250720317,12082.415853469152,14831.149636434637,False
graphchi,EDP2,400MHz,400.0,2x,2.0,282,854.7227874597911,806.2337728902188,928.2239808699004,False
graphchi,EDP2,400MHz,400.0,3x,3.0,423,663.5708651615126,645.526410344098,678.7747561158968,False
graphchi,EDP2,400MHz,400.0,4x,4.0,564,553.8837322211416,537.561961324313,570.9441709014659,False
graphchi,EDP2,400MHz,400.0,5x,5.0,705,548.2169747176682,535.7901312098021,561.5160200015935,False
graphchi,EDP2,400MHz,400.0,6x,6.0,846,549.1582952431193,537.7740001542926,561.1692723303088,False
graphchi,EDP2,800MHz,800.0,1x,1.0,141,2527.0125547496564,2294.3928658502473,2728.9537777292303,False
graphchi,EDP2,800MHz,800.0,2x,2.0,282,143.76757866203974,141.90434535929032,146.0892594421507,False
graphchi,EDP2,800MHz,800.0,3x,3.0,423,103.97658903734116,102.54467541539238,105.30817407625422,False
graphchi,EDP2,800MHz,800.0,4x,4.0,564,87.81266186516771,86.50231260113745,89.18245734795225,False
graphchi,EDP2,800MHz,800.0,5x,5.0,705,85.77980354562223,84.99127899435024,86.64212397888595,False
graphchi,EDP2,800MHz,800.0,6x,6.0,846,85.82402303470715,84.87496785892573,86.78022693071517,False
graphchi,EDP2,1.2GHz,1200.0,1x,1.0,141,1093.8122031930047,972.1888976338556,1215.7121253254732,False
graphchi,EDP2,1.2GHz,1200.0,2x,2.0,282,55.812514118642206,55.38038962476059,56.34346084369814,False
graphchi,EDP2,1.2GHz,1200.0,3x,3.0,423,40.00404324565991,39.558728853641384,40.458205274401024,False
graphchi,EDP2,1.2GHz,1200.0,4x,4.0,564,34.72542270450068,33.94768177339341,35.52962281848174,False
graphchi,EDP2,1.2GHz,1200.0,5x,5.0,705,33.85856245187274,33.22099796854632,34.60642154663343,False
graphchi,EDP2,1.2GHz,1200.0,6x,6.0,846,33.92722232594931,33.46920309409844,34.501333059439666,False
graphchi,EDP2,1.8GHz,1800.0,1x,1.0,141,719.7736737542615,668.6600060883662,766.6775008799029,False
graphchi,EDP2,1.8GHz,1800.0,2x,2.0,282,27.239354867901255,26.935198355559447,27.581025961752825,False
graphchi,EDP2,1.8GHz,1800.0,3x,3.0,423,19.35941433187282,19.070619724604622,19.642443516108795,False
graphchi,EDP2,1.8GHz,1800.0,4x,4.0,564,17.289551691671072,17.09507949176118,17.51784346511741,False
graphchi,EDP2,1.8GHz,1800.0,5x,5.0,705,16.875108640720306,16.61877272672666,17.136756204056045,False
graphchi,EDP2,1.8GHz,1800.0,6x,6.0,846,17.06141661593165,16.805167636518,17.333830463026793,False
graphchi,EDP2,2.0GHz,2000.0,1x,1.0,141,790.8149607162011,728.363591727015,851.2382157360986,False
graphchi,EDP2,2.0GHz,2000.0,2x,2.0,282,25.071983233541257,24.809559707226793,25.310810316753468,False
graphchi,EDP2,2.0GHz,2000.0,3x,3.0,423,16.33536588645559,15.674158672239532,17.07337572077889,False
graphchi,EDP2,2.0GHz,2000.0,4x,4.0,564,15.85490949326906,15.626412830246991,16.03761292058916,False
graphchi,EDP2,2.0GHz,2000.0,5x,5.0,705,15.385161458785172,15.147968500032624,15.6225241001416,False
graphchi,EDP2,2.0GHz,2000.0,6x,6.0,846,15.692408447379057,15.501938961215112,15.923151718388985,False
graphchi,EDP2,2.4GHz,2400.0,1x,1.0,141,1024.6660188527792,879.679282119502,1265.1485308685114,False
graphchi,EDP2,2.4GHz,2400.0,2x,2.0,282,23.54683883486184,22.20569876470731,25.499194418728976,False
graphchi,EDP2,2.4GHz,2400.0,3x,3.0,423,14.438797011964564,14.330179420413,14.572452510016848,False
graphchi,EDP2,2.4GHz,2400.0,4x,4.0,564,14.164753598187923,14.002768814545988,14.319005844478268,True
graphchi,EDP2,2.4GHz,2400.0,5x,5.0,705,14.404355432683465,14.086293882980875,14.769836149543837,True
graphchi,EDP2,2.4GHz,2400.0,6x,6.0,846,14.187633733736613,13.934895351909889,14.42462249213987,True
graphchi,EDP2,2.7GHz,2700.0,1x,1.0,141,1079.598324918539,999.716978006816,1160.7970112131272,False
graphchi,EDP2,2.7GHz,2700.0,2x,2.0,282,21.012498557411327,20.73391573761103,21.355983929432124,False
graphchi,EDP2,2.7GHz,2700.0,3x,3.0,423,14.319728656553448,14.087606431984788,14.594919385121004,True
graphchi,EDP2,2.7GHz,2700.0,4x,4.0,564,14.289131006901188,14.123628091805037,14.480698184036465,True
graphchi,EDP2,2.7GHz,2700.0,5x,5.0,705,14.019310964599857,13.84399891985984,14.214538790786596,True
graphchi,EDP2,2.7GHz,2700.0,6x,6.0,846,378.5253621151886,13.86481629418804,1107.520429685518,True
h2,Energy,400MHz,400.0,1x,1.0,69,7.9459777,7.72942681,8.207907145,False
h2,Energy,400MHz,400.0,2x,2.0,138,4.4821290000000005,4.253290085,4.689950807499999,False
h2,Energy,400MHz,400.0,3x,3.0,207,4.585406600000001,4.3510499199999995,4.752015605,False
h2,Energy,400MHz,400.0,4x,4.0,276,4.6883056000000005,4.567713005,4.79062984,False
h2,Energy,400MHz,400.0,5x,5.0,345,3.8832214,3.6657419175,4.0771519325,False
h2,Energy,400MHz,400.0,6x,6.0,414,3.9817199000000008,3.9162295525,4.0518860525,False
h2,Energy,800MHz,800.0,1x,1.0,69,4.206042399999999,4.061924732499999,4.349569292499999,False
h2,Energy,800MHz,800.0,2x,2.0,138,2.768744,2.5765157325000003,2.922747805,False
h2,Energy,800MHz,800.0,3x,3.0,207,2.9039304,2.8379432,2.9899998675000004,False
h2,Energy,800MHz,800.0,4x,4.0,276,3.1208985,2.9254339375,3.3693415525,False
h2,Energy,800MHz,800.0,5x,5.0,345,2.2418763,2.1671299200000003,2.3217507700000004,False
h2,Energy,800MHz,800.0,6x,6.0,414,2.2956723,2.2131595625,2.3875171475000005,False
h2,Energy,1.2GHz,1200.0,1x,1.0,69,3.2907960000000003,3.0354006375,3.459912,False
h2,Energy,1.2GHz,1200.0,2x,2.0,138,1.7564148000000004,1.728508665,1.7877197475,False
h2,Energy,1.2GHz,1200.0,3x,3.0,207,2.1436521999999996,1.976266485,2.2881126574999997,False
h2,Energy,1.2GHz,1200.0,4x,4.0,276,2.4482850000000003,2.3353222025,2.6228785524999996,False
h2,Energy,1.2GHz,1200.0,5x,5.0,345,1.7378294,1.6652205175,1.81324101,False
h2,Energy,1.2GHz,1200.0,6x,6.0,414,1.7544677,1.6783332575,1.8454028975,False
h2,Energy,1.8GHz,1800.0,1x,1.0,69,2.9407105,2.67127397,3.1097770425,False
h2,Energy,1.8GHz,1800.0,2x,2.0,138,2.0507019000000004,1.92014607,2.1332694425,False
h2,Energy,1.8GHz,1800.0,3x,3.0,207,1.5892944999999998,1.536190085,1.6456749924999998,True
h2,Energy,1.8GHz,1800.0,4x,4.0,276,2.0913695999999997,2.0586569875,2.1284264925,False
h2,Energy,1.8GHz,1800.0,5x,5.0,345,1.6076048,1.5462630674999998,1.6723363249999998,True
h2,Energy,1.8GHz,1800.0,6x,6.0,414,1.5844605,1.5290449700000002,1.6416321525000002,True
h2,Energy,2.0GHz,2000.0,1x,1.0,69,3.1813903999999997,3.1252736325000003,3.2369815025000004,False
h2,Energy,2.0GHz,2000.0,2x,2.0,138,2.0998291,2.034490535,2.16526922,False
h2,Energy,2.0GHz,2000.0,3x,3.0,207,1.8152954,1.6406549325000002,1.9962030875,True
h2,Energy,2.0GHz,2000.0,4x,4.0,276,2.1109374999999995,2.0652027325000004,2.1570092350000003,False
h2,Energy,2.0GHz,2000.0,5x,5.0,345,1.6097837,1.56611564,1.65745205,True
h2,Energy,2.0GHz,2000.0,6x,6.0,414,1.6054993999999998,1.5753572975,1.6324867075,True
h2,Energy,2.4GHz,2400.0,1x,1.0,69,3.4085391,3.3142180674999997,3.491168612499999,False
h2,Energy,2.4GHz,2400.0,2x,2.0,138,2.1411746000000003,2.04929539,2.2152880725,False
h2,Energy,2.4GHz,2400.0,3x,3.0,207,2.2423583,2.1896514250000005,2.3021537425,False
h2,Energy,2.4GHz,2400.0,4x,4.0,276,2.2566346000000004,2.1991535225,2.3221131699999997,False
h2,Energy,2.4GHz,2400.0,5x,5.0,345,1.6674255000000002,1.5911905675000002,1.73239898,True
h2,Energy,2.4GHz,2400.0,6x,6.0,414,1.6466919,1.587191525,1.6949299400000002,True
h2,Energy,2.7GHz,2700.0,1x,1.0,69,3.4591554,3.1399598375,3.650430215,False
h2,Energy,2.7GHz,2700.0,2x,2.0,138,2.3259523,2.1629246,2.513901795,False
h2,Energy,2.7GHz,2700.0,3x,3.0,207,2.3538696000000003,2.2979540700000007,2.4341784825,False
h2,Energy,2.7GHz,2700.0,4x,4.0,276,2.1007813,1.9214374725000003,2.2788034349999995,False
h2,Energy,2.7GHz,2700.0,5x,5.0,345,1.8500366,1.82140408,1.880655965,False
h2,Energy,2.7GHz,2700.0,6x,6.0,414,1.8043031,1.7411188975,1.8633290925,False
h2,Time,400MHz,400.0,1x,1.0,69,4085.9,3997.86,4155.8125,False
h2,Time,400MHz,400.0,2x,2.0,138,2110.9,2043.4425,2187.8250000000003,False
h2,Time,400MHz,400.0,3x,3.0,207,2120.8,2017.9975,2194.7124999999996,False
h2,Time,400MHz,400.0,4x,4.0,276,2179.1,2131.9675,2219.3,False
h2,Time,400MHz,400.0,5x,5.0,345,2073.8,1970.99,2168.01,False
h2,Time,400MHz,400.0,6x,6.0,414,2148.7,2113.595,2191.005,False
h2,Time,800MHz,800.0,1x,1.0,69,1990.1,1922.6625,2053.1075,False
h2,Time,800MHz,800.0,2x,2.0,138,1122.0,1086.095,1157.1125,False
h2,Time,800MHz,800.0,3x,3.0,207,1141.8,1115.6,1174.7075,False
h2,Time,800MHz,800.0,4x,4.0,276,1179.8,1116.495,1254.3275,False
h2,Time,800MHz,800.0,5x,5.0,345,1059.2,1023.0975,1101.505,False
h2,Time,800MHz,800.0,6x,6.0,414,1078.7,1041.7925,1117.01,False
h2,Time,1.2GHz,1200.0,1x,1.0,69,1317.5,1211.38,1384.4025,False
h2,Time,1.2GHz,1200.0,2x,2.0,138,696.7,682.695,710.5,False
h2,Time,1.2GHz,1200.0,3x,3.0,207,689.2,657.8925,719.5,False
h2,Time,1.2GHz,1200.0,4x,4.0,276,753.5,733.295,775.9025,False
h2,Time,1.2GHz,1200.0,5x,5.0,345,685.0,655.2874999999999,709.0025,False
h2,Time,1.2GHz,1200.0,6x,6.0,414,671.3,653.7975,687.605,False
h2,Time,1.8GHz,1800.0,1x,1.0,69,885.7,809.29,934.615,False
h2,Time,1.8GHz,1800.0,2x,2.0,138,500.7,485.5,514.7075,False
h2,Time,1.8GHz,1800.0,3x,3.0,207,464.3,450.5875,477.8025,False
h2,Time,1.8GHz,1800.0,4x,4.0,276,493.6,488.1,499.1025,False
h2,Time,1.8GHz,1800.0,5x,5.0,345,473.1,454.1975,495.7025,False
h2,Time,1.8GHz,1800.0,6x,6.0,414,466.6,451.5975,484.3025,False
h2,Time,2.0GHz,2000.0,1x,1.0,69,846.2,834.5,859.71,False
h2,Time,2.0GHz,2000.0,2x,2.0,138,448.4,434.9975,463.8075,False
h2,Time,2.0GHz,2000.0,3x,3.0,207,431.4,415.995,447.5025,False
h2,Time,2.0GHz,2000.0,4x,4.0,276,450.8,441.6975,460.3,False
h2,Time,2.0GHz,2000.0,5x,5.0,345,419.7,409.295,430.6025,False
h2,Time,2.0GHz,2000.0,6x,6.0,414,421.2,413.5975,428.0,False
h2,Time,2.4GHz,2400.0,1x,1.0,69,709.1,690.7,725.41,False
h2,Time,2.4GHz,2400.0,2x,2.0,138,364.8,347.8925,376.6,False
h2,Time,2.4GHz,2400.0,3x,3.0,207,380.6,370.4975,391.0,False
h2,Time,2.4GHz,2400.0,4x,4.0,276,386.2,376.6,398.0025,False
h2,Time,2.4GHz,2400.0,5x,5.0,345,343.0,326.4,356.3025,False
h2,Time,2.4GHz,2400.0,6x,6.0,414,341.8,331.795,350.6,False
h2,Time,2.7GHz,2700.0,1x,1.0,69,607.3,559.3925,641.2125000000001,False
h2,Time,2.7GHz,2700.0,2x,2.0,138,328.7,310.2975,346.015,True
h2,Time,2.7GHz,2700.0,3x,3.0,207,340.3,331.7975,349.6,False
h2,Time,2.7GHz,2700.0,4x,4.0,276,330.3,319.0,341.5025,False
h2,Time,2.7GHz,2700.0,5x,5.0,345,319.1,313.6,324.9025,True
h2,Time,2.7GHz,2700.0,6x,6.0,414,309.8,301.3,317.605,True
h2,EDP,400MHz,400.0,1x,1.0,69,32.470409074399996,31.307794779632506,33.6989206997,False
h2,EDP,400MHz,400.0,2x,2.0,138,9.5000919224,8.749032494242499,10.2548190670675,False
h2,EDP,400MHz,400.0,3x,3.0,207,9.776740861300002,8.8821604324625,10.427044124585,False
h2,EDP,400MHz,400.0,4x,4.0,276,10.227838319,9.7466303361525,10.6564092980825,False
h2,EDP,400MHz,400.0,5x,5.0,345,8.1019391324,7.314023241067499,8.805680863925,False
h2,EDP,400MHz,400.0,6x,6.0,414,8.561340790500001,8.289154409465,8.8660424452275,False
h2,EDP,800MHz,800.0,1x,1.0,69,8.394431056199998,7.851066616822499,8.9206061616975,False
h2,EDP,800MHz,800.0,2x,2.0,138,3.1188441408000003,2.860300842395,3.4128132454599993,False
h2,EDP,800MHz,800.0,3x,3.0,207,3.321299966,3.1673707052,3.51234453201,False
h2,EDP,800MHz,800.0,4x,4.0,276,3.7221175092,3.2887944904500004,4.308631905745001,False
h2,EDP,800MHz,800.0,5x,5.0,345,2.3826146706,2.2293293852825,2.5693634162875,False
h2,EDP,800MHz,800.0,6x,6.0,414,2.4848747126000004,2.2918113764925,2.6916114643425,False
h2,EDP,1.2GHz,1200.0,1x,1.0,69,4.3856430523,3.8079381656375015,4.8027141353600005,False
h2,EDP,1.2GHz,1200.0,2x,2.0,138,1.2245559244,1.1852207726,1.26919651678,False
h2,EDP,1.2GHz,1200.0,3x,3.0,207,1.4869911723999998,1.31512310612,1.644973822085,False
h2,EDP,1.2GHz,1200.0,4x,4.0,276,1.8518037923999997,1.718984636365,2.042958546145,False
h2,EDP,1.2GHz,1200.0,5x,5.0,345,1.195275379,1.1009157101475004,1.2932988219175,False
h2,EDP,1.2GHz,1200.0,6x,6.0,414,1.1780715485000002,1.11281874776,1.2356608944349998,False
h2,EDP,1.8GHz,1800.0,1x,1.0,69,2.6440325719999995,2.2357562288300006,2.90818119355,False
h2,EDP,1.8GHz,1800.0,2x,2.0,138,1.0302535944,0.937555730375,1.1029098228574998,False
h2,EDP,1.8GHz,1800.0,3x,3.0,207,0.7398514338,0.6921365074450001,0.7902979656025,False
h2,EDP,1.8GHz,1800.0,4x,4.0,276,1.0326978816,1.0078229802974998,1.0610468030975,False
h2,EDP,1.8GHz,1800.0,5x,5.0,345,0.7639425688000001,0.7048475573799999,0.8357781729075,False
h2,EDP,1.8GHz,1800.0,6x,6.0,414,0.7417285133999999,0.68885821248,0.7968804859025002,False
h2,EDP,2.0GHz,2000.0,1x,1.0,69,2.6938638807,2.6076121149499993,2.7905265836575004,False
h2,EDP,2.0GHz,2000.0,2x,2.0,138,0.944125237,0.887199029015,1.00454552395,False
h2,EDP,2.0GHz,2000.0,3x,3.0,207,0.7902936423,0.6957926591175001,0.9006489323525,False
h2,EDP,2.0GHz,2000.0,4x,4.0,276,0.9527292295,0.911416219535,0.996181866925,False
h2,EDP,2.0GHz,2000.0,5x,5.0,345,0.6768261237,0.6427266793824999,0.7125388063574999,False
h2,EDP,2.0GHz,2000.0,6x,6.0,414,0.67665179,0.650794258655,0.6958276972649999,False
h2,EDP,2.4GHz,2400.0,1x,1.0,69,2.4207845248999997,2.302338130305001,2.5311454427875004,False
h2,EDP,2.4GHz,2400.0,2x,2.0,138,0.7842402181,0.7220971980324999,0.832074512775,False
h2,EDP,2.4GHz,2400.0,3x,3.0,207,0.8549529477,0.811836334,0.9005192882625,False
h2,EDP,2.4GHz,2400.0,4x,4.0,276,0.8731620676000003,0.8310327180200002,0.9248459951425,False
h2,EDP,2.4GHz,2400.0,5x,5.0,345,0.5747163881,0.5260921296300001,0.6167896376025,True
h2,EDP,2.4GHz,2400.0,6x,6.0,414,0.5641837727000001,0.5215851611799999,0.592057451185,True
h2,EDP,2.7GHz,2700.0,1x,1.0,69,2.1299479182,1.8242368047825,2.3497534869725,False
h2,EDP,2.7GHz,2700.0,2x,2.0,138,0.7716293492999999,0.6768404230349999,0.8694698166224999,False
h2,EDP,2.7GHz,2700.0,3x,3.0,207,0.8024706514,0.763726789135,0.8483637005274999,False
h2,EDP,2.7GHz,2700.0,4x,4.0,276,0.6985328788,0.6250416681175001,0.7767153353399999,False
h2,EDP,2.7GHz,2700.0,5x,5.0,345,0.5907449712000001,0.5726909865400001,0.6102158059925,True
h2,EDP,2.7GHz,2700.0,6x,6.0,414,0.5601471354,0.52624877622,0.59188797396,True
h2,EDP2,400MHz,400.0,1x,1.0,69,258.6422088772453,243.065195850875,276.72264455271386,False
h2,EDP2,400MHz,400.0,2x,2.0,138,43.01667528488304,37.57830916685163,48.982724295559805,False
h2,EDP2,400MHz,400.0,3x,3.0,207,45.27809018368916,39.409863352934195,49.716587045084054,False
h2,EDP2,400MHz,400.0,4x,4.0,276,48.07435667047082,44.33570538500697,50.836773608678456,False
h2,EDP2,400MHz,400.0,5x,5.0,345,31.859034344527423,27.335854098246568,36.615802119111855,False
h2,EDP2,400MHz,400.0,6x,6.0,414,34.137321226543534,32.559054650051856,35.910107532917706,False
h2,EDP2,800MHz,800.0,1x,1.0,69,35.510980417999875,31.813312285049168,38.9580406413813,False
h2,EDP2,800MHz,800.0,2x,2.0,138,8.760690598853245,7.398670564656648,10.1476364458646,False
h2,EDP2,800MHz,800.0,3x,3.0,207,9.6772726956376,8.996772222891833,10.582922280653284,False
h2,EDP2,800MHz,800.0,4x,4.0,276,11.930268003262638,9.612835160715148,15.179792414975942,False
h2,EDP2,800MHz,800.0,5x,5.0,345,5.377133928708405,4.826212125336962,5.993757552923516,False
h2,EDP2,800MHz,800.0,6x,6.0,414,5.747755829997708,5.108737500739527,6.423350693086489,False
h2,EDP2,1.2GHz,1200.0,1x,1.0,69,14.72711018899154,12.348007265062728,16.579950620218558,False
h2,EDP2,1.2GHz,1200.0,2x,2.0,138,2.15391534547324,2.0445935266052184,2.2643462714615783,False
h2,EDP2,1.2GHz,1200.0,3x,3.0,207,3.2534028428692734,2.6553662904360302,3.838147869723263,False
h2,EDP2,1.2GHz,1200.0,4x,4.0,276,4.594382613057363,4.024532755796393,5.432415870261319,False
h2,EDP2,1.2GHz,1200.0,5x,5.0,345,2.0954103283131587,1.8418894457416832,2.3571873571727027,False
h2,EDP2,1.2GHz,1200.0,6x,6.0,414,2.0776438581520735,1.8915386970223451,2.2620255630112527,False
h2,EDP2,1.8GHz,1800.0,1x,1.0,69,7.980484630886016,6.58544901688406,9.019308701444936,False
h2,EDP2,1.8GHz,1800.0,2x,2.0,138,2.134702001543848,1.837785696611236,2.3455891738076757,False
h2,EDP2,1.8GHz,1800.0,3x,3.0,207,1.1831479954153885,1.0655770364141046,1.3140332244492738,False
h2,EDP2,1.8GHz,1800.0,4x,4.0,276,2.1622072971321753,2.074184397281188,2.2602429927456833,False
h2,EDP2,1.8GHz,1800.0,5x,5.0,345,1.2389873742117383,1.0938655918399864,1.4099926591475247,False
h2,EDP2,1.8GHz,1800.0,6x,6.0,414,1.1832951843501691,1.0653194073264405,1.3244219604687908,False
h2,EDP2,2.0GHz,2000.0,1x,1.0,69,8.584050166927579,8.180641899388684,9.044836330737953,False
h2,EDP2,2.0GHz,2000.0,2x,2.0,138,1.993207437306456,1.8147687660975764,2.1998975014825466,False
h2,EDP2,2.0GHz,2000.0,3x,3.0,207,1.485333464144794,1.1435570067376777,1.832607649603727,False
h2,EDP2,2.0GHz,2000.0,4x,4.0,276,2.0160699823077097,1.8908799771519311,2.1510405530885057,False
h2,EDP2,2.0GHz,2000.0,5x,5.0,345,1.093712542090155,1.0080780271746592,1.189541098202325,False
h2,EDP2,2.0GHz,2000.0,6x,6.0,414,1.0879128761285304,1.0301554260572876,1.1353021796706797,False
h2,EDP2,2.4GHz,2400.0,1x,1.0,69,8.277744123892134,7.649945277672322,8.86012444547238,False
h2,EDP2,2.4GHz,2400.0,2x,2.0,138,1.691697980394937,1.4852165412735163,1.849565988311248,False
h2,EDP2,2.4GHz,2400.0,3x,3.0,207,1.9239340930335935,1.7849920525912375,2.0767228189302935,False
h2,EDP2,2.4GHz,2400.0,4x,4.0,276,1.97802943759839,1.8305808275444593,2.1450882146794337,False
h2,EDP2,2.4GHz,2400.0,5x,5.0,345,0.9674206250182342,0.8361905808695624,1.066277562417958,True
h2,EDP2,2.4GHz,2400.0,6x,6.0,414,0.933799837653288,0.8417701931832161,1.006619993031989,True
h2,EDP2,2.7GHz,2700.0,1x,1.0,69,7.54603089215845,6.189020586953402,8.611448407291942,False
h2,EDP2,2.7GHz,2700.0,2x,2.0,138,1.8377391659403328,1.4624434115664746,2.2214989064082102,False
h2,EDP2,2.7GHz,2700.0,3x,3.0,207,1.8963002404321252,1.756910140619516,2.056907021013942,False
h2,EDP2,2.7GHz,2700.0,4x,4.0,276,1.5048596159785457,1.221057963673774,1.7898992374965583,False
h2,EDP2,2.7GHz,2700.0,5x,5.0,345,1.094380187786204,1.040809777974174,1.151902294482627,False
h2,EDP2,2.7GHz,2700.0,6x,6.0,414,1.015764458082446,0.9172992044383982,1.1040659242712605,True
jme,Energy,400MHz,400.0,1x,1.0,29,8.5073241,7.852086320000001,9.2870691225,False
jme,Energy,400MHz,400.0,2x,2.0,58,6.425591899999999,5.9026162575,6.8514973674999995,False
jme,Energy,400MHz,400.0,3x,3.0,87,5.684777599999999,5.03498069,6.2777960875,False
jme,Energy,400MHz,400.0,4x,4.0,116,5.0937072,4.252328145000001,5.88559304,False
jme,Energy,400MHz,400.0,5x,5.0,145,5.1947875,4.508387420000001,5.8390460975,False
jme,Energy,400MHz,400.0,6x,6.0,174,5.6524293,4.9396498925,6.1119069525,False
jme,Energy,800MHz,800.0,1x,1.0,29,6.4191284,5.9700177,6.894575525,False
jme,Energy,800MHz,800.0,2x,2.0,58,3.3770812999999995,3.06570931,3.6438199499999993,False
jme,Energy,800MHz,800.0,3x,3.0,87,3.0431152,2.54677669,3.4870100675,False
jme,Energy,800MHz,800.0,4x,4.0,116,3.1404053,2.7406091125,3.5878968375,False
jme,Energy,800MHz,800.0,5x,5.0,145,3.465625,3.2531222074999997,3.67875609,False
jme,Energy,800MHz,800.0,6x,6.0,174,3.3841677,3.0219439525,3.713478255,False
jme,Energy,1.2GHz,1200.0,1x,1.0,29,4.2606567,4.0439772750000005,4.5095780575,False
jme,Energy,1.2GHz,1200.0,2x,2.0,58,2.6487548,2.3749032974999995,2.906892585,False
jme,Energy,1.2GHz,1200.0,3x,3.0,87,2.5549866,2.2802175225,2.8094928525,False
jme,Energy,1.2GHz,1200.0,4x,4.0,116,2.7841673000000005,2.600763765,2.9559884025,False
jme,Energy,1.2GHz,1200.0,5x,5.0,145,2.8757510999999996,2.69692896,3.0156109200000003,False
jme,Energy,1.2GHz,1200.0,6x,6.0,174,2.7143922,2.4318796975,2.9640677749999997,False
jme,Energy,1.6GHz,1600.0,1x,1.0,29,3.4664977,3.1719706625,3.7957654925,False
jme,Energy,1.6GHz,1600.0,2x,2.0,58,2.6310972,2.414639345,2.8473441449999997,False
jme,Energy,1.6GHz,1600.0,3x,3.0,87,1.9956969,1.82279492,2.1633195724999994,True
jme,Energy,1.6GHz,1600.0,4x,4.0,116,2.2145998,1.92243074,2.4960436975,False
jme,Energy,1.6GHz,1600.0,5x,5.0,145,1.9976378999999995,1.7720532625000005,2.22491478,True
jme,Energy,1.6GHz,1600.0,6x,6.0,174,2.391394,2.1409105724999997,2.6201867925,False
jme,Energy,2.0GHz,2000.0,1x,1.0,29,4.1179565,3.6976312925,4.5117100699999995,False
jme,Energy,2.0GHz,2000.0,2x,2.0,58,2.0730837,1.74901728,2.3815738875,True
jme,Energy,2.0GHz,2000.0,3x,3.0,87,2.258368,2.0139157050000005,2.4933744300000003,False
jme,Energy,2.0GHz,2000.0,4x,4.0,116,2.1230347000000003,1.9632100700000004,2.2793593275000004,False
jme,Energy,2.0GHz,2000.0,5x,5.0,145,2.2213196,1.9464718975000004,2.50436747,False
jme,Energy,2.0GHz,2000.0,6x,6.0,174,1.7612730999999997,1.59900816,1.9196119224999997,True
jme,Energy,2.4GHz,2400.0,1x,1.0,29,4.078210700000001,3.620783489999999,4.5372155675,False
jme,Energy,2.4GHz,2400.0,2x,2.0,58,1.9086977,1.6847020375,2.1803497450000004,True
jme,Energy,2.4GHz,2400.0,3x,3.0,87,2.0470398,1.8718397950000003,2.237528215,True
jme,Energy,2.4GHz,2400.0,4x,4.0,116,2.0763734000000005,1.8399530125000003,2.3258774275000005,True
jme,Energy,2.4GHz,2400.0,5x,5.0,145,1.9986144,1.6807267175000002,2.3735114825,True
jme,Energy,2.4GHz,2400.0,6x,6.0,174,2.2593203,2.01848587,2.494988205,False
jme,Energy,2.7GHz,2700.0,1x,1.0,29,4.307788100000001,3.868223145,4.800683555,False
jme,Energy,2.7GHz,2700.0,2x,2.0,58,2.318976,1.9922600475000003,2.6702147625,False
jme,Energy,2.7GHz,2700.0,3x,3.0,87,2.3928038999999997,2.018808945,2.7922892425000003,False
jme,Energy,2.7GHz,2700.0,4x,4.0,116,2.1006654,1.837094845,2.3761321275,True
jme,Energy,2.7GHz,2700.0,5x,5.0,145,2.2233824,1.8633053625,2.6722755825,True
jme,Energy,2.7GHz,2700.0,6x,6.0,174,2.6075562,2.38896674,2.8398088375,False
jme,Time,400MHz,400.0,1x,1.0,29,4121.5,3786.5225,4471.110000000001,False
jme,Time,400MHz,400.0,2x,2.0,58,3389.7,3100.5425,3615.4475,False
jme,Time,400MHz,400.0,3x,3.0,87,2991.3,2627.69,3319.16,False
jme,Time,400MHz,400.0,4x,4.0,116,2685.0,2241.9575,3092.1175,False
jme,Time,400MHz,400.0,5x,5.0,145,2741.7,2386.87,3060.5225,False
jme,Time,400MHz,400.0,6x,6.0,174,2976.6,2616.4375,3233.3375,False
jme,Time,800MHz,800.0,1x,1.0,29,2732.3,2519.475,2937.62,False
jme,Time,800MHz,800.0,2x,2.0,58,1575.3,1422.6175,1695.1025,False
jme,Time,800MHz,800.0,3x,3.0,87,1418.8,1189.35,1608.8574999999998,False
jme,Time,800MHz,800.0,4x,4.0,116,1430.9,1275.86,1582.5325,False
jme,Time,800MHz,800.0,5x,5.0,145,1613.2,1520.7925,1708.915,False
jme,Time,800MHz,800.0,6x,6.0,174,1567.2,1400.47,1719.72,False
jme,Time,1.2GHz,1200.0,1x,1.0,29,1557.1,1477.395,1651.635,False
jme,Time,1.2GHz,1200.0,2x,2.0,58,1058.2,959.5,1148.45,False
jme,Time,1.2GHz,1200.0,3x,3.0,87,1026.7,923.145,1116.0225,False
jme,Time,1.2GHz,1200.0,4x,4.0,116,1106.8,1043.9975,1167.43,False
jme,Time,1.2GHz,1200.0,5x,5.0,145,1139.6,1079.4875,1184.0,False
jme,Time,1.2GHz,1200.0,6x,6.0,174,1081.9,972.985,1175.4025,False
jme,Time,1.6GHz,1600.0,1x,1.0,29,1212.7,1111.875,1322.23,False
jme,Time,1.6GHz,1600.0,2x,2.0,58,903.7,834.4,963.8075,False
jme,Time,1.6GHz,1600.0,3x,3.0,87,721.4,669.89,775.6075,False
jme,Time,1.6GHz,1600.0,4x,4.0,116,779.4,685.8725,859.3225,False
jme,Time,1.6GHz,1600.0,5x,5.0,145,709.2,634.79,793.8374999999999,False
jme,Time,1.6GHz,1600.0,6x,6.0,174,826.0,739.8575000000001,896.515,False
jme,Time,2.0GHz,2000.0,1x,1.0,29,1150.5,1051.4975,1242.9,False
jme,Time,2.0GHz,2000.0,2x,2.0,58,598.7,526.19,677.105,False
jme,Time,2.0GHz,2000.0,3x,3.0,87,652.3,594.1975,702.63,False
jme,Time,2.0GHz,2000.0,4x,4.0,116,616.0,573.795,660.3025,False
jme,Time,2.0GHz,2000.0,5x,5.0,145,639.3,575.4925000000001,701.41,False
jme,Time,2.0GHz,2000.0,6x,6.0,174,529.8,487.09,570.6025000000001,True
jme,Time,2.4GHz,2400.0,1x,1.0,29,923.1,837.1725,1007.6175,False
jme,Time,2.4GHz,2400.0,2x,2.0,58,467.8,427.5875,517.1025000000001,True
jme,Time,2.4GHz,2400.0,3x,3.0,87,495.7,458.1975,538.0025,True
jme,Time,2.4GHz,2400.0,4x,4.0,116,490.0,448.7875,530.6125,True
jme,Time,2.4GHz,2400.0,5x,5.0,145,477.1,420.3,543.1175,True
jme,Time,2.4GHz,2400.0,6x,6.0,174,524.6,476.895,569.1025000000001,True
jme,Time,2.7GHz,2700.0,1x,1.0,29,829.0,755.6800000000001,902.9075,False
jme,Time,2.7GHz,2700.0,2x,2.0,58,476.6,429.3875,532.5374999999999,True
jme,Time,2.7GHz,2700.0,3x,3.0,87,484.5,430.8675,540.3149999999999,True
jme,Time,2.7GHz,2700.0,4x,4.0,116,446.6,401.5975,496.7025,True
jme,Time,2.7GHz,2700.0,5x,5.0,145,453.8,401.495,514.905,True
jme,Time,2.7GHz,2700.0,6x,6.0,174,520.3,487.295,551.2025,True
jme,EDP,400MHz,400.0,1x,1.0,29,35.70811858990001,30.1212972125425,42.13936046139751,False
jme,EDP,400MHz,400.0,2x,2.0,58,22.1222271039,18.573496194082495,25.0125869259975,False
jme,EDP,400MHz,400.0,3x,3.0,87,17.541259872699996,13.955630814235,20.793954686412494,False
jme,EDP,400MHz,400.0,4x,4.0,116,14.643605377999998,10.26287838582,19.484645648957496,False
jme,EDP,400MHz,400.0,5x,5.0,145,14.881087612599998,11.1751751067,18.1367268939875,False
jme,EDP,400MHz,400.0,6x,6.0,174,17.3302675249,13.898927895970004,19.929624819615004,False
jme,EDP,800MHz,800.0,1x,1.0,29,17.773354609900004,15.318565215262504,20.309513654875,False
jme,EDP,800MHz,800.0,2x,2.0,58,5.4292049953,4.455688370892502,6.184111835784999,False
jme,EDP,800MHz,800.0,3x,3.0,87,4.5892817745,3.3077020296575,5.8023505114525005,False
jme,EDP,800MHz,800.0,4x,4.0,116,4.6616616143,3.635790046735001,5.795149524667501,False
jme,EDP,800MHz,800.0,5x,5.0,145,5.6429120647,4.9831411758975,6.3428388860725,False
jme,EDP,800MHz,800.0,6x,6.0,174,5.450809121499999,4.3542911039125,6.4479037112325,False
jme,EDP,1.2GHz,1200.0,1x,1.0,29,6.6855254788,6.086394353709999,7.4450586007175,False
jme,EDP,1.2GHz,1200.0,2x,2.0,58,2.8704681953,2.32270982604,3.4411710139975,False
jme,EDP,1.2GHz,1200.0,3x,3.0,87,2.6946842451000004,2.192416815540001,3.1782677186799995,False
jme,EDP,1.2GHz,1200.0,4x,4.0,116,3.1093717671,2.7215111281474997,3.4730270906275003,False
jme,EDP,1.2GHz,1200.0,5x,5.0,145,3.2993897442,2.9488765094925,3.551700765115,False
jme,EDP,1.2GHz,1200.0,6x,6.0,174,3.0072038029000003,2.5015021938575,3.5079412489324997,False
jme,EDP,1.6GHz,1600.0,1x,1.0,29,4.3016600161,3.5117737231775004,5.1932758802425,False
jme,EDP,1.6GHz,1600.0,2x,2.0,58,2.4149555571,2.0442584459999997,2.7410176363599996,False
jme,EDP,1.6GHz,1600.0,3x,3.0,87,1.4633990601,1.2313209683774995,1.68755506259,False
jme,EDP,1.6GHz,1600.0,4x,4.0,116,1.7907825698,1.38726120458,2.160756627865,False
jme,EDP,1.6GHz,1600.0,5x,5.0,145,1.4633330424,1.13428955238,1.80290274514,True
jme,EDP,1.6GHz,1600.0,6x,6.0,174,2.022408756,1.6508243197525,2.3601416490075,False
jme,EDP,2.0GHz,2000.0,1x,1.0,29,4.8437041027,3.9771489675525,5.6351103441724995,False
jme,EDP,2.0GHz,2000.0,2x,2.0,58,1.2987559801,0.984712880075,1.6878794782750002,True
jme,EDP,2.0GHz,2000.0,3x,3.0,87,1.5096711366000002,1.2125255660075,1.7895217434874997,False
jme,EDP,2.0GHz,2000.0,4x,4.0,116,1.3246450645,1.147825907375,1.5090965366900002,True
jme,EDP,2.0GHz,2000.0,5x,5.0,145,1.467660645,1.1468088819875002,1.7878002281349998,True
jme,EDP,2.0GHz,2000.0,6x,6.0,174,0.9531876260999996,0.7748812357875,1.1150975496825,True
jme,EDP,2.4GHz,2400.0,1x,1.0,29,3.8741929135,3.066588114535,4.684658220559999,False
jme,EDP,2.4GHz,2400.0,2x,2.0,58,0.9221850629,0.7346571304475,1.1615012031849998,True
jme,EDP,2.4GHz,2400.0,3x,3.0,87,1.0339882035,0.87398955335,1.2139150324025,True
jme,EDP,2.4GHz,2400.0,4x,4.0,116,1.0425190656,0.8363628346925001,1.279466687565,True
jme,EDP,2.4GHz,2400.0,5x,5.0,145,1.0061465972,0.7336569334625,1.3217583494975,True
jme,EDP,2.4GHz,2400.0,6x,6.0,174,1.2113456842,1.0006665194625,1.41555110553,True
jme,EDP,2.7GHz,2700.0,1x,1.0,29,3.6631943082,2.9511127440549996,4.4288115084425,False
jme,EDP,2.7GHz,2700.0,2x,2.0,58,1.1511873261,0.8661143594275,1.4890849711074998,True
jme,EDP,2.7GHz,2700.0,3x,3.0,87,1.2112783300000003,0.9164625095050002,1.53724755188,True
jme,EDP,2.7GHz,2700.0,4x,4.0,116,0.9704173597,0.7602219608075,1.1948550928925,True
jme,EDP,2.7GHz,2700.0,5x,5.0,145,1.0719184824,0.7621077364275,1.4217079308349998,True
jme,EDP,2.7GHz,2700.0,6x,6.0,174,1.3755593935,1.1731908714275,1.578614154735,False
jme,EDP2,400MHz,400.0,1x,1.0,29,315.09037995743546,237.36521181436865,402.1310861252515,False
jme,EDP2,400MHz,400.0,2x,2.0,58,146.1356416525654,116.3973430673954,172.06044344677318,False
jme,EDP2,400MHz,400.0,3x,3.0,87,105.4660350502505,78.3793211432148,134.38504321581226,False
jme,EDP2,400MHz,400.0,4x,4.0,116,84.54536996053773,50.01803878852844,123.8057119222234,False
jme,EDP2,400MHz,400.0,5x,5.0,145,83.57952436510561,57.20224892077353,110.8868329545391,False
jme,EDP2,400MHz,400.0,6x,6.0,174,102.7353178280524,79.34675767455633,123.66138046544006,False
jme,EDP2,800MHz,800.0,1x,1.0,29,117.08986928365584,93.76802908904526,141.9419686229708,False
jme,EDP2,800MHz,800.0,2x,2.0,58,19.013541142919017,14.830906532475405,22.657428698095433,False
jme,EDP2,800MHz,800.0,3x,3.0,87,15.53628258943468,10.1951165182997,21.22073240453926,False
jme,EDP2,800MHz,800.0,4x,4.0,116,15.839584657259069,10.374931315482495,21.65556474908472,False
jme,EDP2,800MHz,800.0,5x,5.0,145,19.92685712679549,16.629989314635722,23.57191715316486,False
jme,EDP2,800MHz,800.0,6x,6.0,174,19.422242870159657,14.297323461359287,24.231486296513975,False
jme,EDP2,1.2GHz,1200.0,1x,1.0,29,28.93614173542246,24.343284929800667,34.37508459170686,False
jme,EDP2,1.2GHz,1200.0,2x,2.0,58,7.96645428591854,6.027766745834955,9.941227559431676,False
jme,EDP2,1.2GHz,1200.0,3x,3.0,87,7.240027201267887,5.447269937360802,8.95719139234419,False
jme,EDP2,1.2GHz,1200.0,4x,4.0,116,8.822534820637689,7.27346228330724,10.224392077504357,False
jme,EDP2,1.2GHz,1200.0,5x,5.0,145,9.61949736493482,7.938877558092528,10.753576741891182,False
jme,EDP2,1.2GHz,1200.0,6x,6.0,174,8.53485475457207,6.393542605569041,10.410320044587804,False
jme,EDP2,1.6GHz,1600.0,1x,1.0,29,15.656995147485002,11.672729462004863,20.846317032649928,False
jme,EDP2,1.6GHz,1600.0,2x,2.0,58,6.558825115763765,5.032478264220777,7.8577393085248275,False
jme,EDP2,1.6GHz,1600.0,3x,3.0,87,3.0196821206212823,2.3038660856100353,3.692180352689801,False
jme,EDP2,1.6GHz,1600.0,4x,4.0,116,4.260566046147228,2.976815358283972,5.614615750039447,False
jme,EDP2,1.6GHz,1600.0,5x,5.0,145,3.1176830031588336,2.134208583563093,4.124266381710523,True
jme,EDP2,1.6GHz,1600.0,6x,6.0,174,5.0627856881500595,3.6977090272593305,6.365392655382216,False
jme,EDP2,2.0GHz,2000.0,1x,1.0,29,20.84282061752914,15.500952975466586,26.24068981130498,False
jme,EDP2,2.0GHz,2000.0,2x,2.0,58,2.9673917897818263,1.867676045472729,4.258060160045214,True
jme,EDP2,2.0GHz,2000.0,3x,3.0,87,3.591770460255181,2.6057121179497367,4.576260004716917,False
jme,EDP2,2.0GHz,2000.0,4x,4.0,116,2.8897465984070623,2.271896197376196,3.5069970986636174,False
jme,EDP2,2.0GHz,2000.0,5x,5.0,145,3.4935256337414713,2.3739853337862136,4.630859791828083,False
jme,EDP2,2.0GHz,2000.0,6x,6.0,174,1.754975210942288,1.3091983285911872,2.2550457724255457,True
jme,EDP2,2.4GHz,2400.0,1x,1.0,29,16.795598163826696,11.969140463987788,22.570683394587125,False
jme,EDP2,2.4GHz,2400.0,2x,2.0,58,1.9023001980257424,1.2751796519587095,2.827113962724181,True
jme,EDP2,2.4GHz,2400.0,3x,3.0,87,2.20114353814261,1.6767737586765383,2.771070466156771,True
jme,EDP2,2.4GHz,2400.0,4x,4.0,116,2.295670160169467,1.6050155448267946,3.145209712208272,True
jme,EDP2,2.4GHz,2400.0,5x,5.0,145,2.2859552393882643,1.2864261717795342,3.613929181622302,True
jme,EDP2,2.4GHz,2400.0,6x,6.0,174,2.868748974705351,2.1457389197874557,3.6384596899803463,True
jme,EDP2,2.7GHz,2700.0,1x,1.0,29,16.707086400377612,11.922081329132851,21.79921396525157,False
jme,EDP2,2.7GHz,2700.0,2x,2.0,58,2.949336573200824,1.8363710049102069,4.381957807161405,True
jme,EDP2,2.7GHz,2700.0,3x,3.0,87,3.206474176061942,1.9586766004396017,4.505580991806218,True
jme,EDP2,2.7GHz,2700.0,4x,4.0,116,2.1942188569806147,1.4384281454950862,3.034772098435652,True
jme,EDP2,2.7GHz,2700.0,5x,5.0,145,2.7571520557360465,1.496277015857184,4.413366239092063,True
jme,EDP2,2.7GHz,2700.0,6x,6.0,174,3.7076952342718457,2.85497989315399,4.568217105662492,False
jython,Energy,400MHz,400.0,1x,1.0,25,114.18112779999998,110.0266127475,118.7127867,False
jython,Energy,400MHz,400.0,2x,2.0,50,12.224011199999998,11.8474605175,12.6791588275,False
jython,Energy,400MHz,400.0,3x,3.0,75,9.1543031,8.98204762,9.331638027499997,False
jython,Energy,400MHz,400.0,4x,4.0,100,9.4051268,9.21714096,9.5972327275,False
jython,Energy,400MHz,400.0,5x,5.0,125,8.9746031,8.844593207499999,9.0959432125,False
jython,Energy,400MHz,400.0,6x,6.0,150,9.3912418,9.2350328725,9.5476320475,False
jython,Energy,800MHz,800.0,1x,1.0,25,64.97357769999999,64.428773025,65.66452351500001,False
jython,Energy,800MHz,800.0,2x,2.0,50,6.2326416,6.0419349675000005,6.432820924999999,False
jython,Energy,800MHz,800.0,3x,3.0,75,5.2605408,5.175920710000001,5.34381034,False
jython,Energy,800MHz,800.0,4x,4.0,100,5.241662700000001,5.100556715000001,5.377767955,False
jython,Energy,800MHz,800.0,5x,5.0,125,5.2877626,5.1686158,5.4341129025,False
jython,Energy,800MHz,800.0,6x,6.0,150,5.2461549000000005,5.1354964475,5.3561304425,False
jython,Energy,1.2GHz,1200.0,1x,1.0,25,52.768121099999995,52.383457925,53.1977635775,False
jython,Energy,1.2GHz,1200.0,2x,2.0,50,4.9580689,4.8203421175,5.0960329,False
jython,Energy,1.2GHz,1200.0,3x,3.0,75,4.1698608,4.082798615000001,4.2592423325,False
jython,Energy,1.2GHz,1200.0,4x,4.0,100,4.118280199999999,4.0199424375,4.203902557499999,False
jython,Energy,1.2GHz,1200.0,5x,5.0,125,4.0843446,3.991345804999999,4.207112727499999,False
jython,Energy,1.2GHz,1200.0,6x,6.0,150,4.0679931,4.003062529999999,4.135439389999998,False
jython,Energy,1.8GHz,1800.0,1x,1.0,25,48.2557497,47.773412665,48.79636893,False
jython,Energy,1.8GHz,1800.0,2x,2.0,50,4.386389299999999,4.266499114999999,4.52051674,False
jython,Energy,1.8GHz,1800.0,3x,3.0,75,3.6993835000000006,3.611050037500001,3.7807221700000007,True
jython,Energy,1.8GHz,1800.0,4x,4.0,100,3.5708739,3.5245900825,3.629419555,True
jython,Energy,1.8GHz,1800.0,5x,5.0,125,3.562091,3.4790511250000007,3.64938905,True
jython,Energy,1.8GHz,1800.0,6x,6.0,150,3.6247924999999994,3.521440765,3.7355580525,True
jython,Energy,2.0GHz,2000.0,1x,1.0,25,49.0826476,48.51205458750001,49.57580671,False
jython,Energy,2.0GHz,2000.0,2x,2.0,50,4.342956599999999,4.199217065000001,4.4791657124999995,False
jython,Energy,2.0GHz,2000.0,3x,3.0,75,3.7835388,3.7188780374999992,3.8322669225,False
jython,Energy,2.0GHz,2000.0,4x,4.0,100,3.7165223,3.656049515,3.779520065,False
jython,Energy,2.0GHz,2000.0,5x,5.0,125,3.765454,3.693932485,3.8277970775,False
jython,Energy,2.0GHz,2000.0,6x,6.0,150,3.7404785,3.665100225,3.8206797675,False
jython,Energy,2.4GHz,2400.0,1x,1.0,25,54.574438400000005,53.44978074749999,55.6768894925,False
jython,Energy,2.4GHz,2400.0,2x,2.0,50,4.7911987,4.6433705425000005,4.9132555899999995,False
jython,Energy,2.4GHz,2400.0,3x,3.0,75,4.2418336000000005,3.95944159,4.7112328025,False
jython,Energy,2.4GHz,2400.0,4x,4.0,100,3.9343812,3.8767726925,3.99396538,False
jython,Energy,2.4GHz,2400.0,5x,5.0,125,3.8966431,3.775728650000001,4.0294096025,False
jython,Energy,2.4GHz,2400.0,6x,6.0,150,3.9495116,3.886476725,4.00356477,False
jython,Energy,2.7GHz,2700.0,1x,1.0,25,59.380224600000005,58.8216391775,59.9235278025,False
jython,Energy,2.7GHz,2700.0,2x,2.0,50,5.2455566,5.002269135000001,5.5409040875,False
jython,Energy,2.7GHz,2700.0,3x,3.0,75,4.2208617,4.1466827475,4.29812779,False
jython,Energy,2.7GHz,2700.0,4x,4.0,100,4.1947509,4.135252262499999,4.2551595550000005,False
jython,Energy,2.7GHz,2700.0,5x,5.0,125,4.2385864,4.156209945,4.3104152475,False
jython,Energy,2.7GHz,2700.0,6x,6.0,150,4.218335099999999,4.1393300349999995,4.293237712499999,False
jython,Time,400MHz,400.0,1x,1.0,25,60437.9,59817.7,61025.2025,False
jython,Time,400MHz,400.0,2x,2.0,50,6037.9,5862.2625,6248.4325,False
jython,Time,400MHz,400.0,3x,3.0,75,4948.0,4860.097500000001,5055.625,False
jython,Time,400MHz,400.0,4x,4.0,100,5070.1,4971.075000000001,5164.715,False
jython,Time,400MHz,400.0,5x,5.0,125,4854.6,4801.1975,4914.202499999999,False
jython,Time,400MHz,400.0,6x,6.0,150,5043.0,4958.0625,5126.005,False
jython,Time,800MHz,800.0,1x,1.0,25,31254.5,30959.88,31622.2775,False
jython,Time,800MHz,800.0,2x,2.0,50,2889.2,2828.1924999999997,2955.405,False
jython,Time,800MHz,800.0,3x,3.0,75,2477.3,2441.69,2511.6025,False
jython,Time,800MHz,800.0,4x,4.0,100,2473.1,2420.8675000000003,2526.4100000000003,False
jython,Time,800MHz,800.0,5x,5.0,125,2504.0,2445.7,2569.9075000000003,False
jython,Time,800MHz,800.0,6x,6.0,150,2468.4,2413.8975,2523.105,False
jython,Time,1.2GHz,1200.0,1x,1.0,25,21461.7,21316.0925,21620.52,False
jython,Time,1.2GHz,1200.0,2x,2.0,50,1922.7,1864.3975,1977.51,False
jython,Time,1.2GHz,1200.0,3x,3.0,75,1622.8,1586.285,1660.605,False
jython,Time,1.2GHz,1200.0,4x,4.0,100,1625.8,1590.8925000000002,1658.5025,False
jython,Time,1.2GHz,1200.0,5x,5.0,125,1619.4,1590.5975,1656.6125,False
jython,Time,1.2GHz,1200.0,6x,6.0,150,1628.5,1602.0,1654.6074999999998,False
jython,Time,1.8GHz,1800.0,1x,1.0,25,14801.2,14646.76,14965.1375,False
jython,Time,1.8GHz,1800.0,2x,2.0,50,1306.1,1271.285,1345.6025,False
jython,Time,1.8GHz,1800.0,3x,3.0,75,1101.1,1074.6975,1126.9025,False
jython,Time,1.8GHz,1800.0,4x,4.0,100,1062.7,1051.0975,1077.3025,False
jython,Time,1.8GHz,1800.0,5x,5.0,125,1062.6,1038.9925,1091.7225,False
jython,Time,1.8GHz,1800.0,6x,6.0,150,1079.0,1050.8875,1113.8249999999998,False
jython,Time,2.0GHz,2000.0,1x,1.0,25,13429.7,13265.8675,13587.355,False
jython,Time,2.0GHz,2000.0,2x,2.0,50,1157.1,1124.0925,1191.115,False
jython,Time,2.0GHz,2000.0,3x,3.0,75,1001.2,988.0975,1013.2,False
jython,Time,2.0GHz,2000.0,4x,4.0,100,980.5,966.7975,993.305,False
jython,Time,2.0GHz,2000.0,5x,5.0,125,992.7,975.095,1011.1,False
jython,Time,2.0GHz,2000.0,6x,6.0,150,985.4,967.9,1003.3,False
jython,Time,2.4GHz,2400.0,1x,1.0,25,11632.3,11484.59,11766.52,False
jython,Time,2.4GHz,2400.0,2x,2.0,50,999.9,968.295,1025.3025,False
jython,Time,2.4GHz,2400.0,3x,3.0,75,836.8,822.4,850.4075,False
jython,Time,2.4GHz,2400.0,4x,4.0,100,815.0,804.195,825.305,False
jython,Time,2.4GHz,2400.0,5x,5.0,125,808.6,783.0975,835.6025000000001,False
jython,Time,2.4GHz,2400.0,6x,6.0,150,819.7,807.6,831.6,False
jython,Time,2.7GHz,2700.0,1x,1.0,25,10562.8,10465.0825,10656.5075,False
jython,Time,2.7GHz,2700.0,2x,2.0,50,918.0,874.9875,968.8,False
jython,Time,2.7GHz,2700.0,3x,3.0,75,732.4,721.095,744.2025,True
jython,Time,2.7GHz,2700.0,4x,4.0,100,727.3,717.8974999999999,737.9025,True
jython,Time,2.7GHz,2700.0,5x,5.0,125,731.1,719.4925000000001,740.7,True
jython,Time,2.7GHz,2700.0,6x,6.0,150,733.6,720.0975,746.7025,True
jython,EDP,400MHz,400.0,1x,1.0,25,6905.8196647821005,6596.401212150846,7225.004320890095,False
jython,EDP,400MHz,400.0,2x,2.0,50,74.03894584349999,69.4940459460875,79.92921328501498,False
jython,EDP,400MHz,400.0,3x,3.0,75,45.3353868053,43.7693423855775,47.12883208255,False
jython,EDP,400MHz,400.0,4x,4.0,100,47.7254828567,45.8988783290475,49.44887382182,False
jython,EDP,400MHz,400.0,5x,5.0,125,43.5812081452,42.582488716005,44.546734671895,False
jython,EDP,400MHz,400.0,6x,6.0,150,47.38104820310001,46.08531455282,48.815976381092504,False
jython,EDP,800MHz,800.0,1x,1.0,25,2031.2778136593,1994.8883066789276,2076.938170622283,False
jython,EDP,800MHz,800.0,2x,2.0,50,18.0352479588,17.140174543749993,18.997301175485,False
jython,EDP,800MHz,800.0,3x,3.0,75,13.0387256092,12.620105685794998,13.3811478078925,False
jython,EDP,800MHz,800.0,4x,4.0,100,12.9824545089,12.4002445310775,13.6405565588775,False
jython,EDP,800MHz,800.0,5x,5.0,125,13.2624915523,12.6207793835875,13.9443693143825,False
jython,EDP,800MHz,800.0,6x,6.0,150,12.9657151545,12.401759362345,13.470652571780002,False
jython,EDP,1.2GHz,1200.0,1x,1.0,25,1132.6446335355,1116.5851231192023,1150.4973182866877,False
jython,EDP,1.2GHz,1200.0,2x,2.0,50,9.5532497437,9.01467936116,10.1040765649725,False
jython,EDP,1.2GHz,1200.0,3x,3.0,75,6.774940915499999,6.5016869887625,7.0601790442725,False
jython,EDP,1.2GHz,1200.0,4x,4.0,100,6.7031143047,6.4119369577825,6.9719414204025,False
jython,EDP,1.2GHz,1200.0,5x,5.0,125,6.622641794399999,6.35646120218,6.956857162379999,False
jython,EDP,1.2GHz,1200.0,6x,6.0,150,6.629402521499999,6.4129815022050005,6.8649595017325,False
jython,EDP,1.8GHz,1800.0,1x,1.0,25,714.4552162450999,699.4450257563025,731.127953785125,False
jython,EDP,1.8GHz,1800.0,2x,2.0,50,5.7416209345,5.4329185528999995,6.0885145478725,False
jython,EDP,1.8GHz,1800.0,3x,3.0,75,4.0788498965,3.8941168081150006,4.257533227674999,False
jython,EDP,1.8GHz,1800.0,4x,4.0,100,3.7964216007,3.709728522409999,3.895391919157499,False
jython,EDP,1.8GHz,1800.0,5x,5.0,125,3.7905793789,3.6300515432975,3.96231261646,False
jython,EDP,1.8GHz,1800.0,6x,6.0,150,3.920164645999999,3.7061321382799983,4.156918270235001,False
jython,EDP,2.0GHz,2000.0,1x,1.0,25,659.4080891217001,643.321174023375,674.0180743290275,False
jython,EDP,2.0GHz,2000.0,2x,2.0,50,5.0377116939999995,4.729005596562501,5.3530598566825,False
jython,EDP,2.0GHz,2000.0,3x,3.0,75,3.789730187399999,3.6819987751625,3.88020582611,False
jython,EDP,2.0GHz,2000.0,4x,4.0,100,3.6462094749,3.5310306140725,3.753768190655,False
jython,EDP,2.0GHz,2000.0,5x,5.0,125,3.740975398,3.6123903195225,3.8712820048025,False
jython,EDP,2.0GHz,2000.0,6x,6.0,150,3.689526309,3.5389644918624996,3.837827365,False
jython,EDP,2.4GHz,2400.0,1x,1.0,25,635.2021240213,614.6675497310875,655.7378552208676,False
jython,EDP,2.4GHz,2400.0,2x,2.0,50,4.8005851764,4.494095057159999,5.043595866915001,False
jython,EDP,2.4GHz,2400.0,3x,3.0,75,3.5553749145,3.2700806573324996,3.9988081562574993,False
jython,EDP,2.4GHz,2400.0,4x,4.0,100,3.2080984246,3.1183642312125004,3.2978354562575,True
jython,EDP,2.4GHz,2400.0,5x,5.0,125,3.1591224288,2.963773574705,3.369372298095,True
jython,EDP,2.4GHz,2400.0,6x,6.0,150,3.2391865542000007,3.143320272735,3.33265210607,False
jython,EDP,2.7GHz,2700.0,1x,1.0,25,627.3671396693,615.6406860641525,638.0588451992901,False
jython,EDP,2.7GHz,2700.0,2x,2.0,50,4.8476709947000005,4.3615418952425005,5.392760586334999,False
jython,EDP,2.7GHz,2700.0,3x,3.0,75,3.0937208033,2.990306524465,3.2001908684925,True
jython,EDP,2.7GHz,2700.0,4x,4.0,100,3.0523370407,2.9724659634674997,3.1384606112125,True
jython,EDP,2.7GHz,2700.0,5x,5.0,125,3.1008489995999997,3.0042508132575,3.186416269885,True
jython,EDP,2.7GHz,2700.0,6x,6.0,150,3.0972583902,2.9768425129675,3.20224464272,True
jython,EDP2,400MHz,400.0,1x,1.0,25,791935.9707116504,726239.813370609,855366.7160049703,False
jython,EDP2,400MHz,400.0,2x,2.0,50,911.0279474663396,825.4203287369115,1023.379810878658,False
jython,EDP2,400MHz,400.0,3x,3.0,75,415.78121612234463,393.62175581726314,441.37832028790166,False
jython,EDP2,400MHz,400.0,4x,4.0,100,449.71822697450114,424.4227115710258,474.7196226945169,False
jython,EDP2,400MHz,400.0,5x,5.0,125,391.440600219299,376.76968980767504,405.72133188612753,False
jython,EDP2,400MHz,400.0,6x,6.0,150,445.4902916701068,426.48187215607425,466.5468704722242,False
jython,EDP2,800MHz,800.0,1x,1.0,25,132051.34052807724,128711.66666297552,136807.38455334297,False
jython,EDP2,800MHz,800.0,2x,2.0,50,112.87449307226044,103.6479257056168,122.35473479548722,False
jython,EDP2,800MHz,800.0,3x,3.0,75,68.66874201985426,65.41586095690943,71.5883904407411,False
jython,EDP2,800MHz,800.0,4x,4.0,100,68.27415129991326,63.61675503634963,73.68068403438232,False
jython,EDP2,800MHz,800.0,5x,5.0,125,70.36196782743386,65.13277562592137,76.5847922194171,False
jython,EDP2,800MHz,800.0,6x,6.0,150,68.18449265168152,63.925491350674555,72.40622476571798,False
jython,EDP2,1.2GHz,1200.0,1x,1.0,25,59785.30113904634,58465.94063557966,61249.99286991763,False
jython,EDP2,1.2GHz,1200.0,2x,2.0,50,47.56437264498756,43.80373408005454,51.85615025294531,False
jython,EDP2,1.2GHz,1200.0,3x,3.0,75,28.317900488973994,26.51994467106264,30.24101799077886,False
jython,EDP2,1.2GHz,1200.0,4x,4.0,100,27.6743183787871,25.949651001131027,29.34741914036084,False
jython,EDP2,1.2GHz,1200.0,5x,5.0,125,27.131597798471233,25.46244692724221,29.525510692383577,False
jython,EDP2,1.2GHz,1200.0,6x,6.0,150,27.00602679336983,25.66603472322149,28.349790308374875,False
jython,EDP2,1.8GHz,1800.0,1x,1.0,25,34497.37452384753,33476.84224323441,35615.670624009246,False
jython,EDP2,1.8GHz,1800.0,2x,2.0,50,25.300759617255903,23.20553124857804,27.739368952470503,False
jython,EDP2,1.8GHz,1800.0,3x,3.0,75,15.129545185921287,14.092460306530407,16.11350574190681,False
jython,EDP2,1.8GHz,1800.0,4x,4.0,100,13.569680020312155,13.054721878311778,14.145669286402708,True
jython,EDP2,1.8GHz,1800.0,5x,5.0,125,13.542412087523974,12.682291950037566,14.730065869925149,True
jython,EDP2,1.8GHz,1800.0,6x,6.0,150,14.277091058139092,13.045777486712984,15.5542956379335,True
jython,EDP2,2.0GHz,2000.0,1x,1.0,25,32388.35933763242,31284.36296490426,33504.976028945865,False
jython,EDP2,2.0GHz,2000.0,2x,2.0,50,21.98922933006702,19.91654419072377,24.208948315848,False
jython,EDP2,2.0GHz,2000.0,3x,3.0,75,14.35239110968629,13.750258717644012,14.88725123756855,False
jython,EDP2,2.0GHz,2000.0,4x,4.0,100,13.568955343270916,12.940504140166208,14.207593521363654,True
jython,EDP2,2.0GHz,2000.0,5x,5.0,125,14.109388227630388,13.348130129328917,14.857772211071335,True
jython,EDP2,2.0GHz,2000.0,6x,6.0,150,13.830247791163025,13.00641845897112,14.638510165352956,True
jython,EDP2,2.4GHz,2400.0,1x,1.0,25,34726.272934703586,32902.55474469073,36557.45634699529,False
jython,EDP2,2.4GHz,2400.0,2x,2.0,50,23.09381091528511,21.122585844317328,24.89317612389596,False
jython,EDP2,2.4GHz,2400.0,3x,3.0,75,15.504909019074564,12.894833359392228,19.847389689904805,True
jython,EDP2,2.4GHz,2400.0,4x,4.0,100,12.636115833618636,12.097076663090586,13.21073009764439,True
jython,EDP2,2.4GHz,2400.0,5x,5.0,125,12.37652105557732,11.235230066599186,13.666916455796072,True
jython,EDP2,2.4GHz,2400.0,6x,6.0,150,12.807631690416816,12.23168123179004,13.337583456651547,True
jython,EDP2,2.7GHz,2700.0,1x,1.0,25,37270.37155831285,36222.393731256016,38277.751171212294,False
jython,EDP2,2.7GHz,2700.0,2x,2.0,50,25.785031531527473,22.05941058663868,30.38571167635011,False
jython,EDP2,2.7GHz,2700.0,3x,3.0,75,13.079517668962486,12.408898668422282,13.742640902154609,True
jython,EDP2,2.7GHz,2700.0,4x,4.0,100,12.816785991467402,12.303557635610604,13.321521066303095,True
jython,EDP2,2.7GHz,2700.0,5x,5.0,125,13.163170451164897,12.460387482258987,13.8092033440277,True
jython,EDP2,2.7GHz,2700.0,6x,6.0,150,13.08750978095228,12.40078453067686,13.767269552466509,True
luindex,Energy,400MHz,400.0,1x,1.0,13,21.462085,19.400651282500004,23.764313597500003,False
luindex,Energy,400MHz,400.0,2x,2.0,26,13.8470397,11.5444115975,16.061328945,False
luindex,Energy,400MHz,400.0,3x,3.0,39,11.0869751,9.385037755,13.063098642499998,False
luindex,Energy,400MHz,400.0,4x,4.0,52,12.4794923,10.0546534175,14.819355549999996,False
luindex,Energy,400MHz,400.0,5x,5.0,65,11.8498352,9.9539877075,13.648332855,False
luindex,Energy,400MHz,400.0,6x,6.0,78,10.774548499999998,9.045857404999998,12.686917425,False
luindex,Energy,800MHz,800.0,1x,1.0,13,13.988879399999998,12.7431935275,15.5380064475,False
luindex,Energy,800MHz,800.0,2x,2.0,26,7.2874389,6.117587855,8.6031674,False
luindex,Energy,800MHz,800.0,3x,3.0,39,6.5820373000000005,5.4466761875000005,7.824428215,False
luindex,Energy,800MHz,800.0,4x,4.0,52,7.8556336,6.491457432500001,9.3549001075,False
luindex,Energy,800MHz,800.0,5x,5.0,65,6.4794922,5.312554989999999,7.8930717325,False
luindex,Energy,800MHz,800.0,6x,6.0,78,6.1785339,5.3422466975,7.1582953575,False
luindex,Energy,1.2GHz,1200.0,1x,1.0,13,10.5386168,10.1544484375,10.943745324999998,False
luindex,Energy,1.2GHz,1200.0,2x,2.0,26,5.1789183,4.93307346,5.489826990000001,True
luindex,Energy,1.2GHz,1200.0,3x,3.0,39,4.9368165,4.450756847499998,5.742824687500001,True
luindex,Energy,1.2GHz,1200.0,4x,4.0,52,4.8689515000000005,4.417518927500001,5.405718632499999,True
luindex,Energy,1.2GHz,1200.0,5x,5.0,65,4.9156251,4.3169705275000005,5.8403902725,True
luindex,Energy,1.2GHz,1200.0,6x,6.0,78,6.0868167,5.261825522500001,7.1446070825,False
luindex,Energy,1.8GHz,1800.0,1x,1.0,13,9.878143,9.5947799225,10.134397817499998,False
luindex,Energy,1.8GHz,1800.0,2x,2.0,26,4.8432493999999995,4.655009855,5.0897212675,True
luindex,Energy,1.8GHz,1800.0,3x,3.0,39,4.740094299999999,4.239388585,5.30341573,True
luindex,Energy,1.8GHz,1800.0,4x,4.0,52,5.3291748000000005,4.578513409999999,6.2106864525,True
luindex,Energy,1.8GHz,1800.0,5x,5.0,65,4.5626280999999995,4.195884505,4.978212725,True
luindex,Energy,1.8GHz,1800.0,6x,6.0,78,4.715618999999999,4.523019447499999,4.925190955000001,True
luindex,Energy,2.0GHz,2000.0,1x,1.0,13,9.8794864,9.536241297499998,10.15900546,False
luindex,Energy,2.0GHz,2000.0,2x,2.0,26,5.7716127,5.1441645750000005,6.553158439999998,False
luindex,Energy,2.0GHz,2000.0,3x,3.0,39,4.7264526,4.48068546,4.998931815,True
luindex,Energy,2.0GHz,2000.0,4x,4.0,52,5.1519779,4.5935148625,5.7383406225,True
luindex,Energy,2.0GHz,2000.0,5x,5.0,65,4.589007799999999,4.421155762500001,4.7617848425,True
luindex,Energy,2.0GHz,2000.0,6x,6.0,78,5.6386536000000005,5.0204317275,6.40231378,False
luindex,Energy,2.4GHz,2400.0,1x,1.0,13,10.7529661,10.012354647500002,11.4945363225,False
luindex,Energy,2.4GHz,2400.0,2x,2.0,26,6.181359800000001,5.690788725000001,6.800194295000001,False
luindex,Energy,2.4GHz,2400.0,3x,3.0,39,6.533819799999999,5.792722595,7.351377647500001,False
luindex,Energy,2.4GHz,2400.0,4x,4.0,52,5.501873800000001,5.231138249999999,5.767395059999999,False
luindex,Energy,2.4GHz,2400.0,5x,5.0,65,5.5339903999999995,5.2965892199999995,5.796497877500001,False
luindex,Energy,2.4GHz,2400.0,6x,6.0,78,5.673706,5.4212485125,5.914487242499999,False
luindex,Energy,2.7GHz,2700.0,1x,1.0,13,12.030426,11.4184855625,12.73578171,False
luindex,Energy,2.7GHz,2700.0,2x,2.0,26,6.3769531,6.001726442499999,6.715936934999999,False
luindex,Energy,2.7GHz,2700.0,3x,3.0,39,6.770306499999999,5.885152582499999,8.01589792,False
luindex,Energy,2.7GHz,2700.0,4x,4.0,52,6.3987122,5.8642609125,7.051644390000001,False
luindex,Energy,2.7GHz,2700.0,5x,5.0,65,5.8403992,5.6092227325,6.079723362499999,False
luindex,Energy,2.7GHz,2700.0,6x,6.0,78,7.124194299999999,6.34230344,7.926130087499998,False
luindex,Time,400MHz,400.0,1x,1.0,13,11900.3,10697.6125,13203.1425,False
luindex,Time,400MHz,400.0,2x,2.0,26,7614.5,6430.16,8745.4625,False
luindex,Time,400MHz,400.0,3x,3.0,39,6084.8,5218.0575,7226.202499999999,False
luindex,Time,400MHz,400.0,4x,4.0,52,6887.4,5548.09,8152.3875,False
luindex,Time,400MHz,400.0,5x,5.0,65,6499.2,5474.385,7712.1475,False
luindex,Time,400MHz,400.0,6x,6.0,78,5982.5,5092.245,7075.1425,False
luindex,Time,800MHz,800.0,1x,1.0,13,6853.1,6276.72,7512.73,False
luindex,Time,800MHz,800.0,2x,2.0,26,3670.1,3056.6,4312.405,False
luindex,Time,800MHz,800.0,3x,3.0,39,3229.7,2713.7200000000003,3800.2275,False
luindex,Time,800MHz,800.0,4x,4.0,52,3845.1,3166.1050000000005,4546.0375,False
luindex,Time,800MHz,800.0,5x,5.0,65,3219.7,2728.525,3869.8025,False
luindex,Time,800MHz,800.0,6x,6.0,78,3023.4,2705.55,3435.185,False
luindex,Time,1.2GHz,1200.0,1x,1.0,13,4491.7,4320.0625,4659.3225,False
luindex,Time,1.2GHz,1200.0,2x,2.0,26,2358.8,2210.1975,2573.21,False
luindex,Time,1.2GHz,1200.0,3x,3.0,39,2198.0,1990.0975,2458.8675000000003,False
luindex,Time,1.2GHz,1200.0,4x,4.0,52,2197.2,2003.475,2412.9325,False
luindex,Time,1.2GHz,1200.0,5x,5.0,65,2151.7,1926.7675,2516.26,False
luindex,Time,1.2GHz,1200.0,6x,6.0,78,2528.7,2246.8725,2890.0775,False
luindex,Time,1.8GHz,1800.0,1x,1.0,13,3288.6,3193.08,3385.045,False
luindex,Time,1.8GHz,1800.0,2x,2.0,26,1726.7,1655.0,1820.305,True
luindex,Time,1.8GHz,1800.0,3x,3.0,39,1682.5,1549.88,1831.9275,True
luindex,Time,1.8GHz,1800.0,4x,4.0,52,1868.7,1695.6675,2029.52,True
luindex,Time,1.8GHz,1800.0,5x,5.0,65,1734.6,1589.4975,1898.4075,True
luindex,Time,1.8GHz,1800.0,6x,6.0,78,1736.9,1628.6925,1863.7075,True
luindex,Time,2.0GHz,2000.0,1x,1.0,13,3067.6,2947.8675000000003,3216.2275,False
luindex,Time,2.0GHz,2000.0,2x,2.0,26,1927.3,1739.085,2161.38,True
luindex,Time,2.0GHz,2000.0,3x,3.0,39,1684.3,1582.7,1794.2050000000002,True
luindex,Time,2.0GHz,2000.0,4x,4.0,52,1837.0,1689.7675,1974.5125,True
luindex,Time,2.0GHz,2000.0,5x,5.0,65,1719.4,1593.245,1851.6275,True
luindex,Time,2.0GHz,2000.0,6x,6.0,78,1806.8,1666.18,1936.705,True
luindex,Time,2.4GHz,2400.0,1x,1.0,13,2663.5,2458.5975,2857.6225,False
luindex,Time,2.4GHz,2400.0,2x,2.0,26,1851.3,1716.2325,1986.11,True
luindex,Time,2.4GHz,2400.0,3x,3.0,39,1848.3,1635.4975,2096.36,True
luindex,Time,2.4GHz,2400.0,4x,4.0,52,1675.8,1528.3675,1854.03,True
luindex,Time,2.4GHz,2400.0,5x,5.0,65,1809.3,1660.1675,1964.71,True
luindex,Time,2.4GHz,2400.0,6x,6.0,78,1579.9,1441.2425,1753.355,True
luindex,Time,2.7GHz,2700.0,1x,1.0,13,2592.4,2449.2775,2747.8025,False
luindex,Time,2.7GHz,2700.0,2x,2.0,26,1808.2,1674.2949999999998,1947.11,True
luindex,Time,2.7GHz,2700.0,3x,3.0,39,1965.3,1748.365,2152.415,True
luindex,Time,2.7GHz,2700.0,4x,4.0,52,1729.1,1604.1925,1852.5425,True
luindex,Time,2.7GHz,2700.0,5x,5.0,65,1665.5,1553.1625,1770.47,True
luindex,Time,2.7GHz,2700.0,6x,6.0,78,1902.4,1755.34,2067.3375,False
luindex,EDP,400MHz,400.0,1x,1.0,13,263.0060007095,209.43479212458251,326.2954203907225,False
luindex,EDP,400MHz,400.0,2x,2.0,26,112.3591354323,80.5825479781375,142.333856861,False
luindex,EDP,400MHz,400.0,3x,3.0,39,72.2820811128,48.7980637095925,100.6435905954075,False
luindex,EDP,400MHz,400.0,4x,4.0,52,94.50849254300002,61.07867946592251,130.5506208679775,False
luindex,EDP,400MHz,400.0,5x,5.0,65,82.4336661083,57.11382575200751,111.112763987915,False
luindex,EDP,400MHz,400.0,6x,6.0,78,69.1974868018,47.03058938334001,94.42593473057748,False
luindex,EDP,800MHz,800.0,1x,1.0,13,98.1490455678,80.403927137735,120.5436677822425,False
luindex,EDP,800MHz,800.0,2x,2.0,26,28.6422659842,18.581165203622493,39.151870259499994,False
luindex,EDP,800MHz,800.0,3x,3.0,39,22.8490537122,14.841132991425004,31.551825011867496,False
luindex,EDP,800MHz,800.0,4x,4.0,52,32.863108418799996,21.376484742540008,44.08747874764501,False
luindex,EDP,800MHz,800.0,5x,5.0,65,22.5532436795,14.4862676221675,31.9791038267575,False
luindex,EDP,800MHz,800.0,6x,6.0,78,19.5747614818,14.517581289294998,27.47767123840499,False
luindex,EDP,1.2GHz,1200.0,1x,1.0,13,47.503966809999994,44.30430706702499,51.035979155179994,False
luindex,EDP,1.2GHz,1200.0,2x,2.0,26,12.3491944775,10.929392458415002,14.4095163375375,False
luindex,EDP,1.2GHz,1200.0,3x,3.0,39,11.300092554899996,8.85602676069,14.958383307827496,False
luindex,EDP,1.2GHz,1200.0,4x,4.0,52,10.9813296981,8.897220746137501,13.30618896949,False
luindex,EDP,1.2GHz,1200.0,5x,5.0,65,11.2840176281,8.331700494245002,16.38097122431,True
luindex,EDP,1.2GHz,1200.0,6x,6.0,78,16.2136359272,11.8603695234,21.694256370935,False
luindex,EDP,1.8GHz,1800.0,1x,1.0,13,32.54706654779999,30.574141180667503,34.29694505588,False
luindex,EDP,1.8GHz,1800.0,2x,2.0,26,8.412230447899999,7.726785472905001,9.435741418165,True
luindex,EDP,1.8GHz,1800.0,3x,3.0,39,8.1742572582,6.6588610590475,9.8738436769425,True
luindex,EDP,1.8GHz,1800.0,4x,4.0,52,10.2244674577,7.979979174622501,12.711504135859998,True
luindex,EDP,1.8GHz,1800.0,5x,5.0,65,8.0647566711,6.620580540650001,9.57435601951,True
luindex,EDP,1.8GHz,1800.0,6x,6.0,78,8.2466413926,7.4349859011375,9.261006348827502,True
luindex,EDP,2.0GHz,2000.0,1x,1.0,13,30.38703998239999,28.260064406072495,32.4614293218025,False
luindex,EDP,2.0GHz,2000.0,2x,2.0,26,11.495736996,8.997219486130001,14.3236172021925,False
luindex,EDP,2.0GHz,2000.0,3x,3.0,39,8.019265151099999,7.1859707517275,8.8940441314275,True
luindex,EDP,2.0GHz,2000.0,4x,4.0,52,9.6071794197,7.871298360862499,11.1867408501875,True
luindex,EDP,2.0GHz,2000.0,5x,5.0,65,7.9391293365,7.136709287985,8.800690889390001,True
luindex,EDP,2.0GHz,2000.0,6x,6.0,78,10.4097651379,8.386264792942502,12.4862433211775,True
luindex,EDP,2.4GHz,2400.0,1x,1.0,13,29.0234420721,25.1801336484325,33.280323519025,False
luindex,EDP,2.4GHz,2400.0,2x,2.0,26,11.5836344136,9.979776132557502,13.5368915747775,False
luindex,EDP,2.4GHz,2400.0,3x,3.0,39,12.2386169181,10.124640305807498,14.6710803648075,False
luindex,EDP,2.4GHz,2400.0,4x,4.0,52,9.2411395584,8.327272106565001,10.258814382904998,True
luindex,EDP,2.4GHz,2400.0,5x,5.0,65,10.0300132909,9.1020340612025,11.176804977027498,False
luindex,EDP,2.4GHz,2400.0,6x,6.0,78,8.9961916844,7.935907633955,10.254697614675,True
luindex,EDP,2.7GHz,2700.0,1x,1.0,13,31.4062116278,28.271314361685,34.68199522963499,False
luindex,EDP,2.7GHz,2700.0,2x,2.0,26,11.5754729662,10.2705561957325,12.815599858075,False
luindex,EDP,2.7GHz,2700.0,3x,3.0,39,13.7033849753,10.6459556235825,17.5681090078525,False
luindex,EDP,2.7GHz,2700.0,4x,4.0,52,11.0323041458,9.998693996915,12.255774603165,False
luindex,EDP,2.7GHz,2700.0,5x,5.0,65,9.768448712,8.886213398867502,10.7428861942375,False
luindex,EDP,2.7GHz,2700.0,6x,6.0,78,13.824639620899998,11.387974918917502,16.329005350637498,False
luindex,EDP2,400MHz,400.0,1x,1.0,13,6001.117669250397,4116.215674312039,8497.724974066148,False
luindex,EDP2,400MHz,400.0,2x,2.0,26,1744.3831517195172,1092.866841096687,2418.0207427159817,False
luindex,EDP2,400MHz,400.0,3x,3.0,39,924.2863224951928,458.64858934068815,1499.6512656552818,False
luindex,EDP2,400MHz,400.0,4x,4.0,52,1409.2356089763111,684.7211702073178,2189.579041978784,False
luindex,EDP2,400MHz,400.0,5x,5.0,65,1111.8232909981116,587.1567121223554,1669.3757655276272,False
luindex,EDP2,400MHz,400.0,6x,6.0,78,863.9907723878754,421.4002436545952,1344.1102765446217,False
luindex,EDP2,800MHz,800.0,1x,1.0,13,1443.643530833121,1033.230846170296,1949.326110586868,False
luindex,EDP2,800MHz,800.0,2x,2.0,26,240.42424514010568,114.91399108715592,390.36074749715016,False
luindex,EDP2,800MHz,800.0,3x,3.0,39,174.79507233277874,81.3006906214853,275.35326960637383,False
luindex,EDP2,800MHz,800.0,4x,4.0,52,301.9216165552553,162.748997704951,436.6474601078814,False
luindex,EDP2,800MHz,800.0,5x,5.0,65,173.62280894094096,78.26784747082353,296.3752985868681,False
luindex,EDP2,800MHz,800.0,6x,6.0,78,135.2274479408673,79.52633010278174,211.36405254272057,False
luindex,EDP2,1.2GHz,1200.0,1x,1.0,13,504.3210010530505,448.59959449742246,561.636345767694,False
luindex,EDP2,1.2GHz,1200.0,2x,2.0,26,65.19324279956373,54.052402408823625,80.89248083476053,False
luindex,EDP2,1.2GHz,1200.0,3x,3.0,39,61.91278577082678,39.377912309747934,98.34653325100628,True
luindex,EDP2,1.2GHz,1200.0,4x,4.0,52,56.48088816682241,39.8000842705323,77.43394815249259,True
luindex,EDP2,1.2GHz,1200.0,5x,5.0,65,64.99945823201378,35.63729817893293,116.24936544794062,True
luindex,EDP2,1.2GHz,1200.0,6x,6.0,78,111.10534329022836,62.09272005433932,170.43976085239612,False
luindex,EDP2,1.8GHz,1800.0,1x,1.0,13,322.75958532870044,296.6792440902536,349.4523648249987,False
luindex,EDP2,1.8GHz,1800.0,2x,2.0,26,41.22265494812278,35.80429778032062,48.41299563735483,True
luindex,EDP2,1.8GHz,1800.0,3x,3.0,39,41.03503519355842,29.428559077276912,55.08545751138605,True
luindex,EDP2,1.8GHz,1800.0,4x,4.0,52,59.39725792077186,37.48095790754522,83.27977249180492,True
luindex,EDP2,1.8GHz,1800.0,5x,5.0,65,38.34850694080378,29.22655949424894,48.54056681780986,True
luindex,EDP2,1.8GHz,1800.0,6x,6.0,78,39.35836247771916,33.61700247553686,46.69137878962696,True
luindex,EDP2,2.0GHz,2000.0,1x,1.0,13,301.822770083079,272.06549847782765,334.1844399228594,False
luindex,EDP2,2.0GHz,2000.0,2x,2.0,26,71.55052372563748,46.40968480222042,103.1700082983253,False
luindex,EDP2,2.0GHz,2000.0,3x,3.0,39,38.51274463577424,32.55944276796703,45.15204081421325,True
luindex,EDP2,2.0GHz,2000.0,4x,4.0,52,51.62892358431333,39.1645689590661,66.41542916324916,True
luindex,EDP2,2.0GHz,2000.0,5x,5.0,65,36.78558914526779,31.69845283147491,41.86583415316069,True
luindex,EDP2,2.0GHz,2000.0,6x,6.0,78,62.58362648649135,43.61864268373053,86.65148114833424,False
luindex,EDP2,2.4GHz,2400.0,1x,1.0,13,320.2397772284311,261.2988487656302,385.49995857173786,False
luindex,EDP2,2.4GHz,2400.0,2x,2.0,26,74.16621616828819,56.54823300809235,96.38807315605408,False
luindex,EDP2,2.4GHz,2400.0,3x,3.0,39,83.79323027356524,61.00039154914217,111.8486402920707,False
luindex,EDP2,2.4GHz,2400.0,4x,4.0,52,51.24302098311066,43.7405468404599,59.09441432960754,False
luindex,EDP2,2.4GHz,2400.0,5x,5.0,65,55.908913574462055,48.31748052834948,64.5508207232643,False
luindex,EDP2,2.4GHz,2400.0,6x,6.0,78,51.452506218161815,43.874175303101154,59.52545238638743,False
luindex,EDP2,2.7GHz,2700.0,1x,1.0,13,383.2149009678453,327.019749228681,443.0285415488952,False
luindex,EDP2,2.7GHz,2700.0,2x,2.0,26,74.5938184097594,63.54133294253526,84.45943636050217,False
luindex,EDP2,2.7GHz,2700.0,3x,3.0,39,102.48168983686304,64.06966755914075,161.21302880921945,False
luindex,EDP2,2.7GHz,2700.0,4x,4.0,52,71.92403607759925,59.03602366484518,86.8232615530025,False
luindex,EDP2,2.7GHz,2700.0,5x,5.0,65,57.54163207815751,49.85637782708974,65.09802221958954,False
luindex,EDP2,2.7GHz,2700.0,6x,6.0,78,103.62766191319945,73.41906218286769,137.30656007978237,False
pmd,Energy,400MHz,400.0,1x,1.0,7,6.2428529,5.9924194,6.5149600975,False
pmd,Energy,400MHz,400.0,2x,2.0,14,2.908892900000001,2.8303374850000003,2.9800917200000003,False
pmd,Energy,400MHz,400.0,3x,3.0,21,2.1123839,2.079071095,2.1469233975,False
pmd,Energy,400MHz,400.0,4x,4.0,28,2.0584713999999997,2.0230340474999995,2.10375504,False
pmd,Energy,400MHz,400.0,5x,5.0,35,2.00318,1.971940725,2.03328287,False
pmd,Energy,400MHz,400.0,6x,6.0,42,1.9513672,1.880479955,2.0276587674999997,False
pmd,Energy,800MHz,800.0,1x,1.0,7,4.268084699999999,4.0818922749999995,4.431579145000001,False
pmd,Energy,800MHz,800.0,2x,2.0,14,1.6963928,1.616294535,1.7827534399999998,False
pmd,Energy,800MHz,800.0,3x,3.0,21,1.2004393,1.1548038525000002,1.2417223775,False
pmd,Energy,800MHz,800.0,4x,4.0,28,1.2100893999999998,1.156316845,1.2546908525,False
pmd,Energy,800MHz,800.0,5x,5.0,35,1.1719238,1.1170130825000002,1.2157019175,False
pmd,Energy,800MHz,800.0,6x,6.0,42,1.1854125,1.16212033,1.20838687,False
pmd,Energy,1.2GHz,1200.0,1x,1.0,7,3.5448914,3.29577166,3.8477523475000006,False
pmd,Energy,1.2GHz,1200.0,2x,2.0,14,1.2199648,1.1165818225000002,1.3179841024999996,False
pmd,Energy,1.2GHz,1200.0,3x,3.0,21,0.9688233,0.93920427,0.9961873799999998,False
pmd,Energy,1.2GHz,1200.0,4x,4.0,28,0.9658507,0.942021845,0.99133655,False
pmd,Energy,1.2GHz,1200.0,5x,5.0,35,0.8892090000000001,0.8407560975,0.9366453,False
pmd,Energy,1.2GHz,1200.0,6x,6.0,42,0.8624205999999999,0.8207236849999999,0.900022225,True
pmd,Energy,1.6GHz,1600.0,1x,1.0,7,3.0099854,2.8268763225,3.2172317975,False
pmd,Energy,1.6GHz,1600.0,2x,2.0,14,1.1139952999999998,1.0082254149999998,1.2173951,False
pmd,Energy,1.6GHz,1600.0,3x,3.0,21,0.8023135,0.7661563975000001,0.83873529,True
pmd,Energy,1.6GHz,1600.0,4x,4.0,28,0.8361269,0.8193113925000001,0.8534259374999998,True
pmd,Energy,1.6GHz,1600.0,5x,5.0,35,0.804419,0.7884026275,0.8231987850000001,True
pmd,Energy,1.6GHz,1600.0,6x,6.0,42,0.7966855,0.7723776349999999,0.8214472525000001,True
pmd,Energy,2.0GHz,2000.0,1x,1.0,7,3.1337706,3.022124005,3.23838933,False
pmd,Energy,2.0GHz,2000.0,2x,2.0,14,1.1273437,1.0644054525000002,1.1967125025,False
pmd,Energy,2.0GHz,2000.0,3x,3.0,21,0.8507937,0.8161281375,0.8832421374999999,True
pmd,Energy,2.0GHz,2000.0,4x,4.0,28,0.8420899000000001,0.8010677225,0.87929284,True
pmd,Energy,2.0GHz,2000.0,5x,5.0,35,0.7946959,0.7647806125,0.8227604274999999,True
pmd,Energy,2.0GHz,2000.0,6x,6.0,42,0.8142882,0.7718343875,0.8513264375000001,True
pmd,Energy,2.4GHz,2400.0,1x,1.0,7,3.4282714,3.1728021275,3.69799241,False
pmd,Energy,2.4GHz,2400.0,2x,2.0,14,1.1030031,1.0213404850000003,1.1743909825,False
pmd,Energy,2.4GHz,2400.0,3x,3.0,21,0.9207705,0.8967967075000001,0.9455547525,False
pmd,Energy,2.4GHz,2400.0,4x,4.0,28,0.8924195000000001,0.8678344424999999,0.9174461325,False
pmd,Energy,2.4GHz,2400.0,5x,5.0,35,0.8765989999999999,0.8490493724999999,0.8995305149999999,False
pmd,Energy,2.4GHz,2400.0,6x,6.0,42,0.8602906000000001,0.819480365,0.8978104800000001,True
pmd,Energy,2.7GHz,2700.0,1x,1.0,7,4.6889952,3.5552768975,6.776460247499999,False
pmd,Energy,2.7GHz,2700.0,2x,2.0,14,1.1206419000000003,1.0560644124999998,1.193042775,False
pmd,Energy,2.7GHz,2700.0,3x,3.0,21,0.9741271,0.937245015,1.0028901549999998,False
pmd,Energy,2.7GHz,2700.0,4x,4.0,28,0.9317017,0.9002013449999999,0.96832219,False
pmd,Energy,2.7GHz,2700.0,5x,5.0,35,0.9118956,0.8900263949999999,0.93163049,False
pmd,Energy,2.7GHz,2700.0,6x,6.0,42,0.9157287000000002,0.8808467624999999,0.946662675,False
pmd,Time,400MHz,400.0,1x,1.0,7,3294.3,3167.19,3426.835,False
pmd,Time,400MHz,400.0,2x,2.0,14,1391.7,1357.0975,1424.1025,False
pmd,Time,400MHz,400.0,3x,3.0,21,1108.3,1095.695,1122.0125,False
pmd,Time,400MHz,400.0,4x,4.0,28,1071.7,1055.0975,1094.605,False
pmd,Time,400MHz,400.0,5x,5.0,35,1057.8,1042.4975,1074.7075,False
pmd,Time,400MHz,400.0,6x,6.0,42,1017.0,979.89,1053.9,False
pmd,Time,800MHz,800.0,1x,1.0,7,1828.9,1746.8825000000002,1926.9675,False
pmd,Time,800MHz,800.0,2x,2.0,14,694.2,661.2975,727.5,False
pmd,Time,800MHz,800.0,3x,3.0,21,550.6,530.095,569.005,False
pmd,Time,800MHz,800.0,4x,4.0,28,548.7,522.7975,570.6025000000001,False
pmd,Time,800MHz,800.0,5x,5.0,35,537.3,513.6925,558.5,False
pmd,Time,800MHz,800.0,6x,6.0,42,544.0,530.3,559.4124999999999,False
pmd,Time,1.2GHz,1200.0,1x,1.0,7,1277.6,1190.395,1384.14,False
pmd,Time,1.2GHz,1200.0,2x,2.0,14,428.9,397.4,460.01,False
pmd,Time,1.2GHz,1200.0,3x,3.0,21,375.8,365.895,386.1125,False
pmd,Time,1.2GHz,1200.0,4x,4.0,28,375.7,367.0,386.4,False
pmd,Time,1.2GHz,1200.0,5x,5.0,35,341.9,322.4,360.8025,False
pmd,Time,1.2GHz,1200.0,6x,6.0,42,338.5,325.8975,350.8,False
pmd,Time,1.6GHz,1600.0,1x,1.0,7,934.7,878.8,1000.215,False
pmd,Time,1.6GHz,1600.0,2x,2.0,14,331.6,299.695,361.1,False
pmd,Time,1.6GHz,1600.0,3x,3.0,21,267.2,253.8975,279.105,False
pmd,Time,1.6GHz,1600.0,4x,4.0,28,278.8,273.1,284.8025,False
pmd,Time,1.6GHz,1600.0,5x,5.0,35,263.6,256.3,271.6,False
pmd,Time,1.6GHz,1600.0,6x,6.0,42,262.2,252.0975,273.3025,False
pmd,Time,2.0GHz,2000.0,1x,1.0,7,775.7,748.495,801.61,False
pmd,Time,2.0GHz,2000.0,2x,2.0,14,269.0,254.195,285.7075,False
pmd,Time,2.0GHz,2000.0,3x,3.0,21,223.8,213.4,233.3,False
pmd,Time,2.0GHz,2000.0,4x,4.0,28,223.4,213.3,233.9025,False
pmd,Time,2.0GHz,2000.0,5x,5.0,35,208.0,200.5,214.2075,False
pmd,Time,2.0GHz,2000.0,6x,6.0,42,213.6,202.7,222.3,False
pmd,Time,2.4GHz,2400.0,1x,1.0,7,646.0,604.29,689.5025,False
pmd,Time,2.4GHz,2400.0,2x,2.0,14,231.1,213.9975,246.0025,False
pmd,Time,2.4GHz,2400.0,3x,3.0,21,191.0,184.5,197.2,False
pmd,Time,2.4GHz,2400.0,4x,4.0,28,186.2,181.5975,191.7,False
pmd,Time,2.4GHz,2400.0,5x,5.0,35,179.8,175.8975,183.6,False
pmd,Time,2.4GHz,2400.0,6x,6.0,42,175.4,167.8925,182.8,False
pmd,Time,2.7GHz,2700.0,1x,1.0,7,681.7,605.4975,841.145,False
pmd,Time,2.7GHz,2700.0,2x,2.0,14,196.0,185.1975,208.2025,False
pmd,Time,2.7GHz,2700.0,3x,3.0,21,169.0,163.9975,174.0025,True
pmd,Time,2.7GHz,2700.0,4x,4.0,28,161.9,155.5,168.0,True
pmd,Time,2.7GHz,2700.0,5x,5.0,35,160.1,156.5,163.6025,True
pmd,Time,2.7GHz,2700.0,6x,6.0,42,159.2,152.79500000000002,165.6025,True
pmd,EDP,400MHz,400.0,1x,1.0,7,20.656751655799997,18.976843750915005,22.57505125225,False
pmd,EDP,400MHz,400.0,2x,2.0,14,4.0545142954,3.842004316847499,4.246510661785,False
pmd,EDP,400MHz,400.0,3x,3.0,21,2.3422751063,2.2780609285875,2.40734321421,False
pmd,EDP,400MHz,400.0,4x,4.0,28,2.2083663217,2.1354799545775003,2.3026069856075,False
pmd,EDP,400MHz,400.0,5x,5.0,35,2.12022916,2.0592631454125,2.1834766139224997,False
pmd,EDP,400MHz,400.0,6x,6.0,42,1.9915818626000004,1.8529389652750003,2.1282435590075,False
pmd,EDP,800MHz,800.0,1x,1.0,7,7.846233377900001,7.170228693755001,8.586507445784997,False
pmd,EDP,800MHz,800.0,2x,2.0,14,1.1846567219000002,1.0790467936875,1.29841148601,False
pmd,EDP,800MHz,800.0,3x,3.0,21,0.6632786956,0.6144290796749999,0.7119972464,False
pmd,EDP,800MHz,800.0,4x,4.0,28,0.6669892207,0.6102656406500001,0.7148006057999999,False
pmd,EDP,800MHz,800.0,5x,5.0,35,0.6326030108999999,0.5809135967349999,0.6806178654849999,False
pmd,EDP,800MHz,800.0,6x,6.0,42,0.6458061081,0.616238352675,0.678214722185,False
pmd,EDP,1.2GHz,1200.0,1x,1.0,7,4.5970275573,3.963277679535,5.419152605855,False
pmd,EDP,1.2GHz,1200.0,2x,2.0,14,0.5318626691,0.446190358075,0.6141397029725,False
pmd,EDP,1.2GHz,1200.0,3x,3.0,21,0.3647925394999999,0.3441777752425,0.3853475309124999,False
pmd,EDP,1.2GHz,1200.0,4x,4.0,28,0.3634707493,0.3466915971725,0.3841971352925,False
pmd,EDP,1.2GHz,1200.0,5x,5.0,35,0.3062274504,0.2743320136524999,0.341149009915,False
pmd,EDP,1.2GHz,1200.0,6x,6.0,42,0.2932477892,0.2697321592125,0.3174865284399999,False
pmd,EDP,1.6GHz,1600.0,1x,1.0,7,2.8486533421,2.4733128448025,3.30995906459,False
pmd,EDP,1.6GHz,1600.0,2x,2.0,14,0.3774414296,0.3113457805249999,0.441889732875,False
pmd,EDP,1.6GHz,1600.0,3x,3.0,21,0.2156004436,0.1972453795199999,0.2365283259575,False
pmd,EDP,1.6GHz,1600.0,4x,4.0,28,0.2333707259,0.2238827618925,0.2432063880999999,False
pmd,EDP,1.6GHz,1600.0,5x,5.0,35,0.2123079224,0.202786900115,0.2226786421349999,False
pmd,EDP,1.6GHz,1600.0,6x,6.0,42,0.2095295853999999,0.1948779295425,0.2257955031725,False
pmd,EDP,2.0GHz,2000.0,1x,1.0,7,2.4387072177,2.2537181770275,2.5994601134849997,False
pmd,EDP,2.0GHz,2000.0,2x,2.0,14,0.3059459367,0.27050964208,0.3440494727124999,False
pmd,EDP,2.0GHz,2000.0,3x,3.0,21,0.1912851095,0.174290521105,0.20595686679,False
pmd,EDP,2.0GHz,2000.0,4x,4.0,28,0.1891854072,0.17200731616,0.206728145895,False
pmd,EDP,2.0GHz,2000.0,5x,5.0,35,0.1658280816,0.1538012425475,0.1766143775175,False
pmd,EDP,2.0GHz,2000.0,6x,6.0,42,0.1749408917,0.1595048818,0.1891938413874999,False
pmd,EDP,2.4GHz,2400.0,1x,1.0,7,2.2296053306,1.963587831915,2.5285745056950004,False
pmd,EDP,2.4GHz,2400.0,2x,2.0,14,0.2581553327,0.225461105275,0.2916398757374999,False
pmd,EDP,2.4GHz,2400.0,3x,3.0,21,0.1762554913,0.16589908789,0.1872029117374999,False
pmd,EDP,2.4GHz,2400.0,4x,4.0,28,0.1664965583,0.1581967431425,0.175624731075,False
pmd,EDP,2.4GHz,2400.0,5x,5.0,35,0.1578561134,0.15017390093,0.1650171313049999,True
pmd,EDP,2.4GHz,2400.0,6x,6.0,42,0.1516467098,0.1382771656724999,0.1629669560549999,True
pmd,EDP,2.7GHz,2700.0,1x,1.0,7,3.7511170637,2.163137572717499,6.731737255329999,False
pmd,EDP,2.7GHz,2700.0,2x,2.0,14,0.2216674025999999,0.1967140638425,0.2477245614225,False
pmd,EDP,2.7GHz,2700.0,3x,3.0,21,0.1650611727,0.1542297741375,0.175172477235,False
pmd,EDP,2.7GHz,2700.0,4x,4.0,28,0.1513875857,0.140207431415,0.1629523924199999,True
pmd,EDP,2.7GHz,2700.0,5x,5.0,35,0.1461732792,0.1402389678725,0.1523062604875,True
pmd,EDP,2.7GHz,2700.0,6x,6.0,42,0.1463086414,0.1351959404125,0.1573079938,True
pmd,EDP2,400MHz,400.0,1x,1.0,7,130.12337577153295,113.4741982203908,148.01537080851548,False
pmd,EDP2,400MHz,400.0,2x,2.0,14,11.832158478701295,10.960446470681436,12.64760886620172,False
pmd,EDP2,400MHz,400.0,3x,3.0,21,4.953668160917767,4.732772746176337,5.166870616838328,False
pmd,EDP2,400MHz,400.0,4x,4.0,28,4.5557245217585995,4.316010008235102,4.8745840741193565,False
pmd,EDP2,400MHz,400.0,5x,5.0,35,4.252138639790102,4.06409564233375,4.440454674956794,False
pmd,EDP2,400MHz,400.0,6x,6.0,42,3.914463839304025,3.4981355381085484,4.364340320423468,False
pmd,EDP2,800MHz,800.0,1x,1.0,7,33.81462511798044,29.301323255372704,38.486573091275545,False
pmd,EDP2,800MHz,800.0,2x,2.0,14,2.033297192573598,1.7609479991046844,2.325532267514738,False
pmd,EDP2,800MHz,800.0,3x,3.0,21,0.8019069238902071,0.7169624629043807,0.8857200182465479,False
pmd,EDP2,800MHz,800.0,4x,4.0,28,0.8140712865492047,0.7199385743019133,0.9031793671332818,False
pmd,EDP2,800MHz,800.0,5x,5.0,35,0.7481762595022202,0.6536544737255123,0.8256778245314896,False
pmd,EDP2,800MHz,800.0,6x,6.0,42,0.7675455478101467,0.715864011204215,0.8238887996053463,False
pmd,EDP2,1.2GHz,1200.0,1x,1.0,7,16.804955583681032,13.20049939051022,21.191444160519737,False
pmd,EDP2,1.2GHz,1200.0,2x,2.0,14,0.670007753516989,0.5136126369609932,0.8245511073221924,False
pmd,EDP2,1.2GHz,1200.0,3x,3.0,21,0.3549368278317766,0.3259120150239111,0.3858417521045021,False
pmd,EDP2,1.2GHz,1200.0,4x,4.0,28,0.35228882726895,0.3279765817134738,0.3857485141577303,False
pmd,EDP2,1.2GHz,1200.0,5x,5.0,35,0.2761112536436815,0.2345423102015906,0.3211419954446917,False
pmd,EDP2,1.2GHz,1200.0,6x,6.0,42,0.2554043657060674,0.2222547205694721,0.286954082378518,False
pmd,EDP2,1.6GHz,1600.0,1x,1.0,7,8.804823677247771,7.0245153045382915,11.158315975879862,False
pmd,EDP2,1.6GHz,1600.0,2x,2.0,14,0.4380455666142046,0.3330759009838316,0.5382162706191655,False
pmd,EDP2,1.6GHz,1600.0,3x,3.0,21,0.1749289822931486,0.1500702881652944,0.1995185308629156,False
pmd,EDP2,1.6GHz,1600.0,4x,4.0,28,0.1955786376639994,0.183248464358759,0.207377938723673,False
pmd,EDP2,1.6GHz,1600.0,5x,5.0,35,0.171227853909316,0.1591088250125572,0.182861136768753,False
pmd,EDP2,1.6GHz,1600.0,6x,6.0,42,0.167833170756117,0.1529798581969488,0.1868208370916707,False
pmd,EDP2,2.0GHz,2000.0,1x,1.0,7,7.690719387341387,6.903894817847108,8.461341784124844,False
pmd,EDP2,2.0GHz,2000.0,2x,2.0,14,0.3511602064139335,0.2907736739700795,0.4179719439089332,False
pmd,EDP2,2.0GHz,2000.0,3x,3.0,21,0.1641208096232239,0.1437372719279463,0.1822520093203407,True
pmd,EDP2,2.0GHz,2000.0,4x,4.0,28,0.1610941061983132,0.14126952353145,0.1832169580830742,True
pmd,EDP2,2.0GHz,2000.0,5x,5.0,35,0.1326982956968338,0.1189212630598062,0.1461879396390892,True
pmd,EDP2,2.0GHz,2000.0,6x,6.0,42,0.1440605125116241,0.1248585825552827,0.1608288957390306,True
pmd,EDP2,2.4GHz,2400.0,1x,1.0,7,7.809846762167564,6.2970023811864,9.363541255481977,False
pmd,EDP2,2.4GHz,2400.0,2x,2.0,14,0.2915760980134153,0.235541838235807,0.3429040566257986,False
pmd,EDP2,2.4GHz,2400.0,3x,3.0,21,0.1629606449079481,0.1490290033635959,0.1770117609299306,False
pmd,EDP2,2.4GHz,2400.0,4x,4.0,28,0.1491792119027676,0.1370952985391398,0.163512064017829,True
pmd,EDP2,2.4GHz,2400.0,5x,5.0,35,0.1388779051377226,0.1276929890167707,0.1489126766138576,True
pmd,EDP2,2.4GHz,2400.0,6x,6.0,42,0.1317467543779778,0.1148788033096947,0.1476298205255397,True
pmd,EDP2,2.7GHz,2700.0,1x,1.0,7,31.348224693049765,7.686178840140587,77.50993301633767,False
pmd,EDP2,2.7GHz,2700.0,2x,2.0,14,0.2531333757312283,0.2110207233677032,0.3030760607760425,False
pmd,EDP2,2.7GHz,2700.0,3x,3.0,21,0.1617090780815677,0.1454153209381999,0.176192357381808,True
pmd,EDP2,2.7GHz,2700.0,4x,4.0,28,0.1420787212774499,0.1254836379470647,0.158277838647733,True
pmd,EDP2,2.7GHz,2700.0,5x,5.0,35,0.1336074081285652,0.1253094667414437,0.1414200992428309,True
pmd,EDP2,2.7GHz,2700.0,6x,6.0,42,0.1348962371465498,0.1209557430975387,0.1495874485184156,True
spring,Energy,400MHz,400.0,1x,1.0,43,5.521429499999999,4.920376035,5.971220099999999,False
spring,Energy,400MHz,400.0,2x,2.0,86,3.5552002000000003,2.9259869775,4.1222881125,False
spring,Energy,400MHz,400.0,3x,3.0,129,3.5157103,2.9526063575,4.0581564725,False
spring,Energy,400MHz,400.0,4x,4.0,172,3.940936199999999,3.4924248524999997,4.242649644999999,False
spring,Energy,400MHz,400.0,5x,5.0,215,3.3473025,2.7336167674999996,3.9705377999999993,False
spring,Energy,400MHz,400.0,6x,6.0,258,3.9904539,3.4190459225,4.479008362499999,False
spring,Energy,800MHz,800.0,1x,1.0,43,3.0164672999999995,2.426755105,3.7009698925,False
spring,Energy,800MHz,800.0,2x,2.0,86,1.7962892,1.6131348275,2.03067181,False
spring,Energy,800MHz,800.0,3x,3.0,129,1.9834901,1.910474765,2.0595925174999996,False
spring,Energy,800MHz,800.0,4x,4.0,172,1.7171565999999998,1.5444706575,1.9933258225,False
spring,Energy,800MHz,800.0,5x,5.0,215,1.8607542,1.6818345775,2.0833034424999997,False
spring,Energy,800MHz,800.0,6x,6.0,258,1.9344726,1.788455145,2.1877052649999995,False
spring,Energy,1.2GHz,1200.0,1x,1.0,43,2.2905274,2.14451128,2.497439515,False
spring,Energy,1.2GHz,1200.0,2x,2.0,86,1.6203431,1.3227870975,1.9422232825,True
spring,Energy,1.2GHz,1200.0,3x,3.0,129,1.417224,1.37681159,1.4601293649999998,True
spring,Energy,1.2GHz,1200.0,4x,4.0,172,1.3894469,1.280974065,1.5748596499999998,True
spring,Energy,1.2GHz,1200.0,5x,5.0,215,1.4947266,1.3492335150000003,1.723574065,True
spring,Energy,1.2GHz,1200.0,6x,6.0,258,1.7244813,1.508279155,1.9872521324999992,False
spring,Energy,1.6GHz,1600.0,1x,1.0,43,2.3775512,2.24926501,2.4712139200000003,False
spring,Energy,1.6GHz,1600.0,2x,2.0,86,1.2754150000000002,1.1003778275,1.5260424299999995,True
spring,Energy,1.6GHz,1600.0,3x,3.0,129,1.4988340999999998,1.2831045875,1.7328719975,True
spring,Energy,1.6GHz,1600.0,4x,4.0,172,1.5825806,1.3587500075,1.8293146,True
spring,Energy,1.6GHz,1600.0,5x,5.0,215,1.2437986,1.149804095,1.387247735,True
spring,Energy,1.6GHz,1600.0,6x,6.0,258,1.524884,1.3109088725,1.7790361225000002,True
spring,Energy,2.0GHz,2000.0,1x,1.0,43,2.5311341,2.29583279,2.7875109700000005,False
spring,Energy,2.0GHz,2000.0,2x,2.0,86,1.3554441999999998,1.2958957375000002,1.4219551175,True
spring,Energy,2.0GHz,2000.0,3x,3.0,129,1.302832,1.2329942724999998,1.372992155,True
spring,Energy,2.0GHz,2000.0,4x,4.0,172,1.3701354,1.313740775,1.4331063125,True
spring,Energy,2.0GHz,2000.0,5x,5.0,215,1.3312620999999998,1.25109128,1.4096019275,True
spring,Energy,2.0GHz,2000.0,6x,6.0,258,1.36051,1.2951192724999998,1.4315127100000002,True
spring,Energy,2.4GHz,2400.0,1x,1.0,43,2.8197204,2.6433297975000003,3.0522423974999997,False
spring,Energy,2.4GHz,2400.0,2x,2.0,86,1.4339418,1.28921422,1.616005455,True
spring,Energy,2.4GHz,2400.0,3x,3.0,129,1.4739378,1.3503107925,1.6366290900000002,True
spring,Energy,2.4GHz,2400.0,4x,4.0,172,1.6351503,1.583958525,1.6822327,False
spring,Energy,2.4GHz,2400.0,5x,5.0,215,1.3727844,1.271251885,1.4602220425000003,True
spring,Energy,2.4GHz,2400.0,6x,6.0,258,1.4233032,1.3016889725,1.5441061425000002,True
spring,Energy,2.7GHz,2700.0,1x,1.0,43,2.9189637999999993,2.8811212774999997,2.9590543025,False
spring,Energy,2.7GHz,2700.0,2x,2.0,86,1.5487607,1.5115605074999998,1.5823832249999998,False
spring,Energy,2.7GHz,2700.0,3x,3.0,129,1.7391234,1.595441045,1.90226984,False
spring,Energy,2.7GHz,2700.0,4x,4.0,172,1.7032533,1.65935242,1.7464913050000002,False
spring,Energy,2.7GHz,2700.0,5x,5.0,215,1.5574705000000002,1.4551804499999998,1.7207950374999998,False
spring,Energy,2.7GHz,2700.0,6x,6.0,258,1.7072694,1.5108832975,1.8977041325,False
spring,Time,400MHz,400.0,1x,1.0,43,2977.7,2648.7975,3234.605,False
spring,Time,400MHz,400.0,2x,2.0,86,1899.2,1559.195,2198.1549999999997,False
spring,Time,400MHz,400.0,3x,3.0,129,1849.3,1523.23,2143.0175,False
spring,Time,400MHz,400.0,4x,4.0,172,2138.6,1903.295,2324.2025,False
spring,Time,400MHz,400.0,5x,5.0,215,1637.8,1332.5275,1928.6225,False
spring,Time,400MHz,400.0,6x,6.0,258,1975.0,1695.48,2217.81,False
spring,Time,800MHz,800.0,1x,1.0,43,1403.0,1113.4675,1714.05,False
spring,Time,800MHz,800.0,2x,2.0,86,831.0,743.585,928.705,False
spring,Time,800MHz,800.0,3x,3.0,129,830.5,795.8974999999999,867.905,False
spring,Time,800MHz,800.0,4x,4.0,172,825.7,746.295,942.7375,False
spring,Time,800MHz,800.0,5x,5.0,215,811.7,735.19,920.0325,False
spring,Time,800MHz,800.0,6x,6.0,258,812.0,748.495,927.1,False
spring,Time,1.2GHz,1200.0,1x,1.0,43,891.0,831.29,968.705,False
spring,Time,1.2GHz,1200.0,2x,2.0,86,624.2,499.395,754.6075,False
spring,Time,1.2GHz,1200.0,3x,3.0,129,492.6,479.3,505.2025,False
spring,Time,1.2GHz,1200.0,4x,4.0,172,529.4,485.1975,607.6075,False
spring,Time,1.2GHz,1200.0,5x,5.0,215,571.8,506.7975,655.715,False
spring,Time,1.2GHz,1200.0,6x,6.0,258,604.6,525.8974999999999,699.0025,False
spring,Time,1.6GHz,1600.0,1x,1.0,43,784.8,738.1925,820.0074999999999,False
spring,Time,1.6GHz,1600.0,2x,2.0,86,418.4,355.595,484.92,False
spring,Time,1.6GHz,1600.0,3x,3.0,129,472.4,397.4775,552.3075,False
spring,Time,1.6GHz,1600.0,4x,4.0,172,521.3,436.995,604.405,False
spring,Time,1.6GHz,1600.0,5x,5.0,215,406.5,372.9,456.3275,False
spring,Time,1.6GHz,1600.0,6x,6.0,258,463.2,398.6725,543.425,False
spring,Time,2.0GHz,2000.0,1x,1.0,43,673.0,612.5725,745.7824999999999,False
spring,Time,2.0GHz,2000.0,2x,2.0,86,355.8,340.6925,371.905,False
spring,Time,2.0GHz,2000.0,3x,3.0,129,339.2,323.5975,355.2025,False
spring,Time,2.0GHz,2000.0,4x,4.0,172,339.3,323.9,355.1025,False
spring,Time,2.0GHz,2000.0,5x,5.0,215,348.8,325.6975,371.215,False
spring,Time,2.0GHz,2000.0,6x,6.0,258,334.7,319.7,350.205,False
spring,Time,2.4GHz,2400.0,1x,1.0,43,590.5,545.6975,641.9275,False
spring,Time,2.4GHz,2400.0,2x,2.0,86,295.6,264.29,329.215,True
spring,Time,2.4GHz,2400.0,3x,3.0,129,307.9,282.49,338.8075,False
spring,Time,2.4GHz,2400.0,4x,4.0,172,322.0,313.795,330.6,False
spring,Time,2.4GHz,2400.0,5x,5.0,215,284.5,264.6,300.905,True
spring,Time,2.4GHz,2400.0,6x,6.0,258,285.3,260.09250000000003,311.4025,True
spring,Time,2.7GHz,2700.0,1x,1.0,43,518.3,511.1975,525.9025,False
spring,Time,2.7GHz,2700.0,2x,2.0,86,273.7,267.595,280.2075,True
spring,Time,2.7GHz,2700.0,3x,3.0,129,306.6,281.49,335.4025,False
spring,Time,2.7GHz,2700.0,4x,4.0,172,285.2,276.8,293.3,True
spring,Time,2.7GHz,2700.0,5x,5.0,215,276.5,257.4,304.9,True
spring,Time,2.7GHz,2700.0,6x,6.0,258,291.8,258.08750000000003,327.7,True
spring,EDP,400MHz,400.0,1x,1.0,43,16.863434988999998,13.735344392285,19.315820916294996,False
spring,EDP,400MHz,400.0,2x,2.0,86,7.2668297941,5.148180521172501,9.3357851252475,False
spring,EDP,400MHz,400.0,3x,3.0,129,6.939316393,4.904913117115001,8.852447633887499,False
spring,EDP,400MHz,400.0,4x,4.0,172,8.6360650153,7.027149224862499,9.932068494685002,False
spring,EDP,400MHz,400.0,5x,5.0,215,5.9793068991,3.9961888537175008,8.021153641909999,False
spring,EDP,400MHz,400.0,6x,6.0,258,8.232827066,6.274156897605001,10.047711649979998,False
spring,EDP,800MHz,800.0,1x,1.0,43,4.7229768841,2.7814806024875,6.892712254054999,False
spring,EDP,800MHz,800.0,2x,2.0,86,1.5470534753,1.206945387645,2.0025038545575,False
spring,EDP,800MHz,800.0,3x,3.0,129,1.6544770294000002,1.52255001119,1.811152682625,False
spring,EDP,800MHz,800.0,4x,4.0,172,1.4828069435,1.1450105539800002,1.9840257424224996,False
spring,EDP,800MHz,800.0,5x,5.0,215,1.5620886021,1.24535161935,1.993941498885,False
spring,EDP,800MHz,800.0,6x,6.0,258,1.6336367038,1.33851328458,2.1723866052075,False
spring,EDP,1.2GHz,1200.0,1x,1.0,43,2.0769902119999997,1.7992077618325002,2.5414819358174996,False
spring,EDP,1.2GHz,1200.0,2x,2.0,86,1.1094099543999998,0.6534806110400001,1.58142646943,False
spring,EDP,1.2GHz,1200.0,3x,3.0,129,0.6994485241,0.65909488451,0.7360053763350001,False
spring,EDP,1.2GHz,1200.0,4x,4.0,172,0.7645149715,0.6216587252899999,1.0171325759324998,False
spring,EDP,1.2GHz,1200.0,5x,5.0,215,0.8938643296000002,0.6882140824300002,1.200283206415,False
spring,EDP,1.2GHz,1200.0,6x,6.0,258,1.1002418560000002,0.7803272454175,1.50480883394,False
spring,EDP,1.6GHz,1600.0,1x,1.0,43,1.8797909892,1.690630631555,2.0295567531399996,False
spring,EDP,1.6GHz,1600.0,2x,2.0,86,0.574039488,0.39186692254,0.7691439627475,True
spring,EDP,1.6GHz,1600.0,3x,3.0,129,0.7536951538000001,0.53575855378,1.0124294799175,False
spring,EDP,1.6GHz,1600.0,4x,4.0,172,0.8768154459999999,0.6268064499675001,1.12200710606,False
spring,EDP,1.6GHz,1600.0,5x,5.0,215,0.5207546802999999,0.430178317315,0.66050768827,True
spring,EDP,1.6GHz,1600.0,6x,6.0,258,0.7499089190999999,0.5273400927224999,1.0173258401999998,False
spring,EDP,2.0GHz,2000.0,1x,1.0,43,1.7460797831,1.4380883968725002,2.1403287481,False
spring,EDP,2.0GHz,2000.0,2x,2.0,86,0.4847412247,0.44308221353,0.53469731593,False
spring,EDP,2.0GHz,2000.0,3x,3.0,129,0.4446701195999999,0.40047901636,0.48626808225,True
spring,EDP,2.0GHz,2000.0,4x,4.0,172,0.4674715162999999,0.42490926359,0.5106713945975,True
spring,EDP,2.0GHz,2000.0,5x,5.0,215,0.4694188831,0.413645325085,0.5276534959375,True
spring,EDP,2.0GHz,2000.0,6x,6.0,258,0.4579123396,0.41482299073,0.5024456549525,True
spring,EDP,2.4GHz,2400.0,1x,1.0,43,1.6912278209,1.4435590568375,2.0107368670675,False
spring,EDP,2.4GHz,2400.0,2x,2.0,86,0.4381668740999999,0.35080449349,0.5579646858175,True
spring,EDP,2.4GHz,2400.0,3x,3.0,129,0.4644741166999999,0.3845486443324999,0.5642811031649999,True
spring,EDP,2.4GHz,2400.0,4x,4.0,172,0.5276770054,0.4988342484124999,0.5597608961099999,False
spring,EDP,2.4GHz,2400.0,5x,5.0,215,0.3951092313,0.3411938900925,0.4399310893074999,True
spring,EDP,2.4GHz,2400.0,6x,6.0,258,0.4143907912,0.34585098543,0.4877141282025,True
spring,EDP,2.7GHz,2700.0,1x,1.0,43,1.5136662568,1.4702194751600002,1.5558970853725,False
spring,EDP,2.7GHz,2700.0,2x,2.0,86,0.4244963801,0.40541587769,0.4459045139175,True
spring,EDP,2.7GHz,2700.0,3x,3.0,129,0.5437918191000001,0.45164989072,0.6481214125874999,False
spring,EDP,2.7GHz,2700.0,4x,4.0,172,0.4867253875999999,0.4608785423,0.5132779735149999,False
spring,EDP,2.7GHz,2700.0,5x,5.0,215,0.4392377354,0.3752362752825,0.5346928260749999,True
spring,EDP,2.7GHz,2700.0,6x,6.0,258,0.5160497232000001,0.39461102973,0.6476757607525,True
spring,EDP2,400MHz,400.0,1x,1.0,43,97.09578045672365,75.8432960152016,115.67028692940204,False
spring,EDP2,400MHz,400.0,2x,2.0,86,29.18793649581901,18.314477211336435,39.715341550162194,False
spring,EDP2,400MHz,400.0,3x,3.0,129,27.24855594367695,17.69777754126405,37.35973516022444,False
spring,EDP2,400MHz,400.0,4x,4.0,172,35.45552192788229,26.849328463916105,43.33339762102114,False
spring,EDP2,400MHz,400.0,5x,5.0,215,23.39252467769524,12.924362639987445,33.85710611223602,False
spring,EDP2,400MHz,400.0,6x,6.0,258,35.41192060920575,24.24825810258761,44.8741095999872,False
spring,EDP2,800MHz,800.0,1x,1.0,43,17.539935783874874,6.837850514159033,28.87798947026705,False
spring,EDP2,800MHz,800.0,2x,2.0,86,2.995042630729501,1.942020215678717,4.184539973757313,False
spring,EDP2,800MHz,800.0,3x,3.0,129,3.309991280191574,2.9507102004047394,3.7168138739305214,False
spring,EDP2,800MHz,800.0,4x,4.0,172,2.820316169425958,1.792845999861365,4.475159221829643,False
spring,EDP2,800MHz,800.0,5x,5.0,215,3.120763620721407,2.1118130124287102,4.770593126705808,False
spring,EDP2,800MHz,800.0,6x,6.0,258,3.456553401056135,2.4105447699900804,5.437687621529371,False
spring,EDP2,1.2GHz,1200.0,1x,1.0,43,4.943371152220402,3.8625799587013456,6.685561643179517,False
spring,EDP2,1.2GHz,1200.0,2x,2.0,86,2.1456405454980243,0.8824227531302866,3.4708786960959963,False
spring,EDP2,1.2GHz,1200.0,3x,3.0,129,0.9952507815917347,0.9157105875091782,1.0719171632011415,False
spring,EDP2,1.2GHz,1200.0,4x,4.0,172,1.158209610915447,0.7966942267955688,1.82106981211582,False
spring,EDP2,1.2GHz,1200.0,5x,5.0,215,1.4727371294880658,0.9254287630753936,2.342918271357079,False
spring,EDP2,1.2GHz,1200.0,6x,6.0,258,2.119752227883489,1.1904321857819833,3.2477545910649086,False
spring,EDP2,1.6GHz,1600.0,1x,1.0,43,4.527645665361228,3.8741888529158337,5.030629455319533,False
spring,EDP2,1.6GHz,1600.0,2x,2.0,86,0.8524588501887737,0.4332081031097728,1.4528381701044994,True
spring,EDP2,1.6GHz,1600.0,3x,3.0,129,1.2752485797959738,0.6908411705457266,1.937023777868258,False
spring,EDP2,1.6GHz,1600.0,4x,4.0,172,1.5469126352735183,0.9562039812914372,2.197553521216553,False
spring,EDP2,1.6GHz,1600.0,5x,5.0,215,0.6912979624285881,0.4955474114197124,1.0231905660695133,True
spring,EDP2,1.6GHz,1600.0,6x,6.0,258,1.2832396957320245,0.696756242391689,1.9154712679603108,False
spring,EDP2,2.0GHz,2000.0,1x,1.0,43,4.652251120803268,3.371562192287143,6.393976932620792,False
spring,EDP2,2.0GHz,2000.0,2x,2.0,86,0.6640010767715395,0.5792578190405682,0.7592130737629016,True
spring,EDP2,2.0GHz,2000.0,3x,3.0,129,0.5871368330606772,0.5043794544011507,0.6687748146644237,True
spring,EDP2,2.0GHz,2000.0,4x,4.0,172,0.6475269076814547,0.5612436908167668,0.7341997946809115,True
spring,EDP2,2.0GHz,2000.0,5x,5.0,215,0.6379278792628871,0.523434502790311,0.7491436671361191,True
spring,EDP2,2.0GHz,2000.0,6x,6.0,258,0.6303532492536142,0.5435496507632863,0.7269465612101687,True
spring,EDP2,2.4GHz,2400.0,1x,1.0,43,4.919031921222269,3.84773751947027,6.3688230528055865,False
spring,EDP2,2.4GHz,2400.0,2x,2.0,86,0.6733111958832821,0.4615970723828209,0.9766309659049948,True
spring,EDP2,2.4GHz,2400.0,3x,3.0,129,0.7188242967805517,0.5338268775143259,0.9869142905551496,True
spring,EDP2,2.4GHz,2400.0,4x,4.0,172,0.8667968968735339,0.7887379799019189,0.943123500388469,False
spring,EDP2,2.4GHz,2400.0,5x,5.0,215,0.5544494686421808,0.4462773810799288,0.6441090097657982,True
spring,EDP2,2.4GHz,2400.0,6x,6.0,258,0.6128254128562929,0.4676188342826177,0.7609304936791687,True
spring,EDP2,2.7GHz,2700.0,1x,1.0,43,4.422752261209876,4.2293103800938425,4.623052325184544,False
spring,EDP2,2.7GHz,2700.0,2x,2.0,86,0.6593866720152215,0.6109597297442517,0.7073679159416012,True
spring,EDP2,2.7GHz,2700.0,3x,3.0,129,0.9840643415014252,0.7400262367582098,1.2749961805716878,False
spring,EDP2,2.7GHz,2700.0,4x,4.0,172,0.8321041049523418,0.7622746032736176,0.8974831123884067,False
spring,EDP2,2.7GHz,2700.0,5x,5.0,215,0.7147508108005581,0.5540977297661264,0.9895099877168196,True
spring,EDP2,2.7GHz,2700.0,6x,6.0,258,0.9437250799461784,0.609792936202102,1.3256660599991552,True
sunflow,Energy,400MHz,400.0,1x,1.0,5,18.4617737,18.1724733775,18.798472200000003,False
sunflow,Energy,400MHz,400.0,2x,2.0,10,5.533587900000001,5.225608040000001,5.9143951675,False
sunflow,Energy,400MHz,400.0,3x,3.0,15,4.439770600000001,4.1854898600000014,4.741245575,False
sunflow,Energy,400MHz,400.0,4x,4.0,20,4.5150757000000015,4.1151078624999995,4.953532957499999,False
sunflow,Energy,400MHz,400.0,5x,5.0,25,4.409332,4.1126830000000005,4.777815250000001,False
sunflow,Energy,400MHz,400.0,6x,6.0,30,4.3636596999999995,4.081635375000001,4.660646494999999,False
sunflow,Energy,800MHz,800.0,1x,1.0,5,11.1886474,11.013394015,11.3925639925,False
sunflow,Energy,800MHz,800.0,2x,2.0,10,3.2825499999999996,3.0684159425000006,3.5377564525000005,False
sunflow,Energy,800MHz,800.0,3x,3.0,15,2.4473879,2.3415129250000004,2.582240837500001,False
sunflow,Energy,800MHz,800.0,4x,4.0,20,2.555597,2.3614881375000003,2.7766914825,False
sunflow,Energy,800MHz,800.0,5x,5.0,25,2.4288086,2.291915920000001,2.6062255999999997,False
sunflow,Energy,800MHz,800.0,6x,6.0,30,2.6147644999999997,2.3539794125,2.9054646925,False
sunflow,Energy,1.2GHz,1200.0,1x,1.0,5,8.861206200000002,8.772093117499999,9.0118500775,False
sunflow,Energy,1.2GHz,1200.0,2x,2.0,10,2.5782593,2.41505753,2.7602778575,False
sunflow,Energy,1.2GHz,1200.0,3x,3.0,15,2.07724,1.950993395,2.23884985,False
sunflow,Energy,1.2GHz,1200.0,4x,4.0,20,1.9307982000000004,1.8414600675,2.0268621675,False
sunflow,Energy,1.2GHz,1200.0,5x,5.0,25,2.1117861,1.9199748925,2.301646525,False
sunflow,Energy,1.2GHz,1200.0,6x,6.0,30,1.9594175999999996,1.8107474825,2.1386247899999997,False
sunflow,Energy,1.8GHz,1800.0,1x,1.0,5,8.089294599999999,7.98695896,8.2117983275,False
sunflow,Energy,1.8GHz,1800.0,2x,2.0,10,2.3414979,2.1936587550000004,2.505866045,False
sunflow,Energy,1.8GHz,1800.0,3x,3.0,15,1.7221924000000002,1.65734407,1.7830893975,True
sunflow,Energy,1.8GHz,1800.0,4x,4.0,20,1.6645446,1.5865989925,1.784105445,True
sunflow,Energy,1.8GHz,1800.0,5x,5.0,25,1.6880493,1.5527998724999998,1.892762825,True
sunflow,Energy,1.8GHz,1800.0,6x,6.0,30,1.8656493,1.6822762750000004,2.055054235,True
sunflow,Energy,2.0GHz,2000.0,1x,1.0,5,8.2474425,8.202331182500002,8.291684537499998,False
sunflow,Energy,2.0GHz,2000.0,2x,2.0,10,2.3256163000000005,2.2196409,2.4789548325000004,False
sunflow,Energy,2.0GHz,2000.0,3x,3.0,15,1.8072386000000005,1.7120619175000005,1.93580256,True
sunflow,Energy,2.0GHz,2000.0,4x,4.0,20,1.7811525,1.6324978775000003,1.95565982,True
sunflow,Energy,2.0GHz,2000.0,5x,5.0,25,1.6418155000000003,1.5794349550000002,1.732400185,True
sunflow,Energy,2.0GHz,2000.0,6x,6.0,30,1.6503358,1.5892145875,1.7144189799999998,True
sunflow,Energy,2.4GHz,2400.0,1x,1.0,5,9.2224121,9.0629536325,9.41627242,False
sunflow,Energy,2.4GHz,2400.0,2x,2.0,10,2.7102234,2.5731997275,2.8742288700000005,False
sunflow,Energy,2.4GHz,2400.0,3x,3.0,15,1.82605,1.7752496399999995,1.8833660799999996,False
sunflow,Energy,2.4GHz,2400.0,4x,4.0,20,2.0656493,1.9028983100000003,2.2394264500000003,False
sunflow,Energy,2.4GHz,2400.0,5x,5.0,25,1.9860781,1.8257900575,2.1808559475,False
sunflow,Energy,2.4GHz,2400.0,6x,6.0,30,1.8576967,1.6750204825,2.075190525,True
sunflow,Energy,2.7GHz,2700.0,1x,1.0,5,9.87973,9.792297389999998,9.992449495,False
sunflow,Energy,2.7GHz,2700.0,2x,2.0,10,2.8432921999999996,2.6882144825000003,3.0248870325,False
sunflow,Energy,2.7GHz,2700.0,3x,3.0,15,2.08067,1.9729836975,2.2314073475,False
sunflow,Energy,2.7GHz,2700.0,4x,4.0,20,2.1343383000000005,1.9750259075,2.3214737875,False
sunflow,Energy,2.7GHz,2700.0,5x,5.0,25,2.0376342,1.86117246,2.2726382399999996,False
sunflow,Energy,2.7GHz,2700.0,6x,6.0,30,1.9901366,1.8641308575,2.17219264,False
sunflow,Time,400MHz,400.0,1x,1.0,5,9917.3,9805.4975,10075.205,False
sunflow,Time,400MHz,400.0,2x,2.0,10,2947.9,2774.58,3154.49,False
sunflow,Time,400MHz,400.0,3x,3.0,15,2357.5,2227.7675000000004,2499.745,False
sunflow,Time,400MHz,400.0,4x,4.0,20,2403.6,2187.0,2663.9075000000003,False
sunflow,Time,400MHz,400.0,5x,5.0,25,2330.5,2167.495,2528.71,False
sunflow,Time,400MHz,400.0,6x,6.0,30,2327.0,2191.575,2482.5,False
sunflow,Time,800MHz,800.0,1x,1.0,5,5252.4,5190.9,5338.8025,False
sunflow,Time,800MHz,800.0,2x,2.0,10,1529.2,1427.6925,1641.25,False
sunflow,Time,800MHz,800.0,3x,3.0,15,1134.6,1085.3925000000002,1195.2025,False
sunflow,Time,800MHz,800.0,4x,4.0,20,1191.4,1099.8975,1298.3425,False
sunflow,Time,800MHz,800.0,5x,5.0,25,1122.1,1057.0975,1202.225,False
sunflow,Time,800MHz,800.0,6x,6.0,30,1211.9,1098.0975,1344.7175,False
sunflow,Time,1.2GHz,1200.0,1x,1.0,5,3550.5,3519.2,3608.2025,False
sunflow,Time,1.2GHz,1200.0,2x,2.0,10,1020.5,958.3975,1092.5425,False
sunflow,Time,1.2GHz,1200.0,3x,3.0,15,819.9,769.7925,877.9075,False
sunflow,Time,1.2GHz,1200.0,4x,4.0,20,763.1,729.795,799.7,False
sunflow,Time,1.2GHz,1200.0,5x,5.0,25,837.3,764.3925,918.1625,False
sunflow,Time,1.2GHz,1200.0,6x,6.0,30,772.4,708.0825,854.5224999999999,False
sunflow,Time,1.8GHz,1800.0,1x,1.0,5,2505.7,2472.6875,2546.7275,False
sunflow,Time,1.8GHz,1800.0,2x,2.0,10,710.5,668.9975,760.1025000000001,False
sunflow,Time,1.8GHz,1800.0,3x,3.0,15,520.8,502.085,538.8,False
sunflow,Time,1.8GHz,1800.0,4x,4.0,20,501.3,476.3,540.505,False
sunflow,Time,1.8GHz,1800.0,5x,5.0,25,507.4,469.7,563.005,False
sunflow,Time,1.8GHz,1800.0,6x,6.0,30,564.7,516.395,621.935,False
sunflow,Time,2.0GHz,2000.0,1x,1.0,5,2277.2,2268.2,2287.9,False
sunflow,Time,2.0GHz,2000.0,2x,2.0,10,626.5,598.2874999999999,665.4025,False
sunflow,Time,2.0GHz,2000.0,3x,3.0,15,485.3,458.3,519.9025,False
sunflow,Time,2.0GHz,2000.0,4x,4.0,20,457.2,433.8925,489.805,False
sunflow,Time,2.0GHz,2000.0,5x,5.0,25,440.0,423.3975,462.0025,False
sunflow,Time,2.0GHz,2000.0,6x,6.0,30,444.3,429.4925,461.3025,False
sunflow,Time,2.4GHz,2400.0,1x,1.0,5,2010.8,1979.7,2043.705,False
sunflow,Time,2.4GHz,2400.0,2x,2.0,10,566.1,536.7,598.3075,False
sunflow,Time,2.4GHz,2400.0,3x,3.0,15,380.7,370.7975,393.6025,True
sunflow,Time,2.4GHz,2400.0,4x,4.0,20,434.3,401.5975,469.6125,False
sunflow,Time,2.4GHz,2400.0,5x,5.0,25,417.1,381.9925,453.63,True
sunflow,Time,2.4GHz,2400.0,6x,6.0,30,389.3,350.2,430.5025,True
sunflow,Time,2.7GHz,2700.0,1x,1.0,5,1820.3,1801.2,1842.2,False
sunflow,Time,2.7GHz,2700.0,2x,2.0,10,500.3,472.295,532.7,False
sunflow,Time,2.7GHz,2700.0,3x,3.0,15,363.3,344.2,391.5025,True
sunflow,Time,2.7GHz,2700.0,4x,4.0,20,372.4,343.5975,405.5125,True
sunflow,Time,2.7GHz,2700.0,5x,5.0,25,356.7,326.4,396.0125,True
sunflow,Time,2.7GHz,2700.0,6x,6.0,30,349.0,326.19,382.5175,True
sunflow,EDP,400MHz,400.0,1x,1.0,5,183.2011326088,178.5368136184825,189.9950653663175,False
sunflow,EDP,400MHz,400.0,2x,2.0,10,16.4896206337,14.56137676686,19.047894527784997,False
sunflow,EDP,400MHz,400.0,3x,3.0,15,10.5654095633,9.359434819395002,12.0149987797125,False
sunflow,EDP,400MHz,400.0,4x,4.0,20,11.095092607800002,9.26763097713,13.390595869045,False
sunflow,EDP,400MHz,400.0,5x,5.0,25,10.4391452658,8.929704925985,12.367773286587497,False
sunflow,EDP,400MHz,400.0,6x,6.0,30,10.2643737905,8.990419578467499,11.6044571680075,False
sunflow,EDP,800MHz,800.0,1x,1.0,5,58.8055819486,57.21983347634251,61.181994078079995,False
sunflow,EDP,800MHz,800.0,2x,2.0,10,5.0863694202,4.370706199044999,5.9316763751825,False
sunflow,EDP,800MHz,800.0,3x,3.0,15,2.7954661143,2.5309312928225,3.1033315616525,False
sunflow,EDP,800MHz,800.0,4x,4.0,20,3.1019932074000005,2.61076473649,3.74352068682,False
sunflow,EDP,800MHz,800.0,5x,5.0,25,2.7538903473999996,2.42831265425,3.1665158416225005,False
sunflow,EDP,800MHz,800.0,6x,6.0,30,3.2638398496,2.583356227865001,4.00997966589,False
sunflow,EDP,1.2GHz,1200.0,1x,1.0,5,31.4792370295,30.87704229167,32.551692031835,False
sunflow,EDP,1.2GHz,1200.0,2x,2.0,10,2.6591234461999997,2.3305761205424997,3.0193904828575,False
sunflow,EDP,1.2GHz,1200.0,3x,3.0,15,1.7249416326999998,1.4955524970049998,1.9869083337775,False
sunflow,EDP,1.2GHz,1200.0,4x,4.0,20,1.4825369811,1.3430250982524998,1.628664253365,False
sunflow,EDP,1.2GHz,1200.0,5x,5.0,25,1.8073110406999997,1.5022332483225005,2.1478790346725,False
sunflow,EDP,1.2GHz,1200.0,6x,6.0,30,1.5450314432,1.300059345425,1.84698989556,False
sunflow,EDP,1.8GHz,1800.0,1x,1.0,5,20.280674363000003,19.739982077199997,20.896676477925,False
sunflow,EDP,1.8GHz,1800.0,2x,2.0,10,1.6822081130999995,1.4711857565825002,1.9272393694649996,False
sunflow,EDP,1.8GHz,1800.0,3x,3.0,15,0.8998547704,0.8303342298650002,0.9606319507750002,False
sunflow,EDP,1.8GHz,1800.0,4x,4.0,20,0.8439011418,0.7550784492775,0.982179062535,False
sunflow,EDP,1.8GHz,1800.0,5x,5.0,25,0.8796746939,0.7280841105550001,1.1108143455925,True
sunflow,EDP,1.8GHz,1800.0,6x,6.0,30,1.0795521028,0.875919338705,1.2910726409500002,False
sunflow,EDP,2.0GHz,2000.0,1x,1.0,5,18.7818248974,18.6246211107675,18.938651030207495,False
sunflow,EDP,2.0GHz,2000.0,2x,2.0,10,1.4684490307,1.3274021816275,1.65355613214,False
sunflow,EDP,2.0GHz,2000.0,3x,3.0,15,0.8862410392,0.7858956059100001,1.0224223346574997,False
sunflow,EDP,2.0GHz,2000.0,4x,4.0,20,0.8207130476,0.7197388266400001,0.9503971177575,True
sunflow,EDP,2.0GHz,2000.0,5x,5.0,25,0.7263551197,0.66719044292,0.8126936707925,True
sunflow,EDP,2.0GHz,2000.0,6x,6.0,30,0.7358138117999999,0.682343700005,0.7908992305599999,True
sunflow,EDP,2.4GHz,2400.0,1x,1.0,5,18.559077655900005,17.98434895993,19.30089385256,False
sunflow,EDP,2.4GHz,2400.0,2x,2.0,10,1.5458764812,1.3857844957675,1.7398231623225002,False
sunflow,EDP,2.4GHz,2400.0,3x,3.0,15,0.6967077862,0.66111872179,0.7400056874900001,True
sunflow,EDP,2.4GHz,2400.0,4x,4.0,20,0.9117583763,0.7788354837900001,1.0558083823525002,False
sunflow,EDP,2.4GHz,2400.0,5x,5.0,25,0.846030331,0.711833856975,0.9995619136675,True
sunflow,EDP,2.4GHz,2400.0,6x,6.0,30,0.7432520972,0.60814292161,0.9188286330725,True
sunflow,EDP,2.7GHz,2700.0,1x,1.0,5,17.9896001969,17.649243787264997,18.4175173854825,False
sunflow,EDP,2.7GHz,2700.0,2x,2.0,10,1.4367629743,1.274708103445,1.6230089223,False
sunflow,EDP,2.7GHz,2700.0,3x,3.0,15,0.7642574229,0.6726250284250002,0.8757933488824999,True
sunflow,EDP,2.7GHz,2700.0,4x,4.0,20,0.8085780241,0.6893710851374999,0.9552023235625,True
sunflow,EDP,2.7GHz,2700.0,5x,5.0,25,0.7456718563,0.6028975752750001,0.9353563812475,True
sunflow,EDP,2.7GHz,2700.0,6x,6.0,30,0.7058730381,0.6052211966525,0.8620819609149999,True
sunflow,EDP2,400MHz,400.0,1x,1.0,5,3386.9710874977195,3253.4110276893703,3568.689103603643,False
sunflow,EDP2,400MHz,400.0,2x,2.0,10,93.33787731339432,76.81205887704306,117.4988030865521,False
sunflow,EDP2,400MHz,400.0,3x,3.0,15,47.81305502631548,39.823035072372605,56.75201709053045,False
sunflow,EDP2,400MHz,400.0,4x,4.0,20,52.47435428434402,38.48239934720404,69.61273815853389,False
sunflow,EDP2,400MHz,400.0,5x,5.0,25,47.58839507432802,36.98379954084407,60.62659808196437,False
sunflow,EDP2,400MHz,400.0,6x,6.0,30,45.79140424730744,37.11039674623258,55.31139211878354,False
sunflow,EDP2,800MHz,800.0,1x,1.0,5,658.9402915396087,632.2813730620047,699.1560843202643,False
sunflow,EDP2,800MHz,800.0,2x,2.0,10,17.15997466335747,13.565379577131395,21.759905371942725,False
sunflow,EDP2,800MHz,800.0,3x,3.0,15,6.93958825785613,5.938806352810101,8.196081432283599,False
sunflow,EDP2,800MHz,800.0,4x,4.0,20,8.237956543639353,6.153326144564322,10.587191648945014,False
sunflow,EDP2,800MHz,800.0,5x,5.0,25,6.836498512589502,5.533233817059297,8.41833217200938,False
sunflow,EDP2,800MHz,800.0,6x,6.0,30,9.064470110898302,6.125802891392783,12.52037264149973,False
sunflow,EDP2,1.2GHz,1200.0,1x,1.0,5,279.26893624053173,270.8425439129552,293.6404560685313,False
sunflow,EDP2,1.2GHz,1200.0,2x,2.0,10,7.007903247798138,5.649724618378726,8.590964835599367,False
sunflow,EDP2,1.2GHz,1200.0,3x,3.0,15,3.681334751431767,2.9682473720684808,4.691360168482162,False
sunflow,EDP2,1.2GHz,1200.0,4x,4.0,20,2.899127776776518,2.482111210893176,3.3738154871430295,False
sunflow,EDP2,1.2GHz,1200.0,5x,5.0,25,3.985493110203581,2.89878517651159,5.06714946253066,False
sunflow,EDP2,1.2GHz,1200.0,6x,6.0,30,3.159865506064468,2.294675978745541,4.081216447382478,False
sunflow,EDP2,1.8GHz,1800.0,1x,1.0,5,164.24905829953713,157.70258817542802,171.7782679619214,False
sunflow,EDP2,1.8GHz,1800.0,2x,2.0,10,4.031532562980429,3.280844692560344,4.9416593499243175,False
sunflow,EDP2,1.8GHz,1800.0,3x,3.0,15,1.5601237362436031,1.3862785813960463,1.718275740766858,True
sunflow,EDP2,1.8GHz,1800.0,4x,4.0,20,1.4391430937909722,1.1969684577366682,1.8294009484120877,True
sunflow,EDP2,1.8GHz,1800.0,5x,5.0,25,1.5789979325770254,1.142087445163377,2.28541252244155,True
sunflow,EDP2,1.8GHz,1800.0,6x,6.0,30,2.1163001803097514,1.569503781568084,2.804265699233524,False
sunflow,EDP2,2.0GHz,2000.0,1x,1.0,5,154.91971615093206,152.80939048890272,156.97566926294897,False
sunflow,EDP2,2.0GHz,2000.0,2x,2.0,10,3.4731022763273836,2.9685388293328185,4.199687166204013,False
sunflow,EDP2,2.0GHz,2000.0,3x,3.0,15,1.6373704562122735,1.3541619753787038,2.0549734051533144,True
sunflow,EDP2,2.0GHz,2000.0,4x,4.0,20,1.5054739910415456,1.1928109523044828,1.9104980381992611,True
sunflow,EDP2,2.0GHz,2000.0,5x,5.0,25,1.2060377765753247,1.0560696255674311,1.429366743798793,True
sunflow,EDP2,2.0GHz,2000.0,6x,6.0,30,1.2231127050648036,1.0829820516227484,1.3607953078930073,True
sunflow,EDP2,2.4GHz,2400.0,1x,1.0,5,171.4537461021104,163.20144567102258,181.7096106189948,False
sunflow,EDP2,2.4GHz,2400.0,2x,2.0,10,4.255049567553157,3.5802363522825793,5.00691190530505,False
sunflow,EDP2,2.4GHz,2400.0,3x,3.0,15,1.2779590899401954,1.1661949864516723,1.3947274748775167,True
sunflow,EDP2,2.4GHz,2400.0,4x,4.0,20,1.9443751493822743,1.5218692579961208,2.4127852199512856,False
sunflow,EDP2,2.4GHz,2400.0,5x,5.0,25,1.7554628001469643,1.3060496895517617,2.3411384228066057,True
sunflow,EDP2,2.4GHz,2400.0,6x,6.0,30,1.4626072759404984,0.9783630691659566,2.0223899718136393,True
sunflow,EDP2,2.7GHz,2700.0,1x,1.0,5,177.84307851902742,172.8328570950761,184.34846213855775,False
sunflow,EDP2,2.7GHz,2700.0,2x,2.0,10,4.170855541563377,3.4303801898563493,5.093626543814257,False
sunflow,EDP2,2.7GHz,2700.0,3x,3.0,15,1.6282077111352364,1.344445888238772,2.017867049519387,True
sunflow,EDP2,2.7GHz,2700.0,4x,4.0,20,1.7884479175960102,1.348243827456507,2.278392767591713,True
sunflow,EDP2,2.7GHz,2700.0,5x,5.0,25,1.6046956764891065,1.13061321932257,2.1943131562112006,True
sunflow,EDP2,2.7GHz,2700.0,6x,6.0,30,1.4540216907309644,1.1463709037365286,1.9171061557123517,True
xalan,Energy,400MHz,400.0,1x,1.0,5,9.5157411,9.202170150000002,9.8040154825,False
xalan,Energy,400MHz,400.0,2x,2.0,10,3.2150453000000008,3.0498643325000003,3.3712215050000007,False
xalan,Energy,400MHz,400.0,3x,3.0,15,2.5576905000000005,2.3928310325,2.7079807275,False
xalan,Energy,400MHz,400.0,4x,4.0,20,2.6195924,2.4317114,2.8017876875,False
xalan,Energy,400MHz,400.0,5x,5.0,25,2.5438538,2.3615043074999997,2.728630035,False
xalan,Energy,400MHz,400.0,6x,6.0,30,2.7691774,2.6479982675,2.9038406949999995,False
xalan,Energy,800MHz,800.0,1x,1.0,5,5.4926758,5.3298676975,5.6376958649999995,False
xalan,Energy,800MHz,800.0,2x,2.0,10,1.875348,1.84714777,1.9082197199999995,False
xalan,Energy,800MHz,800.0,3x,3.0,15,1.624701,1.5826342225,1.6651013475,False
xalan,Energy,800MHz,800.0,4x,4.0,20,1.5521545,1.478212755,1.6186658774999998,False
xalan,Energy,800MHz,800.0,5x,5.0,25,1.5365173,1.4369790175,1.6227834400000003,False
xalan,Energy,800MHz,800.0,6x,6.0,30,1.5095399,1.4157546625,1.59308724,False
xalan,Energy,1.2GHz,1200.0,1x,1.0,5,4.597943000000001,4.49020718,4.6943253625,False
xalan,Energy,1.2GHz,1200.0,2x,2.0,10,1.5040773,1.4487543924999997,1.548699795,False
xalan,Energy,1.2GHz,1200.0,3x,3.0,15,1.2398314,1.1845301974999998,1.2826097275,False
xalan,Energy,1.2GHz,1200.0,4x,4.0,20,1.2039245,1.1242411525,1.26724333,False
xalan,Energy,1.2GHz,1200.0,5x,5.0,25,1.2055052999999998,1.1405396499999998,1.2671415949999998,False
xalan,Energy,1.2GHz,1200.0,6x,6.0,30,1.2664978000000002,1.23306635,1.29204893,False
xalan,Energy,1.8GHz,1800.0,1x,1.0,5,4.085852000000001,3.9750142325,4.2164756525,False
xalan,Energy,1.8GHz,1800.0,2x,2.0,10,1.350128,1.2558326549999996,1.4816748199999998,False
xalan,Energy,1.8GHz,1800.0,3x,3.0,15,1.1451905000000002,1.0857730525,1.1888957675,True
xalan,Energy,1.8GHz,1800.0,4x,4.0,20,1.129187,1.0784093,1.1732800625,True
xalan,Energy,1.8GHz,1800.0,5x,5.0,25,1.09812,1.0476232525,1.1436831575,True
xalan,Energy,1.8GHz,1800.0,6x,6.0,30,1.0572753,1.0101411824999995,1.1045525625,True
xalan,Energy,2.0GHz,2000.0,1x,1.0,5,4.361846999999999,4.228640362499999,4.4693610725,False
xalan,Energy,2.0GHz,2000.0,2x,2.0,10,1.3887571,1.34165589,1.42450733,False
xalan,Energy,2.0GHz,2000.0,3x,3.0,15,1.1818726,1.1467188325,1.2144228524999998,False
xalan,Energy,2.0GHz,2000.0,4x,4.0,20,1.1205444999999998,1.05867767,1.1677318175,True
xalan,Energy,2.0GHz,2000.0,5x,5.0,25,1.1668519,1.1363336825,1.1917205525,False
xalan,Energy,2.0GHz,2000.0,6x,6.0,30,1.1135071,1.0592930975,1.15909596,True
xalan,Energy,2.4GHz,2400.0,1x,1.0,5,4.6452024000000005,4.5053384675,4.7811854275,False
xalan,Energy,2.4GHz,2400.0,2x,2.0,10,1.4951173000000002,1.45209055,1.5381189475,False
xalan,Energy,2.4GHz,2400.0,3x,3.0,15,1.2514953,1.1881639225,1.3036849774999997,False
xalan,Energy,2.4GHz,2400.0,4x,4.0,20,1.2011965,1.1497196125,1.2398208825,False
xalan,Energy,2.4GHz,2400.0,5x,5.0,25,1.2157898,1.1780945499999995,1.2506779574999998,False
xalan,Energy,2.4GHz,2400.0,6x,6.0,30,1.2643433000000002,1.2127422925000002,1.2993288525000002,False
xalan,Energy,2.7GHz,2700.0,1x,1.0,5,4.9749206,4.8673539675,5.0680308175,False
xalan,Energy,2.7GHz,2700.0,2x,2.0,10,1.5959169000000002,1.5622377975,1.6239399375,False
xalan,Energy,2.7GHz,2700.0,3x,3.0,15,1.2980774,1.2404803575,1.3466928175,False
xalan,Energy,2.7GHz,2700.0,4x,4.0,20,1.3048463,1.2720849274999997,1.3320159525,False
xalan,Energy,2.7GHz,2700.0,5x,5.0,25,1.2786377999999998,1.2304048899999998,1.3225625,False
xalan,Energy,2.7GHz,2700.0,6x,6.0,30,1.3114748,1.263680945,1.34618666,False
xalan,Time,400MHz,400.0,1x,1.0,5,5008.9,4864.165,5144.1025,False
xalan,Time,400MHz,400.0,2x,2.0,10,1700.4,1614.0175,1771.6074999999998,False
xalan,Time,400MHz,400.0,3x,3.0,15,1364.8,1271.2825,1446.0425,False
xalan,Time,400MHz,400.0,4x,4.0,20,1392.0,1294.8875,1482.6725,False
xalan,Time,400MHz,400.0,5x,5.0,25,1360.7,1251.4,1463.4075,False
xalan,Time,400MHz,400.0,6x,6.0,30,1444.2,1377.9925,1498.1225,False
xalan,Time,800MHz,800.0,1x,1.0,5,2585.9,2519.1949999999997,2651.9100000000003,False
xalan,Time,800MHz,800.0,2x,2.0,10,884.2,866.8,900.205,False
xalan,Time,800MHz,800.0,3x,3.0,15,763.8,742.9,781.7025,False
xalan,Time,800MHz,800.0,4x,4.0,20,735.4,697.475,766.41,False
xalan,Time,800MHz,800.0,5x,5.0,25,729.5,685.885,767.62,False
xalan,Time,800MHz,800.0,6x,6.0,30,715.6,669.2874999999999,754.5,False
xalan,Time,1.2GHz,1200.0,1x,1.0,5,1804.6,1771.9875,1833.41,False
xalan,Time,1.2GHz,1200.0,2x,2.0,10,580.4,560.99,596.6025000000001,False
xalan,Time,1.2GHz,1200.0,3x,3.0,15,491.6,466.2925,510.1025,False
xalan,Time,1.2GHz,1200.0,4x,4.0,20,478.1,443.995,504.5125,False
xalan,Time,1.2GHz,1200.0,5x,5.0,25,477.6,444.9,500.7025,False
xalan,Time,1.2GHz,1200.0,6x,6.0,30,505.6,491.0,516.1,False
xalan,Time,1.8GHz,1800.0,1x,1.0,5,1225.2,1194.8,1259.9075,False
xalan,Time,1.8GHz,1800.0,2x,2.0,10,392.0,366.6975,420.7424999999999,False
xalan,Time,1.8GHz,1800.0,3x,3.0,15,332.1,315.785,342.6,False
xalan,Time,1.8GHz,1800.0,4x,4.0,20,326.3,309.3,340.0025,False
xalan,Time,1.8GHz,1800.0,5x,5.0,25,315.2,298.79,331.805,False
xalan,Time,1.8GHz,1800.0,6x,6.0,30,305.6,290.9,319.605,False
xalan,Time,2.0GHz,2000.0,1x,1.0,5,1164.1,1130.9,1191.2,False
xalan,Time,2.0GHz,2000.0,2x,2.0,10,362.6,351.2975,371.9,False
xalan,Time,2.0GHz,2000.0,3x,3.0,15,304.0,297.1975,310.7,False
xalan,Time,2.0GHz,2000.0,4x,4.0,20,291.8,274.9825,304.0025,False
xalan,Time,2.0GHz,2000.0,5x,5.0,25,302.3,294.0975,307.7,False
xalan,Time,2.0GHz,2000.0,6x,6.0,30,287.8,272.9925,300.4,False
xalan,Time,2.4GHz,2400.0,1x,1.0,5,978.6,949.965,1004.9,False
xalan,Time,2.4GHz,2400.0,2x,2.0,10,307.0,298.3975,314.3,False
xalan,Time,2.4GHz,2400.0,3x,3.0,15,254.2,242.0975,263.505,False
xalan,Time,2.4GHz,2400.0,4x,4.0,20,246.1,235.2975,253.7,False
xalan,Time,2.4GHz,2400.0,5x,5.0,25,247.3,240.3,253.4,False
xalan,Time,2.4GHz,2400.0,6x,6.0,30,256.6,247.2975,263.9,False
xalan,Time,2.7GHz,2700.0,1x,1.0,5,885.1,868.2975,900.705,False
xalan,Time,2.7GHz,2700.0,2x,2.0,10,277.3,270.395,282.4,False
xalan,Time,2.7GHz,2700.0,3x,3.0,15,223.9,215.0,232.5,True
xalan,Time,2.7GHz,2700.0,4x,4.0,20,225.2,219.8,229.9,True
xalan,Time,2.7GHz,2700.0,5x,5.0,25,219.6,211.3975,226.7,True
xalan,Time,2.7GHz,2700.0,6x,6.0,30,226.6,218.0975,232.0,True
xalan,EDP,400MHz,400.0,1x,1.0,5,47.7692578823,44.89988418224499,50.425546186990005,False
xalan,EDP,400MHz,400.0,2x,2.0,10,5.5002315757,4.93542320621,6.01316428049,False
xalan,EDP,400MHz,400.0,3x,3.0,15,3.5244154539,3.082284445915,3.9085687944125,False
xalan,EDP,400MHz,400.0,4x,4.0,20,3.69116658,3.1674516993275006,4.1061518265625,False
xalan,EDP,400MHz,400.0,5x,5.0,25,3.512292677,3.000128621595,3.9988053182725,False
xalan,EDP,400MHz,400.0,6x,6.0,30,4.0128256102,3.6933148363774992,4.3313488373075,False
xalan,EDP,800MHz,800.0,1x,1.0,5,14.2300031379,13.4484024651375,14.9617183840325,False
xalan,EDP,800MHz,800.0,2x,2.0,10,1.6594035194,1.6022509979425,1.7175724177824998,False
xalan,EDP,800MHz,800.0,3x,3.0,15,1.2428308562,1.1832500245374995,1.299822177775,False
xalan,EDP,800MHz,800.0,4x,4.0,20,1.1484838461,1.03319144989,1.2419339747100002,False
xalan,EDP,800MHz,800.0,5x,5.0,25,1.1305817914000005,0.9970876396425,1.2415936624575,False
xalan,EDP,800MHz,800.0,6x,6.0,30,1.089860374,0.969705286285,1.2080760844924998,False
xalan,EDP,1.2GHz,1200.0,1x,1.0,5,8.305825612200001,7.98454600598,8.634219413870001,False
xalan,EDP,1.2GHz,1200.0,2x,2.0,10,0.8752993310999999,0.8168267115725,0.92221401493,False
xalan,EDP,1.2GHz,1200.0,3x,3.0,15,0.6122093305,0.5649521035050001,0.6536979216450001,False
xalan,EDP,1.2GHz,1200.0,4x,4.0,20,0.5809615704000001,0.5062072921375,0.6437003196875,False
xalan,EDP,1.2GHz,1200.0,5x,5.0,25,0.5802960414999999,0.5119949125600001,0.6358301243549999,False
xalan,EDP,1.2GHz,1200.0,6x,6.0,30,0.6412118064,0.608926678625,0.665883215485,False
xalan,EDP,1.8GHz,1800.0,1x,1.0,5,5.016220737300001,4.7604524705074995,5.323399467400001,False
xalan,EDP,1.8GHz,1800.0,2x,2.0,10,0.5377530197999999,0.462072235665,0.6361732834299999,False
xalan,EDP,1.8GHz,1800.0,3x,3.0,15,0.3823794512,0.3450586037274999,0.4064214735425,False
xalan,EDP,1.8GHz,1800.0,4x,4.0,20,0.3704199674,0.3398763568625,0.39921238699,False
xalan,EDP,1.8GHz,1800.0,5x,5.0,25,0.3482313472,0.31246742981,0.3802530282175,False
xalan,EDP,1.8GHz,1800.0,6x,6.0,30,0.3248617568,0.29608767567,0.3545111930775,True
xalan,EDP,2.0GHz,2000.0,1x,1.0,5,5.0871313258,4.814629935259999,5.314476771557499,False
xalan,EDP,2.0GHz,2000.0,2x,2.0,10,0.5047621413,0.471389895565,0.5301985157825001,False
xalan,EDP,2.0GHz,2000.0,3x,3.0,15,0.3598554759,0.33894515643,0.3763246426825,False
xalan,EDP,2.0GHz,2000.0,4x,4.0,20,0.3290481724,0.2944367502025,0.35464143842,True
xalan,EDP,2.0GHz,2000.0,5x,5.0,25,0.3532666232,0.3351430675725,0.366316033105,False
xalan,EDP,2.0GHz,2000.0,6x,6.0,30,0.3223918813,0.291365842,0.3499594287624999,True
xalan,EDP,2.4GHz,2400.0,1x,1.0,5,4.5558397921,4.27825915342,4.812881684435,False
xalan,EDP,2.4GHz,2400.0,2x,2.0,10,0.4598793261,0.43330274621,0.4851944652875,False
xalan,EDP,2.4GHz,2400.0,3x,3.0,15,0.319891617,0.2896527027825,0.3450284600199999,True
xalan,EDP,2.4GHz,2400.0,4x,4.0,20,0.2966839696999999,0.2719033221875,0.3151132819425,True
xalan,EDP,2.4GHz,2400.0,5x,5.0,25,0.3012261231,0.2851510256125,0.3168846473025,True
xalan,EDP,2.4GHz,2400.0,6x,6.0,30,0.3253515615,0.3041009805525,0.34341626557,False
xalan,EDP,2.7GHz,2700.0,1x,1.0,5,4.4077296253,4.226071530774999,4.5643763034275,False
xalan,EDP,2.7GHz,2700.0,2x,2.0,10,0.4430653569,0.4236795876199999,0.4584984756974999,False
xalan,EDP,2.7GHz,2700.0,3x,3.0,15,0.2919181358,0.266578194675,0.31307890022,True
xalan,EDP,2.7GHz,2700.0,4x,4.0,20,0.2942331159,0.2809334498725,0.3069864064625,True
xalan,EDP,2.7GHz,2700.0,5x,5.0,25,0.2816770156,0.2614314712575,0.2997932793775,True
xalan,EDP,2.7GHz,2700.0,6x,6.0,30,0.2980088129999999,0.2778278743525,0.3119266289625,True
xalan,EDP2,400MHz,400.0,1x,1.0,5,456.7821852573803,418.1647293590413,497.3501687754686,False
xalan,EDP2,400MHz,400.0,2x,2.0,10,17.90187647494364,15.50425283919336,20.175381784996524,False
xalan,EDP2,400MHz,400.0,3x,3.0,15,9.185856001573454,7.639795207995551,10.731641774147471,False
xalan,EDP2,400MHz,400.0,4x,4.0,20,9.895565608884503,7.93275286066108,11.579905142760548,False
xalan,EDP2,400MHz,400.0,5x,5.0,25,9.179642696820835,7.135471043143629,11.01913226674793,False
xalan,EDP2,400MHz,400.0,6x,6.0,30,11.216976870159908,9.865150587405456,12.683687479576214,False
xalan,EDP2,800MHz,800.0,1x,1.0,5,78.47295646063971,72.48952122666594,84.9115248456572,False
xalan,EDP2,800MHz,800.0,2x,2.0,10,3.116573132849428,2.9539842148817814,3.2881218533208147,False
xalan,EDP2,800MHz,800.0,3x,3.0,15,2.0256224425073315,1.8803617908655683,2.172550793531946,False
xalan,EDP2,800MHz,800.0,4x,4.0,20,1.803107524961178,1.5607578851179882,2.0201879154309785,False
xalan,EDP2,800MHz,800.0,5x,5.0,25,1.7666025100313505,1.4776288788801084,2.0282272860964725,False
xalan,EDP2,800MHz,800.0,6x,6.0,30,1.6736082963553105,1.403628867345723,1.945674851390948,False
xalan,EDP2,1.2GHz,1200.0,1x,1.0,5,38.27868708980738,35.83960673200528,40.57597054514551,False
xalan,EDP2,1.2GHz,1200.0,2x,2.0,10,1.323736950274841,1.184090218576116,1.4330333092963443,False
xalan,EDP2,1.2GHz,1200.0,3x,3.0,15,0.7650774845651619,0.6762253528690786,0.8401857916188584,False
xalan,EDP2,1.2GHz,1200.0,4x,4.0,20,0.7114874850510502,0.5957046022265272,0.8149462676418301,False
xalan,EDP2,1.2GHz,1200.0,5x,5.0,25,0.709710454328545,0.5965033928982097,0.8045426357472171,False
xalan,EDP2,1.2GHz,1200.0,6x,6.0,30,0.8142062044750693,0.7559895594056875,0.8607115323486123,False
xalan,EDP2,1.8GHz,1800.0,1x,1.0,5,20.585377550898983,18.944775197729665,22.67898435167448,False
xalan,EDP2,1.8GHz,1800.0,2x,2.0,10,0.7535316515169682,0.5896484493688374,1.007955745881474,False
xalan,EDP2,1.8GHz,1800.0,3x,3.0,15,0.4424399224274444,0.3834249737378459,0.4858775115528181,True
xalan,EDP2,1.8GHz,1800.0,4x,4.0,20,0.4223644320032652,0.3689934542660731,0.4670749087031007,True
xalan,EDP2,1.8GHz,1800.0,5x,5.0,25,0.3866154690778204,0.3320789324478683,0.4406721041682024,True
xalan,EDP2,1.8GHz,1800.0,6x,6.0,30,0.3471659365248528,0.3009637133065519,0.3933679091306473,True
xalan,EDP2,2.0GHz,2000.0,1x,1.0,5,22.273724377640807,20.49558260624325,23.824825914390576,False
xalan,EDP2,2.0GHz,2000.0,2x,2.0,10,0.7042605151324544,0.6373183344679021,0.753867789547594,False
xalan,EDP2,2.0GHz,2000.0,3x,3.0,15,0.4269052380522077,0.3945645316247312,0.4607751713950654,False
xalan,EDP2,2.0GHz,2000.0,4x,4.0,20,0.3731157322057344,0.3185503770441548,0.4157597296068105,True
xalan,EDP2,2.0GHz,2000.0,5x,5.0,25,0.4134427039232668,0.382259178138618,0.437788492102273,True
xalan,EDP2,2.0GHz,2000.0,6x,6.0,30,0.3631207196373571,0.313396221686212,0.4069895214445134,True
xalan,EDP2,2.4GHz,2400.0,1x,1.0,5,21.256954040481585,19.376871243514717,23.08507090433348,False
xalan,EDP2,2.4GHz,2400.0,2x,2.0,10,0.6905053383839224,0.6331239923843721,0.7465365333945784,False
xalan,EDP2,2.4GHz,2400.0,3x,3.0,15,0.4047048410911938,0.3507882894509201,0.449750381862214,True
xalan,EDP2,2.4GHz,2400.0,4x,4.0,20,0.3588818272014708,0.3176113041447488,0.3910569624306755,True
xalan,EDP2,2.4GHz,2400.0,5x,5.0,25,0.3677698443083163,0.3357002684371778,0.3982348884128242,True
xalan,EDP2,2.4GHz,2400.0,6x,6.0,30,0.4136677980843687,0.3683597121455231,0.4469958416524905,True
xalan,EDP2,2.7GHz,2700.0,1x,1.0,5,21.97275605237394,20.61766032658274,23.221909200361825,False
xalan,EDP2,2.7GHz,2700.0,2x,2.0,10,0.7086538451639551,0.6629121759536438,0.7447226760065364,False
xalan,EDP2,2.7GHz,2700.0,3x,3.0,15,0.3821975543974614,0.3357278886867099,0.4242657203346343,True
xalan,EDP2,2.7GHz,2700.0,4x,4.0,20,0.3849249027063627,0.3572706212958573,0.4084413060720001,True
xalan,EDP2,2.7GHz,2700.0,5x,5.0,25,0.3624768518083422,0.3236652405770728,0.3980785676918104,True
xalan,EDP2,2.7GHz,2700.0,6x,6.0,30,0.392949431261979,0.354893253067172,0.4214943706741114,True
zxing,Energy,400MHz,400.0,1x,1.0,5,10.09151,9.399078352500002,10.75782007,False
zxing,Energy,400MHz,400.0,2x,2.0,10,5.6596069,4.8391296825,6.696440802500001,False
zxing,Energy,400MHz,400.0,3x,3.0,15,6.381255900000001,5.378135105000001,7.29646853,False
zxing,Energy,400MHz,400.0,4x,4.0,20,6.5219606,5.4271154675,7.593591595,False
zxing,Energy,400MHz,400.0,5x,5.0,25,6.291870300000001,5.13506672,7.436300082500001,False
zxing,Energy,400MHz,400.0,6x,6.0,30,7.319433599999999,6.3056214675,8.319636695,False
zxing,Energy,800MHz,800.0,1x,1.0,5,6.169293,5.813665585,6.5608241725,False
zxing,Energy,800MHz,800.0,2x,2.0,10,3.5159118,2.8796856400000004,4.1651591875000005,False
zxing,Energy,800MHz,800.0,3x,3.0,15,3.3296145000000004,2.7281896275,3.9902029525,False
zxing,Energy,800MHz,800.0,4x,4.0,20,4.4236448,3.7118160325000007,4.974381204999999,False
zxing,Energy,800MHz,800.0,5x,5.0,25,3.2582825,2.7163703325000004,3.8738837375,False
zxing,Energy,800MHz,800.0,6x,6.0,30,3.7475097,3.0257057400000003,4.484109155,False
zxing,Energy,1.2GHz,1200.0,1x,1.0,5,4.6649597,4.4077266825,4.9440261775000005,False
zxing,Energy,1.2GHz,1200.0,2x,2.0,10,2.2221312,2.1466412625,2.31338099,True
zxing,Energy,1.2GHz,1200.0,3x,3.0,15,3.0524472,2.5564275975,3.474857529999999,False
zxing,Energy,1.2GHz,1200.0,4x,4.0,20,3.3737426,2.8296720100000003,3.8271286475,False
zxing,Energy,1.2GHz,1200.0,5x,5.0,25,2.8001526,2.290813305,3.3453314574999995,True
zxing,Energy,1.2GHz,1200.0,6x,6.0,30,3.2219603,2.601799185,3.866867622500001,False
zxing,Energy,1.8GHz,1800.0,1x,1.0,5,4.156591999999999,4.005467985,4.33047487,False
zxing,Energy,1.8GHz,1800.0,2x,2.0,10,2.5083983,2.08157263,2.955215532499999,True
zxing,Energy,1.8GHz,1800.0,3x,3.0,15,2.1249449999999994,1.76870655,2.5277131524999996,True
zxing,Energy,1.8GHz,1800.0,4x,4.0,20,2.6882812000000005,2.2491548874999996,3.0883921525,True
zxing,Energy,1.8GHz,1800.0,5x,5.0,25,2.4966491,2.1221009825,2.8989459299999996,True
zxing,Energy,1.8GHz,1800.0,6x,6.0,30,2.4538085,2.0081957925000005,2.8707717424999997,True
zxing,Energy,2.0GHz,2000.0,1x,1.0,5,4.3590636,4.200606377500001,4.482714457499999,False
zxing,Energy,2.0GHz,2000.0,2x,2.0,10,2.6495971999999997,2.1835342475000004,3.1009252075,True
zxing,Energy,2.0GHz,2000.0,3x,3.0,15,2.498816,2.1415740825,2.8646116025,True
zxing,Energy,2.0GHz,2000.0,4x,4.0,20,2.6443236000000003,2.181922195,3.1245910775000003,True
zxing,Energy,2.0GHz,2000.0,5x,5.0,25,2.590747,2.109288655,3.059593665,True
zxing,Energy,2.0GHz,2000.0,6x,6.0,30,2.5799194000000005,2.0978626075,3.0253004274999995,True
zxing,Energy,2.4GHz,2400.0,1x,1.0,5,4.5781556000000005,4.4811800349999995,4.65439023,False
zxing,Energy,2.4GHz,2400.0,2x,2.0,10,3.3874023,2.8242602075000005,4.110429954999999,False
zxing,Energy,2.4GHz,2400.0,3x,3.0,15,2.675915499999999,2.1603351725,3.14628917,True
zxing,Energy,2.4GHz,2400.0,4x,4.0,20,2.6070923,2.160346435,3.0756975799999995,True
zxing,Energy,2.4GHz,2400.0,5x,5.0,25,3.0050478000000003,2.58151223,3.4777589,False
zxing,Energy,2.4GHz,2400.0,6x,6.0,30,2.789911,2.3023897925,3.25221577,True
zxing,Energy,2.7GHz,2700.0,1x,1.0,5,4.994293300000001,4.8933834875,5.098591325,False
zxing,Energy,2.7GHz,2700.0,2x,2.0,10,3.0592529,2.4707241775,3.6155494325,True
zxing,Energy,2.7GHz,2700.0,3x,3.0,15,3.0243165999999997,2.447416625,3.5122023299999996,True
zxing,Energy,2.7GHz,2700.0,4x,4.0,20,2.9119081,2.3815304275000004,3.4142196775,True
zxing,Energy,2.7GHz,2700.0,5x,5.0,25,2.9500548,2.4017739475,3.537508109999999,True
zxing,Energy,2.7GHz,2700.0,6x,6.0,30,3.323767,2.891700665,3.6989545374999993,False
zxing,Time,400MHz,400.0,1x,1.0,5,5457.3,5081.3375,5834.912499999999,False
zxing,Time,400MHz,400.0,2x,2.0,10,3013.4,2535.7325,3532.3250000000003,False
zxing,Time,400MHz,400.0,3x,3.0,15,3389.1,2859.035,3881.2575,False
zxing,Time,400MHz,400.0,4x,4.0,20,3379.5,2742.3975,4020.27,False
zxing,Time,400MHz,400.0,5x,5.0,25,3123.1,2605.075,3766.53,False
zxing,Time,400MHz,400.0,6x,6.0,30,3629.9,3103.085,4153.505,False
zxing,Time,800MHz,800.0,1x,1.0,5,2910.4,2738.88,3072.32,False
zxing,Time,800MHz,800.0,2x,2.0,10,1639.3,1343.49,1937.7875,False
zxing,Time,800MHz,800.0,3x,3.0,15,1551.1,1266.2949999999998,1860.1075,False
zxing,Time,800MHz,800.0,4x,4.0,20,1926.4,1614.8925000000002,2165.3025,False
zxing,Time,800MHz,800.0,5x,5.0,25,1514.5,1256.2,1793.5325,False
zxing,Time,800MHz,800.0,6x,6.0,30,1640.6,1319.0375,1978.3125,False
zxing,Time,1.2GHz,1200.0,1x,1.0,5,1870.8,1771.8725000000002,1973.7275,False
zxing,Time,1.2GHz,1200.0,2x,2.0,10,888.2,855.7975,924.8175,False
zxing,Time,1.2GHz,1200.0,3x,3.0,15,1214.5,1026.635,1374.5375,False
zxing,Time,1.2GHz,1200.0,4x,4.0,20,1253.5,1052.26,1414.9425,False
zxing,Time,1.2GHz,1200.0,5x,5.0,25,1093.9,893.5925,1292.4,False
zxing,Time,1.2GHz,1200.0,6x,6.0,30,1227.4,1002.5425,1406.56,False
zxing,Time,1.8GHz,1800.0,1x,1.0,5,1281.7,1232.9,1337.805,False
zxing,Time,1.8GHz,1800.0,2x,2.0,10,772.5,647.79,908.5275,False
zxing,Time,1.8GHz,1800.0,3x,3.0,15,654.1,553.1750000000001,781.29,True
zxing,Time,1.8GHz,1800.0,4x,4.0,20,773.4,659.2575,892.3325,False
zxing,Time,1.8GHz,1800.0,5x,5.0,25,720.2,615.2825,830.01,False
zxing,Time,1.8GHz,1800.0,6x,6.0,30,751.2,612.6925,889.5224999999999,False
zxing,Time,2.0GHz,2000.0,1x,1.0,5,1190.8,1152.29,1225.8175,False
zxing,Time,2.0GHz,2000.0,2x,2.0,10,722.6,585.265,843.01,False
zxing,Time,2.0GHz,2000.0,3x,3.0,15,683.3,588.9,780.705,False
zxing,Time,2.0GHz,2000.0,4x,4.0,20,681.2,562.6975,802.515,True
zxing,Time,2.0GHz,2000.0,5x,5.0,25,668.5,551.5825,794.715,True
zxing,Time,2.0GHz,2000.0,6x,6.0,30,699.4,584.99,824.505,False
zxing,Time,2.4GHz,2400.0,1x,1.0,5,983.8,964.4925,1001.4,False
zxing,Time,2.4GHz,2400.0,2x,2.0,10,667.9,571.595,756.52,True
zxing,Time,2.4GHz,2400.0,3x,3.0,15,573.5,478.0325000000001,672.9025,True
zxing,Time,2.4GHz,2400.0,4x,4.0,20,529.9,445.6975,630.5574999999999,True
zxing,Time,2.4GHz,2400.0,5x,5.0,25,605.6,506.16,698.235,True
zxing,Time,2.4GHz,2400.0,6x,6.0,30,594.3,492.4675,687.93,True
zxing,Time,2.7GHz,2700.0,1x,1.0,5,899.2,881.7975,915.9025,False
zxing,Time,2.7GHz,2700.0,2x,2.0,10,547.4,437.7,653.2175,True
zxing,Time,2.7GHz,2700.0,3x,3.0,15,537.3,455.8775,629.3025,True
zxing,Time,2.7GHz,2700.0,4x,4.0,20,495.3,400.5975,583.6075,True
zxing,Time,2.7GHz,2700.0,5x,5.0,25,503.0,409.775,604.055,True
zxing,Time,2.7GHz,2700.0,6x,6.0,30,588.8,519.4625000000001,654.7,True
zxing,EDP,400MHz,400.0,1x,1.0,5,55.7566368806,47.81805267247,64.1558383068375,False
zxing,EDP,400MHz,400.0,2x,2.0,10,18.3159551513,12.238090547734998,25.993302167945,False
zxing,EDP,400MHz,400.0,3x,3.0,15,22.904618192,16.501628779579995,29.292122903922497,False
zxing,EDP,400MHz,400.0,4x,4.0,20,23.8216850082,16.964225964225,31.52675793791,False
zxing,EDP,400MHz,400.0,5x,5.0,25,21.3815253207,14.16497242419,29.649431486429997,False
zxing,EDP,400MHz,400.0,6x,6.0,30,27.9767029573,20.58491969062,35.245399333114996,False
zxing,EDP,800MHz,800.0,1x,1.0,5,18.1364562626,15.843428689577504,20.2649778185675,False
zxing,EDP,800MHz,800.0,2x,2.0,10,6.2613706901,4.05866479314,8.4864673326875,False
zxing,EDP,800MHz,800.0,3x,3.0,15,5.6504935745,3.5143810927000003,7.745875862279999,False
zxing,EDP,800MHz,800.0,4x,4.0,20,8.942499522999999,6.60873646468,10.665643759132502,False
zxing,EDP,800MHz,800.0,5x,5.0,25,5.352017454,3.5341513463225005,7.291198300957499,False
zxing,EDP,800MHz,800.0,6x,6.0,30,6.7922249274999995,4.198867378765001,9.51184928687,False
zxing,EDP,1.2GHz,1200.0,1x,1.0,5,8.8009085482,7.866196906854999,9.829950400557498,False
zxing,EDP,1.2GHz,1200.0,2x,2.0,10,1.9808986871000005,1.84637865254,2.1403259356975,True
zxing,EDP,1.2GHz,1200.0,3x,3.0,15,3.9226105194,2.8969588904799997,4.886362255882499,False
zxing,EDP,1.2GHz,1200.0,4x,4.0,20,4.457913812299999,3.2680530928400007,5.3980726400300005,False
zxing,EDP,1.2GHz,1200.0,5x,5.0,25,3.3562486731999996,2.138653476545,4.744245097315,False
zxing,EDP,1.2GHz,1200.0,6x,6.0,30,4.270884660999999,2.8855732616375005,5.708903395492499,False
zxing,EDP,1.8GHz,1800.0,1x,1.0,5,5.3491180908,4.9441645591375,5.7567253211399985,False
zxing,EDP,1.8GHz,1800.0,2x,2.0,10,2.0987849542,1.435931130862501,2.8153443201650004,True
zxing,EDP,1.8GHz,1800.0,3x,3.0,15,1.5111920638,0.94079616412,2.128205057195,True
zxing,EDP,1.8GHz,1800.0,4x,4.0,20,2.2070555488,1.5670733176750002,2.8441720937499997,True
zxing,EDP,1.8GHz,1800.0,5x,5.0,25,1.9013670008,1.3659012678775,2.4280708906624997,True
zxing,EDP,1.8GHz,1800.0,6x,6.0,30,1.9903799542,1.3558525046449998,2.6167922057799995,True
zxing,EDP,2.0GHz,2000.0,1x,1.0,5,5.2045004513999995,4.864773434637501,5.4843270672,False
zxing,EDP,2.0GHz,2000.0,2x,2.0,10,2.0717427512,1.4475378604974998,2.7413450748024997,True
zxing,EDP,2.0GHz,2000.0,3x,3.0,15,1.7957489459999998,1.3287886966250002,2.3083145645050003,True
zxing,EDP,2.0GHz,2000.0,4x,4.0,20,1.9434776273,1.31338745389,2.5578025891275,True
zxing,EDP,2.0GHz,2000.0,5x,5.0,25,1.8795848378,1.2394908528000002,2.5398884603800003,True
zxing,EDP,2.0GHz,2000.0,6x,6.0,30,1.9631447518,1.3204210794975002,2.5974112649375,True
zxing,EDP,2.4GHz,2400.0,1x,1.0,5,4.5082616768,4.3388602981225,4.6575562307350005,False
zxing,EDP,2.4GHz,2400.0,2x,2.0,10,2.3892882968,1.6763239771999998,3.0466254396,True
zxing,EDP,2.4GHz,2400.0,3x,3.0,15,1.6613647675999998,1.1533193018125003,2.1972088764400004,True
zxing,EDP,2.4GHz,2400.0,4x,4.0,20,1.4925540967000002,1.027211570572501,2.0302183968725,True
zxing,EDP,2.4GHz,2400.0,5x,5.0,25,1.9336997251,1.3864885880875,2.4768384564175,True
zxing,EDP,2.4GHz,2400.0,6x,6.0,30,1.7737743497999996,1.282145583745,2.257347795732499,True
zxing,EDP,2.7GHz,2700.0,1x,1.0,5,4.495600296,4.32684767947,4.660809187499999,False
zxing,EDP,2.7GHz,2700.0,2x,2.0,10,1.8375510028999995,1.2179985303575005,2.4531531938699995,True
zxing,EDP,2.7GHz,2700.0,3x,3.0,15,1.7530825341,1.2371369502900005,2.3059590639975,True
zxing,EDP,2.7GHz,2700.0,4x,4.0,20,1.5778608571,1.026836817515,2.1733809871625,True
zxing,EDP,2.7GHz,2700.0,5x,5.0,25,1.6278508651000003,1.0594675165025005,2.263117960905,True
zxing,EDP,2.7GHz,2700.0,6x,6.0,30,2.0309294014000003,1.5968273101375,2.4157949780825,True
zxing,EDP2,400MHz,400.0,1x,1.0,5,576.7974880051104,458.9550858715601,704.5263026484834,False
zxing,EDP2,400MHz,400.0,2x,2.0,10,120.2007683859451,63.70198885063702,190.61400480242335,False
zxing,EDP2,400MHz,400.0,3x,3.0,15,162.2128129561275,101.54482381195436,223.45811883948952,False
zxing,EDP2,400MHz,400.0,4x,4.0,20,178.25461362283153,100.07470187815797,258.46969145396145,False
zxing,EDP2,400MHz,400.0,5x,5.0,25,158.359599841973,86.85644345076446,249.69860603100756,False
zxing,EDP2,400MHz,400.0,6x,6.0,30,224.70151570195313,147.11489442475883,301.5175344857385,False
zxing,EDP2,800MHz,800.0,1x,1.0,5,114.11723741816996,93.26949670203024,136.41319802385965,False
zxing,EDP2,800MHz,800.0,2x,2.0,10,25.74571654342065,13.285543722694044,38.777462819415085,False
zxing,EDP2,800MHz,800.0,3x,3.0,15,22.233632542953433,10.891478462114708,34.08740800256543,False
zxing,EDP2,800MHz,800.0,4x,4.0,20,42.73419781218901,30.043733471342644,53.877892942163214,False
zxing,EDP2,800MHz,800.0,5x,5.0,25,20.474130231062823,9.395416411878728,33.84583415007919,False
zxing,EDP2,800MHz,800.0,6x,6.0,30,30.633696727686218,14.605534668283491,48.273688906855,False
zxing,EDP2,1.2GHz,1200.0,1x,1.0,5,41.75638329981526,34.5166941616639,48.58796707705727,False
zxing,EDP2,1.2GHz,1200.0,2x,2.0,10,4.434180287121131,3.999539624361211,4.994388062544353,True
zxing,EDP2,1.2GHz,1200.0,3x,3.0,15,13.157889455977523,8.69769639030805,17.087211530688396,False
zxing,EDP2,1.2GHz,1200.0,4x,4.0,20,16.428152506876465,10.772049997350251,21.327771929614418,False
zxing,EDP2,1.2GHz,1200.0,5x,5.0,25,11.182752545242884,5.48506339441124,17.34532125074166,True
zxing,EDP2,1.2GHz,1200.0,6x,6.0,30,15.926585824414014,8.845062308822925,23.395970984313323,False
zxing,EDP2,1.8GHz,1800.0,1x,1.0,5,22.41296940993655,19.870470266653268,25.340496506486627,False
zxing,EDP2,1.8GHz,1800.0,2x,2.0,10,6.110150664608747,3.224969410903083,9.075896705329509,True
zxing,EDP2,1.8GHz,1800.0,3x,3.0,15,3.7887909359060368,1.8517988437324693,6.129211646671016,True
zxing,EDP2,1.8GHz,1800.0,4x,4.0,20,6.613830359828336,4.088468511470301,9.231555239212357,True
zxing,EDP2,1.8GHz,1800.0,5x,5.0,25,5.277824345799254,3.112436423691508,7.472524493663426,True
zxing,EDP2,1.8GHz,1800.0,6x,6.0,30,5.598879618963457,3.321007609669603,8.155313435325583,True
zxing,EDP2,2.0GHz,2000.0,1x,1.0,5,22.805256583646067,20.723816846239195,24.85226643680679,False
zxing,EDP2,2.0GHz,2000.0,2x,2.0,10,6.30156047566221,3.54037546225982,9.074779332753517,True
zxing,EDP2,2.0GHz,2000.0,3x,3.0,15,4.950385037608272,2.9230335261594167,7.030463816262618,True
zxing,EDP2,2.0GHz,2000.0,4x,4.0,20,5.888378579373708,3.3190407107476148,8.452211889921209,True
zxing,EDP2,2.0GHz,2000.0,5x,5.0,25,5.631664040099148,3.1691735983574696,8.070302646559405,True
zxing,EDP2,2.0GHz,2000.0,6x,6.0,30,5.872157645319402,3.2843407283542936,8.3814809747819,True
zxing,EDP2,2.4GHz,2400.0,1x,1.0,5,20.67817645134795,19.42693171203164,21.69767185251852,False
zxing,EDP2,2.4GHz,2400.0,2x,2.0,10,9.229284900044572,5.51072682804139,14.056946366205358,True
zxing,EDP2,2.4GHz,2400.0,3x,3.0,15,5.116766873346735,3.02626884900144,7.302881459460976,True
zxing,EDP2,2.4GHz,2400.0,4x,4.0,20,4.514384147109473,2.3097353787708066,7.0277306352893385,True
zxing,EDP2,2.4GHz,2400.0,5x,5.0,25,6.484489046460197,4.051480716468554,9.002307244215869,True
zxing,EDP2,2.4GHz,2400.0,6x,6.0,30,5.565301187274846,3.479445492158931,7.53847524064008,True
zxing,EDP2,2.7GHz,2700.0,1x,1.0,5,22.503219568079395,21.0811601707706,23.78696370360926,False
zxing,EDP2,2.7GHz,2700.0,2x,2.0,10,6.614243604993301,3.652593886212291,9.601882340867965,True
zxing,EDP2,2.7GHz,2700.0,3x,3.0,15,6.064513363904615,3.672733753815842,8.643911584931482,True
zxing,EDP2,2.7GHz,2700.0,4x,4.0,20,5.407870097259363,3.020597303929299,8.162027429835318,True
zxing,EDP2,2.7GHz,2700.0,5x,5.0,25,5.675657337694429,2.95996643001788,8.474887086193421,True
zxing,EDP2,2.7GHz,2700.0,6x,6.0,30,7.197104196951099,4.9981188744824285,9.062838710400486,True
