Benchmark,Objective,CPU Frequency (MHz),Frequency (MHz),Heap Label,Heap Multiplier Value,Heap Size MB,Mean,CI Low,CI High,Tied With Lowest Mean CI
avrora,Energy,400MHz,400.0,1x,1.0,5,25.050995,24.651700654999996,25.477314537499996,False
avrora,Energy,400MHz,400.0,2x,2.0,10,23.3695435,22.9751341275,23.80096663,False
avrora,Energy,400MHz,400.0,3x,3.0,15,23.791760000000004,23.365167962500003,24.179140305,False
avrora,Energy,400MHz,400.0,4x,4.0,20,23.634112700000003,23.1874504975,24.05370504,False
avrora,Energy,400MHz,400.0,5x,5.0,25,23.2411498,22.843890190000003,23.637459869999997,False
avrora,Energy,400MHz,400.0,6x,6.0,30,24.1811034,23.436073504999992,24.968254505,False
avrora,Energy,800MHz,800.0,1x,1.0,5,14.414367700000003,14.0032133725,14.87217627,False
avrora,Energy,800MHz,800.0,2x,2.0,10,13.504150199999998,13.156815634999996,13.889595272499998,False
avrora,Energy,800MHz,800.0,3x,3.0,15,13.5781862,13.33712112,13.7721126,False
avrora,Energy,800MHz,800.0,4x,4.0,20,13.2763732,13.066867299999998,13.4743776475,False
avrora,Energy,800MHz,800.0,5x,5.0,25,13.3854006,13.147750665,13.645109704999998,False
avrora,Energy,800MHz,800.0,6x,6.0,30,13.8156554,13.324880945,14.392840864999998,False
avrora,Energy,1.2GHz,1200.0,1x,1.0,5,11.3067321,11.0469430075,11.550445425,False
avrora,Energy,1.2GHz,1200.0,2x,2.0,10,10.602703799999995,10.20588929,11.0430816175,False
avrora,Energy,1.2GHz,1200.0,3x,3.0,15,10.8234984,10.578236985,11.142594379999997,False
avrora,Energy,1.2GHz,1200.0,4x,4.0,20,10.5148681,10.32472459,10.7218151275,False
avrora,Energy,1.2GHz,1200.0,5x,5.0,25,10.4201662,10.2465330225,10.5837289075,False
avrora,Energy,1.2GHz,1200.0,6x,6.0,30,10.729315199999998,10.353731795000002,11.2236937625,False
avrora,Energy,1.6GHz,1600.0,1x,1.0,5,10.0425967,9.824211655,10.2246821075,False
avrora,Energy,1.6GHz,1600.0,2x,2.0,10,9.205615300000002,9.0310133775,9.3604964725,True
avrora,Energy,1.6GHz,1600.0,3x,3.0,15,9.197046,9.0047545475,9.3736132975,True
avrora,Energy,1.6GHz,1600.0,4x,4.0,20,9.1488585,8.979322102499998,9.2721166025,True
avrora,Energy,1.6GHz,1600.0,5x,5.0,25,9.4221007,9.214377332500002,9.67710357,True
avrora,Energy,1.6GHz,1600.0,6x,6.0,30,9.1601379,8.923338099999999,9.410337337499998,True
avrora,Energy,2.0GHz,2000.0,1x,1.0,5,10.1494323,9.953854830000004,10.3283686875,False
avrora,Energy,2.0GHz,2000.0,2x,2.0,10,9.3731873,9.25985166,9.5058818425,True
avrora,Energy,2.0GHz,2000.0,3x,3.0,15,9.2999696,9.060690595,9.5121922725,True
avrora,Energy,2.0GHz,2000.0,4x,4.0,20,9.4450988,9.3663353,9.52018756,False
avrora,Energy,2.0GHz,2000.0,5x,5.0,25,9.4331359,9.293260062499998,9.5992364425,False
avrora,Energy,2.0GHz,2000.0,6x,6.0,30,9.3418701,9.1095892875,9.6122170775,True
avrora,Energy,2.4GHz,2400.0,1x,1.0,5,10.8890623,10.6213623625,11.09227277,False
avrora,Energy,2.4GHz,2400.0,2x,2.0,10,10.2340089,9.876963625,10.6337230625,False
avrora,Energy,2.4GHz,2400.0,3x,3.0,15,10.119256699999998,9.8716766425,10.42360644,False
avrora,Energy,2.4GHz,2400.0,4x,4.0,20,9.856183,9.6330176775,10.050851772500003,False
avrora,Energy,2.4GHz,2400.0,5x,5.0,25,10.0609557,9.7989161875,10.2731323175,False
avrora,Energy,2.4GHz,2400.0,6x,6.0,30,9.904181,9.702412765,10.103882987500002,False
avrora,Energy,2.7GHz,2700.0,1x,1.0,5,11.5720213,11.2762269475,11.93250152,False
avrora,Energy,2.7GHz,2700.0,2x,2.0,10,10.6122069,10.304900349999995,10.895176375,False
avrora,Energy,2.7GHz,2700.0,3x,3.0,15,10.479834,10.226389295,10.69927132,False
avrora,Energy,2.7GHz,2700.0,4x,4.0,20,10.6954161,10.5427801425,10.8580877425,False
avrora,Energy,2.7GHz,2700.0,5x,5.0,25,10.6638673,10.4151852525,10.9040638975,False
avrora,Energy,2.7GHz,2700.0,6x,6.0,30,10.7425782,10.5249401775,10.94870005,False
avrora,Time,400MHz,400.0,1x,1.0,5,14294.5,14051.0925,14575.2825,False
avrora,Time,400MHz,400.0,2x,2.0,10,13323.3,13084.7575,13556.055,False
avrora,Time,400MHz,400.0,3x,3.0,15,13613.3,13367.680000000002,13836.5125,False
avrora,Time,400MHz,400.0,4x,4.0,20,13504.5,13251.4075,13731.53,False
avrora,Time,400MHz,400.0,5x,5.0,25,13287.2,13071.6675,13539.205,False
avrora,Time,400MHz,400.0,6x,6.0,30,13816.8,13403.28,14225.8425,False
avrora,Time,800MHz,800.0,1x,1.0,5,7150.8,6963.295,7384.7075,False
avrora,Time,800MHz,800.0,2x,2.0,10,6711.5,6518.264999999999,6892.3525,False
avrora,Time,800MHz,800.0,3x,3.0,15,6732.4,6633.8949999999995,6822.005,False
avrora,Time,800MHz,800.0,4x,4.0,20,6589.4,6487.295,6686.610000000001,False
avrora,Time,800MHz,800.0,5x,5.0,25,6645.4,6526.595,6771.929999999999,False
avrora,Time,800MHz,800.0,6x,6.0,30,6759.2,6561.1925,7004.42,False
avrora,Time,1.2GHz,1200.0,1x,1.0,5,4759.1,4660.7925000000005,4861.802500000001,False
avrora,Time,1.2GHz,1200.0,2x,2.0,10,4460.4,4292.570000000001,4642.8325,False
avrora,Time,1.2GHz,1200.0,3x,3.0,15,4545.8,4456.0825,4651.6050000000005,False
avrora,Time,1.2GHz,1200.0,4x,4.0,20,4429.5,4341.4875,4506.6175,False
avrora,Time,1.2GHz,1200.0,5x,5.0,25,4389.8,4326.255,4459.01,False
avrora,Time,1.2GHz,1200.0,6x,6.0,30,4523.2,4367.2225,4701.535,False
avrora,Time,1.6GHz,1600.0,1x,1.0,5,3636.9,3568.1849999999995,3700.7325,False
avrora,Time,1.6GHz,1600.0,2x,2.0,10,3351.2,3289.3700000000003,3405.2075,False
avrora,Time,1.6GHz,1600.0,3x,3.0,15,3352.4,3288.285,3413.8225,False
avrora,Time,1.6GHz,1600.0,4x,4.0,20,3316.1,3261.195,3354.0024999999996,False
avrora,Time,1.6GHz,1600.0,5x,5.0,25,3406.4,3335.1,3493.9075,False
avrora,Time,1.6GHz,1600.0,6x,6.0,30,3313.1,3238.5975,3398.3125,False
avrora,Time,2.0GHz,2000.0,1x,1.0,5,2885.4,2827.2,2936.3999999999996,False
avrora,Time,2.0GHz,2000.0,2x,2.0,10,2678.9,2651.6000000000004,2711.6025,False
avrora,Time,2.0GHz,2000.0,3x,3.0,15,2652.2,2587.675,2711.4049999999997,False
avrora,Time,2.0GHz,2000.0,4x,4.0,20,2707.3,2687.5,2726.9,False
avrora,Time,2.0GHz,2000.0,5x,5.0,25,2691.1,2648.59,2738.3075000000003,False
avrora,Time,2.0GHz,2000.0,6x,6.0,30,2671.5,2602.885,2751.7425,False
avrora,Time,2.4GHz,2400.0,1x,1.0,5,2429.0,2365.3975,2475.7125,False
avrora,Time,2.4GHz,2400.0,2x,2.0,10,2281.0,2214.1875,2368.5150000000003,False
avrora,Time,2.4GHz,2400.0,3x,3.0,15,2262.8,2208.6749999999997,2323.1075,False
avrora,Time,2.4GHz,2400.0,4x,4.0,20,2211.4,2166.0,2249.4025,False
avrora,Time,2.4GHz,2400.0,5x,5.0,25,2244.2,2197.5,2287.1025,False
avrora,Time,2.4GHz,2400.0,6x,6.0,30,2219.4,2171.0925,2267.0150000000003,False
avrora,Time,2.7GHz,2700.0,1x,1.0,5,2160.1,2105.575,2234.34,False
avrora,Time,2.7GHz,2700.0,2x,2.0,10,1985.8,1930.2875,2036.9025,True
avrora,Time,2.7GHz,2700.0,3x,3.0,15,1958.5,1915.9,1995.3025,True
avrora,Time,2.7GHz,2700.0,4x,4.0,20,2000.2,1975.4825,2027.41,True
avrora,Time,2.7GHz,2700.0,5x,5.0,25,1993.4,1948.1925,2029.12,True
avrora,Time,2.7GHz,2700.0,6x,6.0,30,2003.0,1965.6925,2041.7075,True
avrora,EDP,400MHz,400.0,1x,1.0,5,358.3768900813,346.02106853252747,370.67798137721246,False
avrora,EDP,400MHz,400.0,2x,2.0,10,311.6232986275,300.7472784097074,322.5721368559574,False
avrora,EDP,400MHz,400.0,3x,3.0,15,324.1387741122,312.6564813741675,335.40208093318,False
avrora,EDP,400MHz,400.0,4x,4.0,20,319.44861206599995,308.07888119587494,330.60706520870747,False
avrora,EDP,400MHz,400.0,5x,5.0,25,309.05479854149996,298.509339619695,319.7097791065325,False
avrora,EDP,400MHz,400.0,6x,6.0,30,334.9629546426,315.93098553511,357.00280152083496,False
avrora,EDP,800MHz,800.0,1x,1.0,5,103.3162420129,97.46730344848253,110.19089243719748,False
avrora,EDP,800MHz,800.0,2x,2.0,10,90.8215772315,85.7965293729625,95.76751452947,False
avrora,EDP,800MHz,800.0,3x,3.0,15,91.4656371859,88.681903142615,94.02793483914002,False
avrora,EDP,800MHz,800.0,4x,4.0,20,87.5395399631,84.9391173658325,90.14079722103504,False
avrora,EDP,800MHz,800.0,5x,5.0,25,89.0339649255,85.791516727455,92.8338078016425,False
avrora,EDP,800MHz,800.0,6x,6.0,30,93.60814909209998,87.656971565815,100.66608651204996,False
avrora,EDP,1.2GHz,1200.0,1x,1.0,5,53.87438321450001,51.4654091223725,55.959646243265,False
avrora,EDP,1.2GHz,1200.0,2x,2.0,10,47.4958500679,43.837976030557506,51.45205468911999,False
avrora,EDP,1.2GHz,1200.0,3x,3.0,15,49.273934155899994,47.24865806979749,51.96002263680501,False
avrora,EDP,1.2GHz,1200.0,4x,4.0,20,46.62054496289999,44.821554024105,48.369226392257495,False
avrora,EDP,1.2GHz,1200.0,5x,5.0,25,45.7718177543,44.442836537332504,47.2726042058925,False
avrora,EDP,1.2GHz,1200.0,6x,6.0,30,48.7224879316,45.204578216775,52.85545000896249,False
avrora,EDP,1.6GHz,1600.0,1x,1.0,5,36.5573593127,35.2070088092175,37.89793530319,False
avrora,EDP,1.6GHz,1600.0,2x,2.0,10,30.87562874550001,29.694230540965005,31.8703599705075,False
avrora,EDP,1.6GHz,1600.0,3x,3.0,15,30.8638214844,29.6294850893425,32.04832320169,False
avrora,EDP,1.6GHz,1600.0,4x,4.0,20,30.3568633779,29.4013432135,31.03633737728,False
avrora,EDP,1.6GHz,1600.0,5x,5.0,25,32.1414430971,30.789497703535,33.91365172244,False
avrora,EDP,1.6GHz,1600.0,6x,6.0,30,30.400860269,28.9297935920575,32.1192222513325,False
avrora,EDP,2.0GHz,2000.0,1x,1.0,5,29.312097988,28.208060281815,30.26081991051,False
avrora,EDP,2.0GHz,2000.0,2x,2.0,10,25.119585613,24.551593627832503,25.77279502564999,False
avrora,EDP,2.0GHz,2000.0,3x,3.0,15,24.7051599792,23.488824900045,25.78973317539,False
avrora,EDP,2.0GHz,2000.0,4x,4.0,20,25.5744401865,25.158228649032505,25.951559464452497,False
avrora,EDP,2.0GHz,2000.0,5x,5.0,25,25.4028701348,24.6281457524125,26.26013690863,False
avrora,EDP,2.0GHz,2000.0,6x,6.0,30,25.0025781431,23.789448230752505,26.3742538269975,False
avrora,EDP,2.4GHz,2400.0,1x,1.0,5,26.4807934994,25.355015811502497,27.4471676559275,False
avrora,EDP,2.4GHz,2400.0,2x,2.0,10,23.419059749499997,21.9016749142125,25.3644204852875,False
avrora,EDP,2.4GHz,2400.0,3x,3.0,15,22.943165460799996,21.769261510529997,24.3208487724125,False
avrora,EDP,2.4GHz,2400.0,4x,4.0,20,21.8187684858,20.911300384742496,22.57878203297249,True
avrora,EDP,2.4GHz,2400.0,5x,5.0,25,22.607646760099996,21.624642446177496,23.53144005074,False
avrora,EDP,2.4GHz,2400.0,6x,6.0,30,22.0059485462,21.097245610274996,22.9643046330825,True
avrora,EDP,2.7GHz,2700.0,1x,1.0,5,25.0557307546,23.7520906077975,26.801903632279995,False
avrora,EDP,2.7GHz,2700.0,2x,2.0,10,21.116752482499997,19.850385577902497,22.157843538315003,True
avrora,EDP,2.7GHz,2700.0,3x,3.0,15,20.5493493359,19.638228639300003,21.3858681947275,True
avrora,EDP,2.7GHz,2700.0,4x,4.0,20,21.4045493664,20.779943017477503,22.01427943701,True
avrora,EDP,2.7GHz,2700.0,5x,5.0,25,21.285311443,20.262420438237495,22.117387937525,True
avrora,EDP,2.7GHz,2700.0,6x,6.0,30,21.5391027004,20.700275228705,22.3968377557775,True
avrora,EDP2,400MHz,400.0,1x,1.0,5,8991.419326926387,8530.794074326654,9452.661426359213,False
avrora,EDP2,400MHz,400.0,2x,2.0,10,7295.01326043554,6896.355844031432,7694.179324559127,False
avrora,EDP2,400MHz,400.0,3x,3.0,15,7724.042358709476,7321.308910415149,8091.604277351602,False
avrora,EDP2,400MHz,400.0,4x,4.0,20,7563.878048078116,7114.860401210305,7959.085208575611,False
avrora,EDP2,400MHz,400.0,5x,5.0,25,7194.591795134515,6813.560924689901,7603.152188733374,False
avrora,EDP2,400MHz,400.0,6x,6.0,30,8142.735679757903,7411.627649975861,9023.769509852777,False
avrora,EDP2,800MHz,800.0,1x,1.0,5,1496.417022091629,1370.0336002565552,1642.9268844636815,False
avrora,EDP2,800MHz,800.0,2x,2.0,10,1231.5697624702343,1125.1592171409225,1329.5100387614737,False
avrora,EDP2,800MHz,800.0,3x,3.0,15,1243.391085651126,1184.3543380185804,1292.7036249650546,False
avrora,EDP2,800MHz,800.0,4x,4.0,20,1163.7233332906428,1110.0742420176605,1213.1182920255408,False
avrora,EDP2,800MHz,800.0,5x,5.0,25,1194.0323855727515,1128.8571133707326,1265.8184208367993,False
avrora,EDP2,800MHz,800.0,6x,6.0,30,1301.6526258382885,1174.7332240096714,1449.4714096128582,False
avrora,EDP2,1.2GHz,1200.0,1x,1.0,5,610.5888435646345,570.6574475462974,647.102096893652,False
avrora,EDP2,1.2GHz,1200.0,2x,2.0,10,508.0838515938271,447.2446330532954,577.2759649090054,False
avrora,EDP2,1.2GHz,1200.0,3x,3.0,15,535.0077295740518,499.505673386186,583.083493195286,False
avrora,EDP2,1.2GHz,1200.0,4x,4.0,20,491.1828200993614,461.9241630020385,516.7845701083021,False
avrora,EDP2,1.2GHz,1200.0,5x,5.0,25,477.5608272118914,455.8331817958622,501.1820586220827,False
avrora,EDP2,1.2GHz,1200.0,6x,6.0,30,527.0469658194216,466.2021665175716,600.6676031200102,False
avrora,EDP2,1.6GHz,1600.0,1x,1.0,5,367.8426100756752,346.0929312622095,388.8320112468027,False
avrora,EDP2,1.6GHz,1600.0,2x,2.0,10,284.71985491741935,269.8441919149087,299.2510126774422,False
avrora,EDP2,1.6GHz,1600.0,3x,3.0,15,284.438446131133,267.5861040252388,299.8978766037737,False
avrora,EDP2,1.6GHz,1600.0,4x,4.0,20,278.0832976487458,264.68849359253306,288.0303058541699,False
avrora,EDP2,1.6GHz,1600.0,5x,5.0,25,303.76411119055035,284.0662458697716,328.249274368112,False
avrora,EDP2,1.6GHz,1600.0,6x,6.0,30,279.4859518309145,259.1131403496015,303.3968779234329,False
avrora,EDP2,2.0GHz,2000.0,1x,1.0,5,298.0324592304893,281.29183520096666,313.04209170213585,False
avrora,EDP2,2.0GHz,2000.0,2x,2.0,10,235.6518055962781,227.49049978379009,245.39377614130223,False
avrora,EDP2,2.0GHz,2000.0,3x,3.0,15,230.52619001341608,213.0924406671651,247.0546220399282,True
avrora,EDP2,2.0GHz,2000.0,4x,4.0,20,241.62988429037037,236.18340089734411,247.318895774014,False
avrora,EDP2,2.0GHz,2000.0,5x,5.0,25,239.9612029755637,229.03015135842367,252.53741918520052,False
avrora,EDP2,2.0GHz,2000.0,6x,6.0,30,234.4251206643834,216.9920518360004,254.2629423330933,True
avrora,EDP2,2.4GHz,2400.0,1x,1.0,5,289.01163082045633,270.0796797427043,304.6172807766147,False
avrora,EDP2,2.4GHz,2400.0,2x,2.0,10,241.33197713966956,217.9257433742489,270.5094158698592,True
avrora,EDP2,2.4GHz,2400.0,3x,3.0,15,233.16745758669964,215.25473741860597,255.74191807685511,True
avrora,EDP2,2.4GHz,2400.0,4x,4.0,20,215.51385214842003,201.47538392334351,226.77858684417347,True
avrora,EDP2,2.4GHz,2400.0,5x,5.0,25,228.07185493213063,212.7224056170487,243.15814233132343,True
avrora,EDP2,2.4GHz,2400.0,6x,6.0,30,218.44295996879913,205.23557217232224,231.44627017222112,True
avrora,EDP2,2.7GHz,2700.0,1x,1.0,5,291.3904322281375,267.73221081227274,323.0509954577012,False
avrora,EDP2,2.7GHz,2700.0,2x,2.0,10,225.02716778726364,207.3680446541198,242.97613601452133,True
avrora,EDP2,2.7GHz,2700.0,3x,3.0,15,215.88856693547817,201.2862072383263,228.5245057160469,True
avrora,EDP2,2.7GHz,2700.0,4x,4.0,20,229.20341878331027,219.4520015381081,241.0145306733247,True
avrora,EDP2,2.7GHz,2700.0,5x,5.0,25,227.6227096680262,211.5324307291371,241.18795928574005,True
avrora,EDP2,2.7GHz,2700.0,6x,6.0,30,231.86649011481276,218.4825052816386,245.3614868114958,True
biojava,Energy,400MHz,400.0,1x,1.0,7,15.4647034,14.5989376975,16.8973982875,False
biojava,Energy,400MHz,400.0,2x,2.0,14,2.2837646,2.0164397750000003,2.6230444325,False
biojava,Energy,400MHz,400.0,3x,3.0,21,2.2171510999999997,1.9433947875,2.5022251875,False
biojava,Energy,400MHz,400.0,4x,4.0,28,2.0255552999999997,1.7685514824999995,2.384229685,False
biojava,Energy,400MHz,400.0,5x,5.0,35,1.879248,1.7263842025000002,2.1037335300000004,False
biojava,Energy,400MHz,400.0,6x,6.0,42,1.8237732,1.68424689,2.0215775775000004,False
biojava,Energy,800MHz,800.0,1x,1.0,7,8.688531600000001,8.60152477,8.78308151,False
biojava,Energy,800MHz,800.0,2x,2.0,14,1.1552186,1.03728952,1.3085409524999998,False
biojava,Energy,800MHz,800.0,3x,3.0,21,1.0653378,0.990972575,1.142768275,False
biojava,Energy,800MHz,800.0,4x,4.0,28,1.2282533,1.0760440025,1.3853954174999998,False
biojava,Energy,800MHz,800.0,5x,5.0,35,1.0674132,0.96961909,1.2044248725000002,False
biojava,Energy,800MHz,800.0,6x,6.0,42,1.1303284000000002,1.0132499275,1.2663444075,False
biojava,Energy,1.2GHz,1200.0,1x,1.0,7,6.9674928,6.903019305,7.051343,False
biojava,Energy,1.2GHz,1200.0,2x,2.0,14,0.8755981,0.7799421950000001,1.0041243299999998,False
biojava,Energy,1.2GHz,1200.0,3x,3.0,21,0.8929137,0.800697785,0.999284495,False
biojava,Energy,1.2GHz,1200.0,4x,4.0,28,0.9097105,0.7980049000000001,1.0614586,False
biojava,Energy,1.2GHz,1200.0,5x,5.0,35,0.9293885,0.8193961825,1.0546403925,False
biojava,Energy,1.2GHz,1200.0,6x,6.0,42,0.9882263,0.8242935475000002,1.231726585,False
biojava,Energy,1.6GHz,1600.0,1x,1.0,7,6.256866199999999,6.1899885725,6.3198929925,False
biojava,Energy,1.6GHz,1600.0,2x,2.0,14,0.8236327000000001,0.7304746025000001,0.9353331025,True
biojava,Energy,1.6GHz,1600.0,3x,3.0,21,0.7655453999999999,0.6959245224999999,0.8502655749999999,True
biojava,Energy,1.6GHz,1600.0,4x,4.0,28,0.8218504,0.68625676,0.982936135,True
biojava,Energy,1.6GHz,1600.0,5x,5.0,35,0.7801635,0.679053495,0.8907806475000001,True
biojava,Energy,1.6GHz,1600.0,6x,6.0,42,0.7567872999999999,0.6687039875,0.9006004524999999,True
biojava,Energy,2.0GHz,2000.0,1x,1.0,7,6.4768311,6.414712334999999,6.559865132499999,False
biojava,Energy,2.0GHz,2000.0,2x,2.0,14,0.8013793,0.7017450975000001,0.9332551025,True
biojava,Energy,2.0GHz,2000.0,3x,3.0,21,0.8702757,0.749898795,1.028564955,True
biojava,Energy,2.0GHz,2000.0,4x,4.0,28,0.7003906000000001,0.6629326900000001,0.7543254924999999,True
biojava,Energy,2.0GHz,2000.0,5x,5.0,35,0.7511413,0.6639564149999999,0.86645344,True
biojava,Energy,2.0GHz,2000.0,6x,6.0,42,0.7370238,0.6806066075,0.8065918149999999,True
biojava,Energy,2.4GHz,2400.0,1x,1.0,7,6.2114012999999995,6.1763137225,6.251354555000001,False
biojava,Energy,2.4GHz,2400.0,2x,2.0,14,0.8631528000000002,0.7786172725,0.96954182,False
biojava,Energy,2.4GHz,2400.0,3x,3.0,21,0.83172,0.775143085,0.8892685325,False
biojava,Energy,2.4GHz,2400.0,4x,4.0,28,0.7513303,0.7184853575,0.79832887,True
biojava,Energy,2.4GHz,2400.0,5x,5.0,35,0.9051269,0.8142309325,1.009839475,False
biojava,Energy,2.4GHz,2400.0,6x,6.0,42,0.8883483999999999,0.77723334,1.01575958,False
biojava,Energy,2.7GHz,2700.0,1x,1.0,7,6.7452272,6.6403373525000005,6.8723818175,False
biojava,Energy,2.7GHz,2700.0,2x,2.0,14,0.8920166999999999,0.7803032200000001,1.0222990525000002,False
biojava,Energy,2.7GHz,2700.0,3x,3.0,21,1.0160583,0.9283239925,1.0984030450000002,False
biojava,Energy,2.7GHz,2700.0,4x,4.0,28,0.9367005,0.84443751,1.0438136925,False
biojava,Energy,2.7GHz,2700.0,5x,5.0,35,0.8373169,0.7741318274999999,0.90388607,False
biojava,Energy,2.7GHz,2700.0,6x,6.0,42,0.8927429,0.7790027700000001,1.0270250725,False
biojava,Time,400MHz,400.0,1x,1.0,7,7555.7,7229.5875,8109.4175,False
biojava,Time,400MHz,400.0,2x,2.0,14,1181.0,1042.15,1353.5475,False
biojava,Time,400MHz,400.0,3x,3.0,21,1164.0,1023.1725,1318.54,False
biojava,Time,400MHz,400.0,4x,4.0,28,1056.4,920.4,1245.805,False
biojava,Time,400MHz,400.0,5x,5.0,35,977.2,896.5875000000001,1091.93,False
biojava,Time,400MHz,400.0,6x,6.0,42,949.0,876.195,1056.6325,False
biojava,Time,800MHz,800.0,1x,1.0,7,3687.3,3660.395,3718.1075,False
biojava,Time,800MHz,800.0,2x,2.0,14,518.4,456.295,593.9075,False
biojava,Time,800MHz,800.0,3x,3.0,21,485.6,452.095,523.8025,False
biojava,Time,800MHz,800.0,4x,4.0,28,552.1,487.7975,629.4325,False
biojava,Time,800MHz,800.0,5x,5.0,35,478.3,433.2975,537.9225,False
biojava,Time,800MHz,800.0,6x,6.0,42,505.5,451.995,568.5024999999999,False
biojava,Time,1.2GHz,1200.0,1x,1.0,7,2476.5,2457.795,2499.9,False
biojava,Time,1.2GHz,1200.0,2x,2.0,14,337.0,298.5,380.3149999999998,False
biojava,Time,1.2GHz,1200.0,3x,3.0,21,341.5,305.295,384.5,False
biojava,Time,1.2GHz,1200.0,4x,4.0,28,351.5,306.0,406.82,False
biojava,Time,1.2GHz,1200.0,5x,5.0,35,355.6,311.985,398.2075,False
biojava,Time,1.2GHz,1200.0,6x,6.0,42,347.8,304.39,403.605,False
biojava,Time,1.6GHz,1600.0,1x,1.0,7,1882.2,1868.4,1896.7025,False
biojava,Time,1.6GHz,1600.0,2x,2.0,14,270.8,239.69,307.215,False
biojava,Time,1.6GHz,1600.0,3x,3.0,21,250.2,225.4,277.61,False
biojava,Time,1.6GHz,1600.0,4x,4.0,28,267.1,223.8975,315.41249999999997,False
biojava,Time,1.6GHz,1600.0,5x,5.0,35,254.0,220.185,287.7025,False
biojava,Time,1.6GHz,1600.0,6x,6.0,42,247.5,214.8,295.3275,False
biojava,Time,2.0GHz,2000.0,1x,1.0,7,1551.2,1532.8,1574.0075,False
biojava,Time,2.0GHz,2000.0,2x,2.0,14,206.2,182.5925,236.2,False
biojava,Time,2.0GHz,2000.0,3x,3.0,21,222.1,183.9975,265.0125,False
biojava,Time,2.0GHz,2000.0,4x,4.0,28,179.4,169.5975,192.9,False
biojava,Time,2.0GHz,2000.0,5x,5.0,35,192.3,168.995,224.4025,False
biojava,Time,2.0GHz,2000.0,6x,6.0,42,185.9,171.5975,203.3075,False
biojava,Time,2.4GHz,2400.0,1x,1.0,7,1261.9,1255.7,1270.1025,False
biojava,Time,2.4GHz,2400.0,2x,2.0,14,174.1,155.595,197.605,False
biojava,Time,2.4GHz,2400.0,3x,3.0,21,167.0,155.4,178.70749999999998,False
biojava,Time,2.4GHz,2400.0,4x,4.0,28,149.4,143.3,158.1075,True
biojava,Time,2.4GHz,2400.0,5x,5.0,35,183.4,163.98250000000002,205.8025,False
biojava,Time,2.4GHz,2400.0,6x,6.0,42,178.9,154.6975,205.6175,False
biojava,Time,2.7GHz,2700.0,1x,1.0,7,1157.7,1138.6950000000002,1179.3049999999998,False
biojava,Time,2.7GHz,2700.0,2x,2.0,14,149.8,129.7,172.6075,True
biojava,Time,2.7GHz,2700.0,3x,3.0,21,169.1,154.28750000000002,186.0,False
biojava,Time,2.7GHz,2700.0,4x,4.0,28,153.0,136.8975,169.4,True
biojava,Time,2.7GHz,2700.0,5x,5.0,35,139.2,128.0,150.8025,True
biojava,Time,2.7GHz,2700.0,6x,6.0,42,149.0,129.4,173.1,True
biojava,EDP,400MHz,400.0,1x,1.0,7,118.4286264732,105.7496733228825,140.1961598759375,False
biojava,EDP,400MHz,400.0,2x,2.0,14,2.8253068873,2.0652152805900004,3.6726068383875,False
biojava,EDP,400MHz,400.0,3x,3.0,21,2.6912021428999995,2.0544868114124997,3.3922679559424997,False
biojava,EDP,400MHz,400.0,4x,4.0,28,2.2672007607,1.6257862414625,3.163955086615,False
biojava,EDP,400MHz,400.0,5x,5.0,35,1.8840799035,1.5501209248925,2.3914782164824997,False
biojava,EDP,400MHz,400.0,6x,6.0,42,1.7792886525,1.47009617179,2.2455652339200007,False
biojava,EDP,800MHz,800.0,1x,1.0,7,32.043185606,31.480088071750004,32.5814560922425,False
biojava,EDP,800MHz,800.0,2x,2.0,14,0.6233526389999999,0.4706649376774999,0.8185204861900002,False
biojava,EDP,800MHz,800.0,3x,3.0,21,0.5247121244999999,0.4545481171799998,0.6047770566899999,False
biojava,EDP,800MHz,800.0,4x,4.0,28,0.7075783681999999,0.5369467171675,0.907148052805,False
biojava,EDP,800MHz,800.0,5x,5.0,35,0.5270163615000001,0.4225044143475001,0.6678169779849998,False
biojava,EDP,800MHz,800.0,6x,6.0,42,0.5911873737,0.4616771650800001,0.7519761241175,False
biojava,EDP,1.2GHz,1200.0,1x,1.0,7,17.2589569277,16.949111159695004,17.618901958054995,False
biojava,EDP,1.2GHz,1200.0,2x,2.0,14,0.3087394098,0.23132264361,0.4123163211349999,False
biojava,EDP,1.2GHz,1200.0,3x,3.0,21,0.3150967701,0.2506768048299999,0.3949289232424999,False
biojava,EDP,1.2GHz,1200.0,4x,4.0,28,0.3371193749,0.24742790999,0.45661412558,False
biojava,EDP,1.2GHz,1200.0,5x,5.0,35,0.3441256441999999,0.2602858523824999,0.43302186994,False
biojava,EDP,1.2GHz,1200.0,6x,6.0,42,0.3672888355,0.256227866505,0.5210946007,False
biojava,EDP,1.6GHz,1600.0,1x,1.0,7,11.778935312300002,11.5645496664075,11.9896243352275,False
biojava,EDP,1.6GHz,1600.0,2x,2.0,14,0.2321790819,0.176819234255,0.301348096515,False
biojava,EDP,1.6GHz,1600.0,3x,3.0,21,0.1961549949,0.1630569926875,0.233448188105,False
biojava,EDP,1.6GHz,1600.0,4x,4.0,28,0.2372777360999999,0.1599286992749999,0.329814003,False
biojava,EDP,1.6GHz,1600.0,5x,5.0,35,0.208516339,0.1497057387024999,0.2801274089175,False
biojava,EDP,1.6GHz,1600.0,6x,6.0,42,0.2008669601,0.1431730738475,0.2853212237274999,False
biojava,EDP,2.0GHz,2000.0,1x,1.0,7,10.0498865045,9.8358382943525,10.294425178077502,False
biojava,EDP,2.0GHz,2000.0,2x,2.0,14,0.1740959092,0.13105227873,0.23398182214,False
biojava,EDP,2.0GHz,2000.0,3x,3.0,21,0.2083696745,0.13538400217,0.2852103046174998,False
biojava,EDP,2.0GHz,2000.0,4x,4.0,28,0.1271166905,0.1122897457099999,0.1475479897324999,True
biojava,EDP,2.0GHz,2000.0,5x,5.0,35,0.15137981,0.1134206749574999,0.2016412765449999,True
biojava,EDP,2.0GHz,2000.0,6x,6.0,42,0.139779734,0.1133991405325,0.1667670460099999,True
biojava,EDP,2.4GHz,2400.0,1x,1.0,7,7.838691321800001,7.765475212137499,7.933938319264999,False
biojava,EDP,2.4GHz,2400.0,2x,2.0,14,0.155456928,0.1236000371399999,0.19834290799,True
biojava,EDP,2.4GHz,2400.0,3x,3.0,21,0.1407146427,0.1214915303,0.15984622957,True
biojava,EDP,2.4GHz,2400.0,4x,4.0,28,0.1131321023,0.1032511968149999,0.12840972195,True
biojava,EDP,2.4GHz,2400.0,5x,5.0,35,0.1714902532999999,0.135273366175,0.2113062462924999,False
biojava,EDP,2.4GHz,2400.0,6x,6.0,42,0.1671609568,0.1236678197025,0.220912879105,True
biojava,EDP,2.7GHz,2700.0,1x,1.0,7,7.8149140927,7.5829069924925,8.1018249324025,False
biojava,EDP,2.7GHz,2700.0,2x,2.0,14,0.1402518015,0.106407724055,0.18652162446,True
biojava,EDP,2.7GHz,2700.0,3x,3.0,21,0.1753514243,0.14659710934,0.2104881035725,False
biojava,EDP,2.7GHz,2700.0,4x,4.0,28,0.1475289495,0.1186824539275,0.1834566899424999,True
biojava,EDP,2.7GHz,2700.0,5x,5.0,35,0.1186561524999999,0.099402373255,0.13844852151,True
biojava,EDP,2.7GHz,2700.0,6x,6.0,42,0.1404320531,0.1024275769425,0.19093517141,True
biojava,EDP2,400MHz,400.0,1x,1.0,7,1895.3446670396413,1539.6277176069484,2494.7884789689856,False
biojava,EDP2,400MHz,400.0,2x,2.0,14,7.111000290529526,4.415011992754438,10.96702975503653,False
biojava,EDP2,400MHz,400.0,3x,3.0,21,6.468682587510905,4.1904124202364565,8.905463668052505,False
biojava,EDP2,400MHz,400.0,4x,4.0,28,5.191373775850322,2.8871679667797743,8.38462592686917,False
biojava,EDP2,400MHz,400.0,5x,5.0,35,3.739876883490518,2.645046024214028,5.284861546487817,False
biojava,EDP2,400MHz,400.0,6x,6.0,42,3.4543857831739566,2.5207875086530187,5.0107174778545165,False
biojava,EDP2,800MHz,800.0,1x,1.0,7,278.5321958896508,271.4853827431958,286.3513599592784,False
biojava,EDP2,800MHz,800.0,2x,2.0,14,0.7825009608035728,0.4912893819836649,1.146966657820049,False
biojava,EDP2,800MHz,800.0,3x,3.0,21,0.5751109807848747,0.4441076953871267,0.7219232551902921,False
biojava,EDP2,800MHz,800.0,4x,4.0,28,0.9455287390120704,0.6029630129634501,1.3479383241563327,False
biojava,EDP2,800MHz,800.0,5x,5.0,35,0.6025183684564175,0.4069973427485399,0.8715277205153584,False
biojava,EDP2,800MHz,800.0,6x,6.0,42,0.7172189546908181,0.4770585352330055,1.0366350285425925,False
biojava,EDP2,1.2GHz,1200.0,1x,1.0,7,120.31760043942543,116.89958859823749,124.065618314603,False
biojava,EDP2,1.2GHz,1200.0,2x,2.0,14,0.2974338016763903,0.1793687129058873,0.4665967072386761,False
biojava,EDP2,1.2GHz,1200.0,3x,3.0,21,0.3015379840226525,0.2065607400124212,0.4445208893521087,False
biojava,EDP2,1.2GHz,1200.0,4x,4.0,28,0.3425243546771433,0.2023069836430496,0.5415086666034944,False
biojava,EDP2,1.2GHz,1200.0,5x,5.0,35,0.3460815043942586,0.2237034813015387,0.4787933885014325,False
biojava,EDP2,1.2GHz,1200.0,6x,6.0,42,0.4355867298717499,0.2265795317585331,0.7953912106222629,False
biojava,EDP2,1.6GHz,1600.0,1x,1.0,7,73.73481838522642,71.75725204763981,75.77679032633478,False
biojava,EDP2,1.6GHz,1600.0,2x,2.0,14,0.2078256554255727,0.1337885194097121,0.3114646370949017,False
biojava,EDP2,1.6GHz,1600.0,3x,3.0,21,0.1572973836513991,0.1113250259443371,0.2101509496595915,False
biojava,EDP2,1.6GHz,1600.0,4x,4.0,28,0.2295688692367132,0.1157233538950403,0.3844679427444522,False
biojava,EDP2,1.6GHz,1600.0,5x,5.0,35,0.1807935637008034,0.1037734855624913,0.2725341574337344,True
biojava,EDP2,1.6GHz,1600.0,6x,6.0,42,0.1777540013876695,0.0966019135914555,0.318367473140626,True
biojava,EDP2,2.0GHz,2000.0,1x,1.0,7,65.13018620595763,63.14632472787121,67.45980011064809,False
biojava,EDP2,2.0GHz,2000.0,2x,2.0,14,0.1565805485094952,0.0930000416861014,0.2560586619512861,True
biojava,EDP2,2.0GHz,2000.0,3x,3.0,21,0.2108345995773937,0.0979834130068204,0.3329980524024148,True
biojava,EDP2,2.0GHz,2000.0,4x,4.0,28,0.0912445537355959,0.074905499780434,0.1163927984892727,True
biojava,EDP2,2.0GHz,2000.0,5x,5.0,35,0.1254602996695682,0.0755148211676928,0.198298492196712,True
biojava,EDP2,2.0GHz,2000.0,6x,6.0,42,0.1072919710984698,0.0801111724830447,0.1372694604413501,True
biojava,EDP2,2.4GHz,2400.0,1x,1.0,7,48.697312490706864,47.96318416090877,49.60958764882139,False
biojava,EDP2,2.4GHz,2400.0,2x,2.0,14,0.1439777556871692,0.0977830922102765,0.2062086511972055,True
biojava,EDP2,2.4GHz,2400.0,3x,3.0,21,0.1199890130147655,0.0952430140258595,0.1452602566498106,True
biojava,EDP2,2.4GHz,2400.0,4x,4.0,28,0.0864847749935663,0.0743383339689598,0.1054835671844404,True
biojava,EDP2,2.4GHz,2400.0,5x,5.0,35,0.165407009181239,0.1134669990702693,0.226794078321005,False
biojava,EDP2,2.4GHz,2400.0,6x,6.0,42,0.1637511502946976,0.0982180482800977,0.2430370074408576,True
biojava,EDP2,2.7GHz,2700.0,1x,1.0,7,52.79658086278316,50.053147509692664,55.876075338126846,False
biojava,EDP2,2.7GHz,2700.0,2x,2.0,14,0.1383157505983883,0.0791605382747691,0.2098636671654188,True
biojava,EDP2,2.7GHz,2700.0,3x,3.0,21,0.1855474673021677,0.1366922531946113,0.2410122183187283,False
biojava,EDP2,2.7GHz,2700.0,4x,4.0,28,0.1463397109015042,0.1019536349385915,0.1970579425038611,True
biojava,EDP2,2.7GHz,2700.0,5x,5.0,35,0.1029270180672055,0.0802217214432847,0.1280847680103828,True
biojava,EDP2,2.7GHz,2700.0,6x,6.0,42,0.1405886475302427,0.0817642563743653,0.2325336241183239,True
fop,Energy,400MHz,400.0,1x,1.0,9,9.0147582,8.76035982,9.220693292499998,False
fop,Energy,400MHz,400.0,2x,2.0,18,1.5584595,1.4319577925,1.6674476799999998,False
fop,Energy,400MHz,400.0,3x,3.0,27,1.6323547,1.542467215,1.7059871975,False
fop,Energy,400MHz,400.0,4x,4.0,36,1.5568911,1.5169396325000002,1.5985255025000005,False
fop,Energy,400MHz,400.0,5x,5.0,45,1.5041074,1.4027951424999998,1.5845062575,False
fop,Energy,400MHz,400.0,6x,6.0,54,1.5978635999999995,1.5687681950000003,1.6260569774999998,False
fop,Energy,800MHz,800.0,1x,1.0,9,5.5131651,5.414955015,5.6101524975,False
fop,Energy,800MHz,800.0,2x,2.0,18,1.0490355999999998,0.98479279,1.1466789875,False
fop,Energy,800MHz,800.0,3x,3.0,27,0.9956663,0.962136645,1.026973185,False
fop,Energy,800MHz,800.0,4x,4.0,36,0.9375917,0.906311305,0.96545358,False
fop,Energy,800MHz,800.0,5x,5.0,45,0.9758178,0.9151629025,1.047372295,False
fop,Energy,800MHz,800.0,6x,6.0,54,0.9612732000000002,0.9288686799999998,0.9875190100000002,False
fop,Energy,1.2GHz,1200.0,1x,1.0,9,4.5077087,4.3867284600000005,4.6486514350000006,False
fop,Energy,1.2GHz,1200.0,2x,2.0,18,0.7991697999999999,0.76930276,0.83064332,False
fop,Energy,1.2GHz,1200.0,3x,3.0,27,0.8606016000000001,0.7947680399999999,0.94208894,False
fop,Energy,1.2GHz,1200.0,4x,4.0,36,0.8160218,0.7510934125000001,0.8858052875000002,False
fop,Energy,1.2GHz,1200.0,5x,5.0,45,0.8197995999999999,0.7669971925000001,0.8913787074999999,False
fop,Energy,1.2GHz,1200.0,6x,6.0,54,0.8072328000000001,0.7634660675,0.8574349699999998,False
fop,Energy,1.6GHz,1600.0,1x,1.0,9,3.985412699999999,3.8189331375,4.1644167525,False
fop,Energy,1.6GHz,1600.0,2x,2.0,18,0.8051151000000001,0.7196904875000002,0.9004138899999999,False
fop,Energy,1.6GHz,1600.0,3x,3.0,27,0.7364685,0.6797095625,0.796130865,True
fop,Energy,1.6GHz,1600.0,4x,4.0,36,0.6818298,0.6494913674999999,0.7123047575000001,True
fop,Energy,1.6GHz,1600.0,5x,5.0,45,0.7266787,0.6790187974999999,0.7918285124999999,True
fop,Energy,1.6GHz,1600.0,6x,6.0,54,0.7319702,0.6867286149999999,0.7825870175,True
fop,Energy,2.0GHz,2000.0,1x,1.0,9,4.1477357,3.9886302925,4.3054383000000005,False
fop,Energy,2.0GHz,2000.0,2x,2.0,18,0.7366152,0.7016212325000002,0.7756168225,True
fop,Energy,2.0GHz,2000.0,3x,3.0,27,0.7640686999999999,0.7213135000000002,0.812165375,False
fop,Energy,2.0GHz,2000.0,4x,4.0,36,0.7568300000000001,0.7141783399999999,0.8095514550000003,False
fop,Energy,2.0GHz,2000.0,5x,5.0,45,0.7482301,0.71817085,0.788492355,False
fop,Energy,2.0GHz,2000.0,6x,6.0,54,0.6825378,0.6438177600000001,0.721285035,True
fop,Energy,2.4GHz,2400.0,1x,1.0,9,4.2700502,4.15401701,4.402101495,False
fop,Energy,2.4GHz,2400.0,2x,2.0,18,0.8673585000000001,0.81202283,0.9369704175,False
fop,Energy,2.4GHz,2400.0,3x,3.0,27,0.8880189999999999,0.7855558149999999,0.997477385,False
fop,Energy,2.4GHz,2400.0,4x,4.0,36,0.8140444,0.7714330099999999,0.8660748650000001,False
fop,Energy,2.4GHz,2400.0,5x,5.0,45,0.7840576,0.7585370200000001,0.8107505975,False
fop,Energy,2.4GHz,2400.0,6x,6.0,54,0.7872983,0.7251119375,0.86372469,False
fop,Energy,2.7GHz,2700.0,1x,1.0,9,4.6264708,4.519624105,4.727662017499999,False
fop,Energy,2.7GHz,2700.0,2x,2.0,18,0.9996828,0.9105773900000002,1.1084852200000004,False
fop,Energy,2.7GHz,2700.0,3x,3.0,27,0.9996032,0.9112259875,1.0788758575000004,False
fop,Energy,2.7GHz,2700.0,4x,4.0,36,0.8985353,0.8279698499999998,0.985082445,False
fop,Energy,2.7GHz,2700.0,5x,5.0,45,0.9093933,0.8351913725,0.9942188375,False
fop,Energy,2.7GHz,2700.0,6x,6.0,54,0.9876161,0.8695145049999998,1.1046844999999998,False
fop,Time,400MHz,400.0,1x,1.0,9,5099.5,4949.5675,5229.825000000001,False
fop,Time,400MHz,400.0,2x,2.0,18,877.7,818.8975,933.2175,False
fop,Time,400MHz,400.0,3x,3.0,27,921.1,877.895,959.8225,False
fop,Time,400MHz,400.0,4x,4.0,36,876.4,851.6,898.6075000000001,False
fop,Time,400MHz,400.0,5x,5.0,45,847.7,786.565,895.8,False
fop,Time,400MHz,400.0,6x,6.0,54,900.2,886.2975,913.305,False
fop,Time,800MHz,800.0,1x,1.0,9,2666.8,2616.99,2707.6075,False
fop,Time,800MHz,800.0,2x,2.0,18,507.6,477.8925,551.81,False
fop,Time,800MHz,800.0,3x,3.0,27,481.9,467.895,495.7,False
fop,Time,800MHz,800.0,4x,4.0,36,457.1,444.4,471.6025,False
fop,Time,800MHz,800.0,5x,5.0,45,474.3,445.4,508.6025,False
fop,Time,800MHz,800.0,6x,6.0,54,470.8,457.1,482.9,False
fop,Time,1.2GHz,1200.0,1x,1.0,9,1818.8,1772.6,1866.7,False
fop,Time,1.2GHz,1200.0,2x,2.0,18,315.9,305.3,326.8025,False
fop,Time,1.2GHz,1200.0,3x,3.0,27,342.0,314.9975,371.2125,False
fop,Time,1.2GHz,1200.0,4x,4.0,36,325.8,299.1925,358.8,False
fop,Time,1.2GHz,1200.0,5x,5.0,45,321.6,300.9,350.6075,False
fop,Time,1.2GHz,1200.0,6x,6.0,54,318.7,301.4,339.005,False
fop,Time,1.6GHz,1600.0,1x,1.0,9,1355.7,1293.19,1422.815,False
fop,Time,1.6GHz,1600.0,2x,2.0,18,271.3,239.6975,302.31,False
fop,Time,1.6GHz,1600.0,3x,3.0,27,250.1,230.8,269.105,False
fop,Time,1.6GHz,1600.0,4x,4.0,36,229.5,220.6,238.2025,False
fop,Time,1.6GHz,1600.0,5x,5.0,45,242.9,228.7,258.40749999999997,False
fop,Time,1.6GHz,1600.0,6x,6.0,54,246.0,230.1975,262.9,False
fop,Time,2.0GHz,2000.0,1x,1.0,9,1102.6,1059.6875,1147.7025,False
fop,Time,2.0GHz,2000.0,2x,2.0,18,196.5,188.1,204.2025,False
fop,Time,2.0GHz,2000.0,3x,3.0,27,206.0,195.895,219.2,False
fop,Time,2.0GHz,2000.0,4x,4.0,36,203.3,191.8,217.6025,False
fop,Time,2.0GHz,2000.0,5x,5.0,45,199.6,191.7975,208.1,False
fop,Time,2.0GHz,2000.0,6x,6.0,54,182.6,172.1,193.1,True
fop,Time,2.4GHz,2400.0,1x,1.0,9,895.9,872.0725,924.5,False
fop,Time,2.4GHz,2400.0,2x,2.0,18,192.8,172.595,219.8025,True
fop,Time,2.4GHz,2400.0,3x,3.0,27,188.2,167.6975,210.605,True
fop,Time,2.4GHz,2400.0,4x,4.0,36,171.3,162.0,182.9025,True
fop,Time,2.4GHz,2400.0,5x,5.0,45,164.7,159.1,170.9025,True
fop,Time,2.4GHz,2400.0,6x,6.0,54,165.9,152.0,183.3,True
fop,Time,2.7GHz,2700.0,1x,1.0,9,825.9,808.4949999999999,841.4,False
fop,Time,2.7GHz,2700.0,2x,2.0,18,174.2,158.2,195.2025,True
fop,Time,2.7GHz,2700.0,3x,3.0,27,177.1,161.6,193.305,True
fop,Time,2.7GHz,2700.0,4x,4.0,36,159.3,146.79500000000002,172.8075,True
fop,Time,2.7GHz,2700.0,5x,5.0,45,162.3,149.7,177.7025,True
fop,Time,2.7GHz,2700.0,6x,6.0,54,176.1,154.5,197.0025,True
fop,EDP,400MHz,400.0,1x,1.0,9,46.0591801306,43.34787249075,48.324417627715,False
fop,EDP,400MHz,400.0,2x,2.0,18,1.3883960169,1.181590436755,1.5596455831124998,False
fop,EDP,400MHz,400.0,3x,3.0,27,1.512543681,1.3703190654,1.6323752234000002,False
fop,EDP,400MHz,400.0,4x,4.0,36,1.3668641393999998,1.29425911985,1.441231113335,False
fop,EDP,400MHz,400.0,5x,5.0,45,1.2879792081,1.1176640424400002,1.4136834987025,False
fop,EDP,400MHz,400.0,6x,6.0,54,1.4394176143,1.3934076796200003,1.4826919474575,False
fop,EDP,800MHz,800.0,1x,1.0,9,14.7137348355,14.20226293688,15.1676373102475,False
fop,EDP,800MHz,800.0,2x,2.0,18,0.5412457083,0.471960296575,0.6525641890375001,False
fop,EDP,800MHz,800.0,3x,3.0,27,0.4809122851999999,0.451233091015,0.5115476945574999,False
fop,EDP,800MHz,800.0,4x,4.0,36,0.4296084717,0.402100671715,0.4546723871149999,False
fop,EDP,800MHz,800.0,5x,5.0,45,0.4682356107,0.4131418234775,0.5485464062100001,False
fop,EDP,800MHz,800.0,6x,6.0,54,0.4535550757,0.42754303868,0.4775380596425,False
fop,EDP,1.2GHz,1200.0,1x,1.0,9,8.215255436400001,7.799641109592501,8.6984111543075,False
fop,EDP,1.2GHz,1200.0,2x,2.0,18,0.2533014469,0.2349778943699999,0.27187039416,False
fop,EDP,1.2GHz,1200.0,3x,3.0,27,0.3001467621000001,0.2539184043399999,0.3613309131,False
fop,EDP,1.2GHz,1200.0,4x,4.0,36,0.2712280194000001,0.226942445535,0.3259970582425,False
fop,EDP,1.2GHz,1200.0,5x,5.0,45,0.268160972,0.2313500305975,0.3227186549674999,False
fop,EDP,1.2GHz,1200.0,6x,6.0,54,0.2597141998,0.2301214664124999,0.295394619745,False
fop,EDP,1.6GHz,1600.0,1x,1.0,9,5.432156351300001,4.9528243969200005,5.9277633042075,False
fop,EDP,1.6GHz,1600.0,2x,2.0,18,0.2258350197,0.179450839695,0.280592380075,False
fop,EDP,1.6GHz,1600.0,3x,3.0,27,0.187082284,0.1589068821625,0.216470542105,False
fop,EDP,1.6GHz,1600.0,4x,4.0,36,0.1572588409,0.142547330665,0.1704112610849999,False
fop,EDP,1.6GHz,1600.0,5x,5.0,45,0.1788488472,0.1568077027974999,0.2107777288124999,False
fop,EDP,1.6GHz,1600.0,6x,6.0,54,0.1821490753,0.15873616082,0.2066114710199999,False
fop,EDP,2.0GHz,2000.0,1x,1.0,9,4.5907391642,4.2388733554049995,4.958860956482501,False
fop,EDP,2.0GHz,2000.0,2x,2.0,18,0.1455078531999999,0.132899715045,0.1584076908649999,True
fop,EDP,2.0GHz,2000.0,3x,3.0,27,0.1586420907,0.1415356180499999,0.1784347831175,False
fop,EDP,2.0GHz,2000.0,4x,4.0,36,0.1555229001999999,0.1362706603975,0.1780256197124999,True
fop,EDP,2.0GHz,2000.0,5x,5.0,45,0.1500777401999999,0.1378829198249999,0.1642887840075,True
fop,EDP,2.0GHz,2000.0,6x,6.0,54,0.1257312048,0.1119252362749999,0.1407461371325,True
fop,EDP,2.4GHz,2400.0,1x,1.0,9,3.8331216485,3.618408938165,4.0610438355000005,False
fop,EDP,2.4GHz,2400.0,2x,2.0,18,0.1704874105,0.13952022839,0.2080830224174999,True
fop,EDP,2.4GHz,2400.0,3x,3.0,27,0.1733023848,0.1345844237699999,0.2171427348674999,True
fop,EDP,2.4GHz,2400.0,4x,4.0,36,0.1406950253999999,0.12646835775,0.1600673745299999,True
fop,EDP,2.4GHz,2400.0,5x,5.0,45,0.1295124269999999,0.1208402145299999,0.1380701209,True
fop,EDP,2.4GHz,2400.0,6x,6.0,54,0.1335832437,0.11099384073,0.1626724171075,True
fop,EDP,2.7GHz,2700.0,1x,1.0,9,3.8254687665,3.668031167277499,3.97759512607,False
fop,EDP,2.7GHz,2700.0,2x,2.0,18,0.1786512556,0.1452074105775,0.22283493717,False
fop,EDP,2.7GHz,2700.0,3x,3.0,27,0.1806115783,0.152582350165,0.2121751632499999,False
fop,EDP,2.7GHz,2700.0,4x,4.0,36,0.1459831825,0.1222918031774999,0.1752549343199999,True
fop,EDP,2.7GHz,2700.0,5x,5.0,45,0.1505560038,0.12464162722,0.1819497886775,True
fop,EDP,2.7GHz,2700.0,6x,6.0,54,0.1807448719,0.1364053355849999,0.226405794885,True
fop,EDP2,400MHz,400.0,1x,1.0,9,416.7021518112915,382.2439942535516,445.49065184265874,False
fop,EDP2,400MHz,400.0,2x,2.0,18,2.2252506895583677,1.771197765883821,2.629832367329204,False
fop,EDP2,400MHz,400.0,3x,3.0,27,2.498214023995835,2.129827192733048,2.808382240601653,False
fop,EDP2,400MHz,400.0,4x,4.0,36,2.1355591502135995,1.971639380320759,2.330693588894939,False
fop,EDP2,400MHz,400.0,5x,5.0,45,1.972923837782263,1.6534173958718763,2.2526440992248804,False
fop,EDP2,400MHz,400.0,6x,6.0,54,2.303570486921287,2.177211038454185,2.4152345529610955,False
fop,EDP2,800MHz,800.0,1x,1.0,9,81.24619319566969,76.9630501885704,85.1446147633434,False
fop,EDP2,800MHz,800.0,2x,2.0,18,0.5902841239799085,0.4670399489412482,0.8021088825632374,False
fop,EDP2,800MHz,800.0,3x,3.0,27,0.481218501296504,0.4383908911384308,0.520583540350088,False
fop,EDP2,800MHz,800.0,4x,4.0,36,0.4047560687692234,0.3693260187404272,0.4382841146921289,False
fop,EDP2,800MHz,800.0,5x,5.0,45,0.4683946183789659,0.3776236405254698,0.5901993971260697,False
fop,EDP2,800MHz,800.0,6x,6.0,54,0.4379788776832495,0.4007276808808571,0.4733483290107438,False
fop,EDP2,1.2GHz,1200.0,1x,1.0,9,37.19008475535309,34.14413588669965,40.509110091937146,False
fop,EDP2,1.2GHz,1200.0,2x,2.0,18,0.2038533133073645,0.1834244912020422,0.2263197084937822,False
fop,EDP2,1.2GHz,1200.0,3x,3.0,27,0.2688317028505693,0.2058954965077352,0.3514355416988428,False
fop,EDP2,1.2GHz,1200.0,4x,4.0,36,0.2306429880308074,0.1737200906853088,0.3071586837553396,False
fop,EDP2,1.2GHz,1200.0,5x,5.0,45,0.2281994192335824,0.1769529005973277,0.3052534409180795,False
fop,EDP2,1.2GHz,1200.0,6x,6.0,54,0.213750155908185,0.1773633527001274,0.2591766924136012,False
fop,EDP2,1.6GHz,1600.0,1x,1.0,9,21.878175947052178,18.92931297893205,25.157949371933316,False
fop,EDP2,1.6GHz,1600.0,2x,2.0,18,0.1946675895758345,0.1286458465416143,0.2751267159494509,False
fop,EDP2,1.6GHz,1600.0,3x,3.0,27,0.1420672544691976,0.1114776326902002,0.1742210877853043,False
fop,EDP2,1.6GHz,1600.0,4x,4.0,36,0.1083673678090049,0.0938609384625176,0.1224300687832561,True
fop,EDP2,1.6GHz,1600.0,5x,5.0,45,0.1343022269306934,0.1058016048960847,0.1759732653224252,False
fop,EDP2,1.6GHz,1600.0,6x,6.0,54,0.1364342470783825,0.1099429369815844,0.1635559770705699,False
fop,EDP2,2.0GHz,2000.0,1x,1.0,9,19.186528584989695,17.193874108619173,21.339751243965463,False
fop,EDP2,2.0GHz,2000.0,2x,2.0,18,0.1084821423783316,0.0934613217361399,0.1242087263181275,True
fop,EDP2,2.0GHz,2000.0,3x,3.0,27,0.1231738668070366,0.1041376104013385,0.1467012982010667,False
fop,EDP2,2.0GHz,2000.0,4x,4.0,36,0.120331515326578,0.0981550665772728,0.1450182069264866,True
fop,EDP2,2.0GHz,2000.0,5x,5.0,45,0.1135171084614198,0.0990670970408033,0.1320624041962759,True
fop,EDP2,2.0GHz,2000.0,6x,6.0,54,0.0873851065430256,0.0724223464787534,0.1023838939704073,True
fop,EDP2,2.4GHz,2400.0,1x,1.0,9,16.43619583610198,15.162706877065212,17.917741145048897,False
fop,EDP2,2.4GHz,2400.0,2x,2.0,18,0.153134800147016,0.1145638400861885,0.2014759450272099,False
fop,EDP2,2.4GHz,2400.0,3x,3.0,27,0.1655319275963142,0.1036395817214506,0.2318322293471101,False
fop,EDP2,2.4GHz,2400.0,4x,4.0,36,0.1167988128501845,0.0965330751321578,0.1439738077039937,True
fop,EDP2,2.4GHz,2400.0,5x,5.0,45,0.1021381226979883,0.0919599633916539,0.1125560838564043,True
fop,EDP2,2.4GHz,2400.0,6x,6.0,54,0.1101523080333449,0.0820010422982353,0.1489800561059857,True
fop,EDP2,2.7GHz,2700.0,1x,1.0,9,17.742263954941482,16.57055347582836,18.863590756859512,False
fop,EDP2,2.7GHz,2700.0,2x,2.0,18,0.188598956504527,0.1327626440957465,0.2615139702136149,False
fop,EDP2,2.7GHz,2700.0,3x,3.0,27,0.1876940834227409,0.142362460458487,0.2355265610085371,False
fop,EDP2,2.7GHz,2700.0,4x,4.0,36,0.136834869153355,0.1019732213151934,0.1779877479801124,True
fop,EDP2,2.7GHz,2700.0,5x,5.0,45,0.1426399753302498,0.1072784683605272,0.187447049486921,False
fop,EDP2,2.7GHz,2700.0,6x,6.0,54,0.1922481796415395,0.1308125717441995,0.2630454547119507,False
h2o,Energy,400MHz,400.0,1x,1.0,35,40.9734007,38.48999975000001,43.5248388,False
h2o,Energy,400MHz,400.0,2x,2.0,70,11.9456727,10.706711095,13.350869650000002,False
h2o,Energy,400MHz,400.0,3x,3.0,105,10.6957827,10.502758385,10.9190405325,False
h2o,Energy,400MHz,400.0,4x,4.0,140,10.5813415,10.4059346175,10.788993095,False
h2o,Energy,400MHz,400.0,5x,5.0,175,10.801879799999998,10.296159630000002,11.6969305225,False
h2o,Energy,400MHz,400.0,6x,6.0,210,10.8542359,10.29637203,11.5975690025,False
h2o,Energy,800MHz,800.0,1x,1.0,35,26.4163454,24.29575518,29.111221275,False
h2o,Energy,800MHz,800.0,2x,2.0,70,7.449450799999999,6.7736362925,8.131463315,False
h2o,Energy,800MHz,800.0,3x,3.0,105,6.8581237,6.182571407499999,7.5411910925,False
h2o,Energy,800MHz,800.0,4x,4.0,140,6.4128112999999995,6.0729841475,6.902365162500001,False
h2o,Energy,800MHz,800.0,5x,5.0,175,6.6717895,6.089278030000001,7.373763397499999,False
h2o,Energy,800MHz,800.0,6x,6.0,210,6.5373779,5.9884892050000005,7.219340679999997,False
h2o,Energy,1.2GHz,1200.0,1x,1.0,35,23.1102723,21.4236953775,24.686709419999996,False
h2o,Energy,1.2GHz,1200.0,2x,2.0,70,5.164782600000001,4.88798718,5.51163265,False
h2o,Energy,1.2GHz,1200.0,3x,3.0,105,5.1348813,4.8105982325,5.5723906525,False
h2o,Energy,1.2GHz,1200.0,4x,4.0,140,5.530005,4.941698047500001,6.4414987425,False
h2o,Energy,1.2GHz,1200.0,5x,5.0,175,5.633673100000001,5.044253847499999,6.234381107499999,False
h2o,Energy,1.2GHz,1200.0,6x,6.0,210,5.461437999999999,4.8138919425,6.21987844,False
h2o,Energy,1.6GHz,1600.0,1x,1.0,35,19.81413,19.18809803,20.397151925000003,False
h2o,Energy,1.6GHz,1600.0,2x,2.0,70,4.6220398000000005,4.410799795,4.951492505,True
h2o,Energy,1.6GHz,1600.0,3x,3.0,105,4.598626899999999,4.257644225,5.0695857675000005,True
h2o,Energy,1.6GHz,1600.0,4x,4.0,140,4.4196778000000005,4.289340327499999,4.5581915375,True
h2o,Energy,1.6GHz,1600.0,5x,5.0,175,4.742315699999999,4.3637617125,5.1877798375,True
h2o,Energy,1.6GHz,1600.0,6x,6.0,210,5.0963074,4.35075447,5.996486262500001,True
h2o,Energy,2.0GHz,2000.0,1x,1.0,35,19.431317,18.1694334075,20.930959317499997,False
h2o,Energy,2.0GHz,2000.0,2x,2.0,70,4.6678953,4.473575597500001,4.900070362500001,True
h2o,Energy,2.0GHz,2000.0,3x,3.0,105,4.9552796,4.48869793,5.45914783,True
h2o,Energy,2.0GHz,2000.0,4x,4.0,140,5.1014101,4.691985429999999,5.5533094775,False
h2o,Energy,2.0GHz,2000.0,5x,5.0,175,4.572467,4.315096825,4.9806630599999995,True
h2o,Energy,2.0GHz,2000.0,6x,6.0,210,4.7045289,4.4236299875,5.0398874675,True
h2o,Energy,2.4GHz,2400.0,1x,1.0,35,20.3989318,19.90143943,21.0683323075,False
h2o,Energy,2.4GHz,2400.0,2x,2.0,70,5.427032499999999,4.956673314999999,5.904080145,False
h2o,Energy,2.4GHz,2400.0,3x,3.0,105,5.0344971,4.7073803225,5.461254394999999,False
h2o,Energy,2.4GHz,2400.0,4x,4.0,140,5.1085268,4.7410249575000005,5.544383762500001,False
h2o,Energy,2.4GHz,2400.0,5x,5.0,175,5.124560599999999,4.8815493275,5.4775532525,False
h2o,Energy,2.4GHz,2400.0,6x,6.0,210,5.2442079,4.775203885000001,5.7441695274999995,False
h2o,Energy,2.7GHz,2700.0,1x,1.0,35,22.2064085,21.2373693475,23.223372715,False
h2o,Energy,2.7GHz,2700.0,2x,2.0,70,5.447649999999999,5.15952935,5.8115381525,False
h2o,Energy,2.7GHz,2700.0,3x,3.0,105,5.697070299999999,5.266169452500001,6.1751273475,False
h2o,Energy,2.7GHz,2700.0,4x,4.0,140,5.007153300000001,4.9076959925,5.0839782,False
h2o,Energy,2.7GHz,2700.0,5x,5.0,175,5.1188719,4.9557171075,5.2926420599999995,False
h2o,Energy,2.7GHz,2700.0,6x,6.0,210,5.2968628,5.0661351,5.575766374999999,False
h2o,Time,400MHz,400.0,1x,1.0,35,21691.0,20404.827500000003,23179.409999999996,False
h2o,Time,400MHz,400.0,2x,2.0,70,6343.9,5770.062500000001,7090.607500000001,False
h2o,Time,400MHz,400.0,3x,3.0,105,5665.7,5573.5975,5771.7025,False
h2o,Time,400MHz,400.0,4x,4.0,140,5610.5,5521.255,5722.3275,False
h2o,Time,400MHz,400.0,5x,5.0,175,5722.0,5431.195000000001,6224.3725,False
h2o,Time,400MHz,400.0,6x,6.0,210,5739.9,5460.0775,6153.215,False
h2o,Time,800MHz,800.0,1x,1.0,35,12008.9,11017.255,13059.195000000002,False
h2o,Time,800MHz,800.0,2x,2.0,70,3375.0,3080.895,3675.165,False
h2o,Time,800MHz,800.0,3x,3.0,105,3111.2,2848.17,3437.915,False
h2o,Time,800MHz,800.0,4x,4.0,140,2910.1,2746.49,3141.9849999999997,False
h2o,Time,800MHz,800.0,5x,5.0,175,3014.5,2762.15,3326.3100000000004,False
h2o,Time,800MHz,800.0,6x,6.0,210,2979.1,2736.5,3299.7174999999997,False
h2o,Time,1.2GHz,1200.0,1x,1.0,35,8816.2,8239.565,9431.0375,False
h2o,Time,1.2GHz,1200.0,2x,2.0,70,1955.0,1848.2975,2087.535,False
h2o,Time,1.2GHz,1200.0,3x,3.0,105,1940.7,1803.49,2088.075,False
h2o,Time,1.2GHz,1200.0,4x,4.0,140,2101.2,1835.4875,2437.004999999999,False
h2o,Time,1.2GHz,1200.0,5x,5.0,175,2142.1,1911.8575,2380.2699999999995,False
h2o,Time,1.2GHz,1200.0,6x,6.0,210,2060.9,1834.1175,2392.855,False
h2o,Time,1.6GHz,1600.0,1x,1.0,35,6415.9,6203.9575,6606.71,False
h2o,Time,1.6GHz,1600.0,2x,2.0,70,1502.4,1430.485,1606.2275,False
h2o,Time,1.6GHz,1600.0,3x,3.0,105,1494.1,1386.0875,1621.6125,False
h2o,Time,1.6GHz,1600.0,4x,4.0,140,1434.7,1385.5875,1481.605,False
h2o,Time,1.6GHz,1600.0,5x,5.0,175,1546.4,1414.59,1689.8200000000002,False
h2o,Time,1.6GHz,1600.0,6x,6.0,210,1656.2,1419.755,1947.2275,False
h2o,Time,2.0GHz,2000.0,1x,1.0,35,5007.9,4687.0775,5366.23,False
h2o,Time,2.0GHz,2000.0,2x,2.0,70,1201.9,1151.6975,1269.1125,False
h2o,Time,2.0GHz,2000.0,3x,3.0,105,1272.7,1154.78,1423.2225,False
h2o,Time,2.0GHz,2000.0,4x,4.0,140,1311.8,1197.755,1423.6025,False
h2o,Time,2.0GHz,2000.0,5x,5.0,175,1177.6,1115.095,1273.3075,False
h2o,Time,2.0GHz,2000.0,6x,6.0,210,1206.7,1133.0925,1307.46,False
h2o,Time,2.4GHz,2400.0,1x,1.0,35,4202.2,4100.295,4316.4,False
h2o,Time,2.4GHz,2400.0,2x,2.0,70,1114.7,1027.1675,1217.3224999999998,False
h2o,Time,2.4GHz,2400.0,3x,3.0,105,1036.9,967.995,1132.72,False
h2o,Time,2.4GHz,2400.0,4x,4.0,140,1045.6,969.2925,1139.9275000000002,False
h2o,Time,2.4GHz,2400.0,5x,5.0,175,1054.1,1002.3,1129.3275,False
h2o,Time,2.4GHz,2400.0,6x,6.0,210,1072.3,979.7925,1175.8025,False
h2o,Time,2.7GHz,2700.0,1x,1.0,35,3861.8,3678.9,4046.4175,False
h2o,Time,2.7GHz,2700.0,2x,2.0,70,943.7,893.6800000000001,1006.5025,False
h2o,Time,2.7GHz,2700.0,3x,3.0,105,982.0,898.7,1059.705,False
h2o,Time,2.7GHz,2700.0,4x,4.0,140,867.8,851.7925,879.4024999999999,True
h2o,Time,2.7GHz,2700.0,5x,5.0,175,887.1,864.8,916.605,True
h2o,Time,2.7GHz,2700.0,6x,6.0,210,911.6,873.7974999999999,959.52,True
h2o,EDP,400MHz,400.0,1x,1.0,35,898.5004117935999,786.9669241756076,1027.0881290110326,False
h2o,EDP,400MHz,400.0,2x,2.0,70,78.2116192571,60.029516986125,97.26176175403002,False
h2o,EDP,400MHz,400.0,3x,3.0,105,60.65353398770001,58.62553759986751,63.010202096407504,False
h2o,EDP,400MHz,400.0,4x,4.0,140,59.4184098293,57.47897445572,61.94237602616499,False
h2o,EDP,400MHz,400.0,5x,5.0,175,62.7956577818,55.9067265515,75.34491124689,False
h2o,EDP,400MHz,400.0,6x,6.0,210,62.9438092675,56.209416906662504,72.24795552222251,False
h2o,EDP,800MHz,800.0,1x,1.0,35,323.916109013,272.83076242084746,386.1837996823125,False
h2o,EDP,800MHz,800.0,2x,2.0,70,25.68424964659999,21.310528827047506,30.319179609610007,False
h2o,EDP,800MHz,800.0,3x,3.0,105,21.8627184146,17.5470975463975,26.592638188462494,False
h2o,EDP,800MHz,800.0,4x,4.0,140,18.8723829004,16.642692250055003,21.902773786757503,False
h2o,EDP,800MHz,800.0,5x,5.0,175,20.5930459813,16.911094942897503,25.43935302536001,False
h2o,EDP,800MHz,800.0,6x,6.0,210,19.9240505985,16.4041838262675,24.557643390752496,False
h2o,EDP,1.2GHz,1200.0,1x,1.0,35,206.1931683163,178.80157993477252,232.54745961264,False
h2o,EDP,1.2GHz,1200.0,2x,2.0,70,10.210704015,9.0255590406825,11.74609711158,False
h2o,EDP,1.2GHz,1200.0,3x,3.0,105,10.1285661078,8.6695302599025,11.868048855335,False
h2o,EDP,1.2GHz,1200.0,4x,4.0,140,12.2196179158,8.954334379525,16.52415715437,False
h2o,EDP,1.2GHz,1200.0,5x,5.0,175,12.4247722823,9.9912394993375,14.996876192805,False
h2o,EDP,1.2GHz,1200.0,6x,6.0,210,11.7918215914,8.914045018405002,15.93703226126,False
h2o,EDP,1.6GHz,1600.0,1x,1.0,35,127.4623161384,119.5518881908225,135.24680099975248,False
h2o,EDP,1.6GHz,1600.0,2x,2.0,70,7.0171808245000005,6.3175579208325,8.10825777248,False
h2o,EDP,1.6GHz,1600.0,3x,3.0,105,6.997119173499999,5.927855726692501,8.380764850329998,False
h2o,EDP,1.6GHz,1600.0,4x,4.0,140,6.3585432993,5.957279895280001,6.7852436293075,False
h2o,EDP,1.6GHz,1600.0,5x,5.0,175,7.491375502,6.0633824170275,9.001518916174998,False
h2o,EDP,1.6GHz,1600.0,6x,6.0,210,9.010325052000002,6.235213233885002,12.841495784977502,False
h2o,EDP,2.0GHz,2000.0,1x,1.0,35,98.5737126941,85.44217587608,113.20589613412749,False
h2o,EDP,2.0GHz,2000.0,2x,2.0,70,5.6442371721,5.1628948458075,6.2679994338275,False
h2o,EDP,2.0GHz,2000.0,3x,3.0,105,6.4772929843,5.222956650154999,7.954124399977499,False
h2o,EDP,2.0GHz,2000.0,4x,4.0,140,6.8285009894,5.65024030795,8.0440364342,False
h2o,EDP,2.0GHz,2000.0,5x,5.0,175,5.4630180102,4.8116613616625,6.47194032428,False
h2o,EDP,2.0GHz,2000.0,6x,6.0,210,5.7536218359,5.062064118840001,6.71706990808,False
h2o,EDP,2.4GHz,2400.0,1x,1.0,35,85.9006644662,81.495118514495,90.657230076165,False
h2o,EDP,2.4GHz,2400.0,2x,2.0,70,6.1626968901,5.1443166537675,7.341906837529999,False
h2o,EDP,2.4GHz,2400.0,3x,3.0,105,5.3073175215,4.58577655499,6.36283459445,False
h2o,EDP,2.4GHz,2400.0,4x,4.0,140,5.4370363482999995,4.5982058854275,6.4457334267825,False
h2o,EDP,2.4GHz,2400.0,5x,5.0,175,5.456330938900001,4.905769933249999,6.277712843295,False
h2o,EDP,2.4GHz,2400.0,6x,6.0,210,5.744051547700001,4.7266919469475015,6.8809654345975,False
h2o,EDP,2.7GHz,2700.0,1x,1.0,35,86.2234193867,78.79187379171002,94.439022969125,False
h2o,EDP,2.7GHz,2700.0,2x,2.0,70,5.191023572000001,4.610042501475,5.9594576634,False
h2o,EDP,2.7GHz,2700.0,3x,3.0,105,5.698977921500001,4.757285064635,6.694257383232499,False
h2o,EDP,2.7GHz,2700.0,4x,4.0,140,4.3485752344,4.195099501940001,4.4784641916400005,True
h2o,EDP,2.7GHz,2700.0,5x,5.0,175,4.5519301077,4.286662948685,4.829687669085,True
h2o,EDP,2.7GHz,2700.0,6x,6.0,210,4.8594971844999995,4.418932099415,5.3734617928325,True
h2o,EDP2,400MHz,400.0,1x,1.0,35,37635.59056151803,30798.00459302471,45172.88703556439,False
h2o,EDP2,400MHz,400.0,2x,2.0,70,996.7808627605144,648.0975031696314,1368.9940765324225,False
h2o,EDP2,400MHz,400.0,3x,3.0,105,649.985202299589,615.4740855458876,691.6115934827309,False
h2o,EDP2,400MHz,400.0,4x,4.0,140,629.8579871080204,597.1811938114002,666.6521429827434,False
h2o,EDP2,400MHz,400.0,5x,5.0,175,702.7462286641024,575.5565274368357,939.6438163793292,False
h2o,EDP2,400MHz,400.0,6x,6.0,210,698.5389327136899,584.0764442877859,875.8885458174835,False
h2o,EDP2,800MHz,800.0,1x,1.0,35,8935.408493850953,6603.448030358392,11856.66864264494,False
h2o,EDP2,800MHz,800.0,2x,2.0,70,199.4608087130403,148.28983194341413,252.14148840649707,False
h2o,EDP2,800MHz,800.0,3x,3.0,105,157.772314880092,110.14263849401068,214.28366096403735,False
h2o,EDP2,800MHz,800.0,4x,4.0,140,123.89494193896635,101.00552599037502,157.6709166064412,False
h2o,EDP2,800MHz,800.0,5x,5.0,175,144.45124648864964,103.6887909624711,197.6986310887191,False
h2o,EDP2,800MHz,800.0,6x,6.0,210,136.6992672114279,99.08894558776454,187.25147410648208,False
h2o,EDP2,1.2GHz,1200.0,1x,1.0,35,4876.442966966166,3951.7667803466393,5791.164576110748,False
h2o,EDP2,1.2GHz,1200.0,2x,2.0,70,54.012527705323166,43.920123991067875,67.56136126235886,False
h2o,EDP2,1.2GHz,1200.0,3x,3.0,105,53.79210864106737,41.55516539293125,70.8222836353629,False
h2o,EDP2,1.2GHz,1200.0,4x,4.0,140,75.41634330844309,47.55886954672197,120.37941058863568,False
h2o,EDP2,1.2GHz,1200.0,5x,5.0,175,73.98157534950272,52.83676649783692,96.02122560131232,False
h2o,EDP2,1.2GHz,1200.0,6x,6.0,210,71.20353368122296,41.74621537713993,108.82564318895922,False
h2o,EDP2,1.6GHz,1600.0,1x,1.0,35,2538.5309700863263,2298.7610532559165,2779.549306310786,False
h2o,EDP2,1.6GHz,1600.0,2x,2.0,70,33.18138859741895,27.81988561866989,41.787212798000375,False
h2o,EDP2,1.6GHz,1600.0,3x,3.0,105,33.463369844334665,25.177495615710068,44.2979769996238,False
h2o,EDP2,1.6GHz,1600.0,4x,4.0,140,28.256589824684543,25.352386005144087,30.979028339480845,False
h2o,EDP2,1.6GHz,1600.0,5x,5.0,175,37.097670056920194,27.410325400717575,48.615340425000014,False
h2o,EDP2,1.6GHz,1600.0,6x,6.0,210,52.71619341209795,27.887093402077284,85.97766276482218,False
h2o,EDP2,2.0GHz,2000.0,1x,1.0,35,1966.221220139514,1554.489535176734,2389.809674231083,False
h2o,EDP2,2.0GHz,2000.0,2x,2.0,70,26.67774691605631,23.225866903222244,31.653600502176623,False
h2o,EDP2,2.0GHz,2000.0,3x,3.0,105,33.87816030667591,23.69241524186156,45.16848948068125,False
h2o,EDP2,2.0GHz,2000.0,4x,4.0,140,36.25048732800069,27.24440985141715,46.877525831282554,False
h2o,EDP2,2.0GHz,2000.0,5x,5.0,175,25.824553767461396,20.857768329618843,34.0855909523292,True
h2o,EDP2,2.0GHz,2000.0,6x,6.0,210,27.850774345419904,22.32111809900957,35.79139664468172,True
h2o,EDP2,2.4GHz,2400.0,1x,1.0,35,1760.0618802100694,1617.7042214194155,1926.7986452356788,False
h2o,EDP2,2.4GHz,2400.0,2x,2.0,70,34.7872384313835,25.41379940641157,45.82249719911968,False
h2o,EDP2,2.4GHz,2400.0,3x,3.0,105,27.705989890829557,21.77653557769015,37.01443554975384,True
h2o,EDP2,2.4GHz,2400.0,4x,4.0,140,28.813924503140043,22.07520583513585,37.19106917860453,True
h2o,EDP2,2.4GHz,2400.0,5x,5.0,175,28.571693306056577,23.979813983372047,37.32375116572491,False
h2o,EDP2,2.4GHz,2400.0,6x,6.0,210,31.444640086317907,22.875938098963346,40.528617587755114,False
h2o,EDP2,2.7GHz,2700.0,1x,1.0,35,1935.598688672702,1695.0498840144635,2222.905051336534,False
h2o,EDP2,2.7GHz,2700.0,2x,2.0,70,28.87063304108263,23.910926395204793,35.282650503134235,False
h2o,EDP2,2.7GHz,2700.0,3x,3.0,105,33.73083940806234,24.89432605937296,43.01762335423027,False
h2o,EDP2,2.7GHz,2700.0,4x,4.0,140,21.80947836956356,20.596636519894993,22.772213795037644,True
h2o,EDP2,2.7GHz,2700.0,5x,5.0,175,23.420982612855795,21.463192101701267,25.82605524439901,True
h2o,EDP2,2.7GHz,2700.0,6x,6.0,210,26.08299926979705,22.64073429369528,30.928431715662995,True
jme,Energy,400MHz,400.0,1x,1.0,29,13.9176941,13.4444530975,14.3938440525,False
jme,Energy,400MHz,400.0,2x,2.0,58,4.8507629,4.1662965825,5.5029449050000006,False
jme,Energy,400MHz,400.0,3x,3.0,87,5.3733581,4.953473942500001,5.7355225574999995,False
jme,Energy,400MHz,400.0,4x,4.0,116,5.2291261,4.4449447724999995,5.8069644475,False
jme,Energy,400MHz,400.0,5x,5.0,145,4.7813965000000005,4.30291103,5.224063665,False
jme,Energy,400MHz,400.0,6x,6.0,174,4.681299,3.95642823,5.399704355,False
jme,Energy,800MHz,800.0,1x,1.0,29,8.4068605,8.235878659999997,8.59288937,False
jme,Energy,800MHz,800.0,2x,2.0,58,3.0696532000000003,2.5806266649999996,3.5367734125,False
jme,Energy,800MHz,800.0,3x,3.0,87,3.2163939,2.8653403850000005,3.4775825625000003,False
jme,Energy,800MHz,800.0,4x,4.0,116,2.7217711,2.2944112,3.1724625975,False
jme,Energy,800MHz,800.0,5x,5.0,145,2.6842161000000004,2.2989711175000003,3.109208475,False
jme,Energy,800MHz,800.0,6x,6.0,174,2.9112367000000003,2.4824665724999995,3.2913117874999993,False
jme,Energy,1.2GHz,1200.0,1x,1.0,29,6.7211488,6.6039298725,6.860163632500001,False
jme,Energy,1.2GHz,1200.0,2x,2.0,58,2.3677916999999997,2.1148156874999997,2.683108575,False
jme,Energy,1.2GHz,1200.0,3x,3.0,87,2.0947814,1.84729706,2.34688421,True
jme,Energy,1.2GHz,1200.0,4x,4.0,116,2.1032775,1.8309673475,2.35872253,True
jme,Energy,1.2GHz,1200.0,5x,5.0,145,2.1605896,1.8459474,2.4739798275,True
jme,Energy,1.2GHz,1200.0,6x,6.0,174,2.014551,1.6978339649999998,2.3488850675,True
jme,Energy,1.6GHz,1600.0,1x,1.0,29,6.1671692,6.01750835,6.3112321675,False
jme,Energy,1.6GHz,1600.0,2x,2.0,58,2.0580627,1.7931196225000006,2.30369059,True
jme,Energy,1.6GHz,1600.0,3x,3.0,87,1.9338074,1.6765176425,2.19811904,True
jme,Energy,1.6GHz,1600.0,4x,4.0,116,1.9555969,1.7114796575,2.2027332575,True
jme,Energy,1.6GHz,1600.0,5x,5.0,145,1.7734192999999998,1.5031925075,2.0401350775000004,True
jme,Energy,1.6GHz,1600.0,6x,6.0,174,1.6657166,1.4290758075,1.9271178424999995,True
jme,Energy,2.0GHz,2000.0,1x,1.0,29,6.5703002999999995,6.424005997500001,6.720518424999999,False
jme,Energy,2.0GHz,2000.0,2x,2.0,58,2.0514585999999997,1.8401268175,2.29577755,True
jme,Energy,2.0GHz,2000.0,3x,3.0,87,1.9250672,1.6608668299999998,2.1912341174999996,True
jme,Energy,2.0GHz,2000.0,4x,4.0,116,2.0007019,1.78693443,2.2648358350000004,True
jme,Energy,2.0GHz,2000.0,5x,5.0,145,1.9412603,1.6518487875,2.2399853299999997,True
jme,Energy,2.0GHz,2000.0,6x,6.0,174,1.7577269999999998,1.5852732575,1.9391245325,True
jme,Energy,2.4GHz,2400.0,1x,1.0,29,7.3254698,7.1449528175,7.498732692499999,False
jme,Energy,2.4GHz,2400.0,2x,2.0,58,2.0874571,1.8481964000000004,2.354885675,True
jme,Energy,2.4GHz,2400.0,3x,3.0,87,2.3387328000000003,2.1488211375,2.5386131949999995,False
jme,Energy,2.4GHz,2400.0,4x,4.0,116,2.0207031,1.7151319425,2.39116797,True
jme,Energy,2.4GHz,2400.0,5x,5.0,145,2.0287474,1.7586506225,2.36070131,True
jme,Energy,2.4GHz,2400.0,6x,6.0,174,1.9232543,1.74918103,2.0886072075,True
jme,Energy,2.7GHz,2700.0,1x,1.0,29,7.388256899999999,7.251433737499999,7.5449230225,False
jme,Energy,2.7GHz,2700.0,2x,2.0,58,2.4030822,2.1045643574999997,2.72177331,False
jme,Energy,2.7GHz,2700.0,3x,3.0,87,2.3451904,1.97242074,2.7478503749999996,False
jme,Energy,2.7GHz,2700.0,4x,4.0,116,2.300598,2.0511326050000003,2.6153728875,False
jme,Energy,2.7GHz,2700.0,5x,5.0,145,2.2718689999999997,2.0380907149999996,2.50772313,False
jme,Energy,2.7GHz,2700.0,6x,6.0,174,2.2028503,1.8688601875,2.5894532625,True
jme,Time,400MHz,400.0,1x,1.0,29,7847.0,7579.257500000001,8127.9175,False
jme,Time,400MHz,400.0,2x,2.0,58,2736.5,2371.6000000000004,3104.2574999999997,False
jme,Time,400MHz,400.0,3x,3.0,87,3009.0,2800.9375,3203.5074999999997,False
jme,Time,400MHz,400.0,4x,4.0,116,2943.4,2569.3675000000003,3271.5449999999996,False
jme,Time,400MHz,400.0,5x,5.0,145,2703.5,2417.1,2960.7,False
jme,Time,400MHz,400.0,6x,6.0,174,2634.6,2219.7975,3033.64,False
jme,Time,800MHz,800.0,1x,1.0,29,4086.2,3990.6925,4179.9225,False
jme,Time,800MHz,800.0,2x,2.0,58,1494.8,1283.6625,1721.7125,False
jme,Time,800MHz,800.0,3x,3.0,87,1571.0,1401.5749999999998,1695.9075000000005,False
jme,Time,800MHz,800.0,4x,4.0,116,1336.3,1133.58,1550.2524999999998,False
jme,Time,800MHz,800.0,5x,5.0,145,1322.7,1132.4525,1517.9550000000002,False
jme,Time,800MHz,800.0,6x,6.0,174,1426.1,1207.37,1617.255,False
jme,Time,1.2GHz,1200.0,1x,1.0,29,2766.6,2719.695,2815.9025,False
jme,Time,1.2GHz,1200.0,2x,2.0,58,989.7,878.395,1113.3375,False
jme,Time,1.2GHz,1200.0,3x,3.0,87,890.0,795.1700000000001,991.705,False
jme,Time,1.2GHz,1200.0,4x,4.0,116,887.2,783.0975,987.8125,False
jme,Time,1.2GHz,1200.0,5x,5.0,145,910.9,780.2825,1032.7025,False
jme,Time,1.2GHz,1200.0,6x,6.0,174,858.3,736.0975,981.915,False
jme,Time,1.6GHz,1600.0,1x,1.0,29,2166.5,2118.865,2217.9075,False
jme,Time,1.6GHz,1600.0,2x,2.0,58,759.1,670.48,841.7025,False
jme,Time,1.6GHz,1600.0,3x,3.0,87,712.7,622.4949999999999,803.54,False
jme,Time,1.6GHz,1600.0,4x,4.0,116,721.2,637.6975,800.405,False
jme,Time,1.6GHz,1600.0,5x,5.0,145,666.3,586.9875,752.3075,False
jme,Time,1.6GHz,1600.0,6x,6.0,174,627.2,552.2875,715.9100000000001,False
jme,Time,2.0GHz,2000.0,1x,1.0,29,1816.1,1774.3975,1854.7,False
jme,Time,2.0GHz,2000.0,2x,2.0,58,610.1,554.4975,666.1025,False
jme,Time,2.0GHz,2000.0,3x,3.0,87,570.3,507.795,628.0374999999999,True
jme,Time,2.0GHz,2000.0,4x,4.0,116,585.6,528.78,641.8149999999999,False
jme,Time,2.0GHz,2000.0,5x,5.0,145,571.7,508.88,640.0125,True
jme,Time,2.0GHz,2000.0,6x,6.0,174,536.2,491.99,583.9000000000001,True
jme,Time,2.4GHz,2400.0,1x,1.0,29,1603.8,1565.1925,1643.405,False
jme,Time,2.4GHz,2400.0,2x,2.0,58,507.2,460.7875,555.51,True
jme,Time,2.4GHz,2400.0,3x,3.0,87,546.3,507.2975,594.9000000000001,True
jme,Time,2.4GHz,2400.0,4x,4.0,116,489.0,436.685,541.215,True
jme,Time,2.4GHz,2400.0,5x,5.0,145,489.2,442.895,548.62,True
jme,Time,2.4GHz,2400.0,6x,6.0,174,475.8,442.0925,513.62,True
jme,Time,2.7GHz,2700.0,1x,1.0,29,1375.9,1358.1975,1395.3024999999998,False
jme,Time,2.7GHz,2700.0,2x,2.0,58,489.0,444.1,539.0,True
jme,Time,2.7GHz,2700.0,3x,3.0,87,470.9,419.295,525.3025,True
jme,Time,2.7GHz,2700.0,4x,4.0,116,471.8,430.2,510.2075,True
jme,Time,2.7GHz,2700.0,5x,5.0,145,472.0,437.3875,506.4,True
jme,Time,2.7GHz,2700.0,6x,6.0,174,455.7,404.2975,514.8149999999999,True
jme,EDP,400MHz,400.0,1x,1.0,29,109.55540583759998,101.74276914349753,117.4047463677,False
jme,EDP,400MHz,400.0,2x,2.0,58,13.9547630751,10.398927029390002,17.633405749244993,False
jme,EDP,400MHz,400.0,3x,3.0,87,16.3819784783,14.296039804245,18.5099841579125,False
jme,EDP,400MHz,400.0,4x,4.0,116,15.984281276,12.536928102505,19.292503620865,False
jme,EDP,400MHz,400.0,5x,5.0,145,13.249964182,10.616707611710003,15.59042422294,False
jme,EDP,400MHz,400.0,6x,6.0,174,13.105473665100002,9.437792573279998,16.677676457792497,False
jme,EDP,800MHz,800.0,1x,1.0,29,34.3964345461,32.8647594259375,35.92943722149501,False
jme,EDP,800MHz,800.0,2x,2.0,58,4.868363173499999,3.5116563175,6.1125166904974995,False
jme,EDP,800MHz,800.0,3x,3.0,87,5.171537559000001,4.246777692825,5.9172850537325,False
jme,EDP,800MHz,800.0,4x,4.0,116,3.8903430743,2.7698735935000003,5.1624596976724995,False
jme,EDP,800MHz,800.0,5x,5.0,145,3.7605279025,2.845521825607499,4.886797187822501,False
jme,EDP,800MHz,800.0,6x,6.0,174,4.3621824101,3.3295096391400003,5.45620364744,False
jme,EDP,1.2GHz,1200.0,1x,1.0,29,18.6110575568,17.9450165463425,19.41668512414,False
jme,EDP,1.2GHz,1200.0,2x,2.0,58,2.4357398659999996,1.8930066870175,3.0788424411624997,False
jme,EDP,1.2GHz,1200.0,3x,3.0,87,1.9341812406,1.49871097055,2.3927644927174994,False
jme,EDP,1.2GHz,1200.0,4x,4.0,116,1.9421661505000003,1.5261854396875,2.4056284606175007,False
jme,EDP,1.2GHz,1200.0,5x,5.0,145,2.0773771093,1.5177196636,2.6195416142249996,False
jme,EDP,1.2GHz,1200.0,6x,6.0,174,1.8311971942,1.3274366434275,2.3896121435649995,False
jme,EDP,1.6GHz,1600.0,1x,1.0,29,13.3806065107,12.810264019629996,14.00111343003,False
jme,EDP,1.6GHz,1600.0,2x,2.0,58,1.6188939827,1.2583430978875,1.9535637904775,False
jme,EDP,1.6GHz,1600.0,3x,3.0,87,1.4433198092,1.0677816845,1.8481471331074997,True
jme,EDP,1.6GHz,1600.0,4x,4.0,116,1.4635360999,1.1145116126175,1.7636628348125003,False
jme,EDP,1.6GHz,1600.0,5x,5.0,145,1.2423087,0.8920607923674998,1.6129963189174998,True
jme,EDP,1.6GHz,1600.0,6x,6.0,174,1.0978283204,0.8146868198375,1.4388720480925,True
jme,EDP,2.0GHz,2000.0,1x,1.0,29,11.948705490300002,11.383894413285,12.4747562424975,False
jme,EDP,2.0GHz,2000.0,2x,2.0,58,1.2845812777,1.0312241731724998,1.558721350225,True
jme,EDP,2.0GHz,2000.0,3x,3.0,87,1.1417305742,0.8687770476925002,1.4294036199025004,True
jme,EDP,2.0GHz,2000.0,4x,4.0,116,1.2051011517,0.9744598479325004,1.451117646325,True
jme,EDP,2.0GHz,2000.0,5x,5.0,145,1.1640820055,0.864541664225,1.5040857105099998,True
jme,EDP,2.0GHz,2000.0,6x,6.0,174,0.9637053228,0.7892709290575,1.1393818707525,True
jme,EDP,2.4GHz,2400.0,1x,1.0,29,11.7670016346,11.12745499271,12.353204890314998,False
jme,EDP,2.4GHz,2400.0,2x,2.0,58,1.0913260264,0.86332946833,1.353846578075,True
jme,EDP,2.4GHz,2400.0,3x,3.0,87,1.2977050976000002,1.0995261349224998,1.513852211765,False
jme,EDP,2.4GHz,2400.0,4x,4.0,116,1.0362949388000002,0.7463045795225,1.3662982236625,True
jme,EDP,2.4GHz,2400.0,5x,5.0,145,1.0333222826,0.7932017873550001,1.3569893865399996,True
jme,EDP,2.4GHz,2400.0,6x,6.0,174,0.9304508436,0.78783862599,1.0895528853875,True
jme,EDP,2.7GHz,2700.0,1x,1.0,29,10.1727777292,9.8693830308175,10.548443222199998,False
jme,EDP,2.7GHz,2700.0,2x,2.0,58,1.2126100460000002,0.9749256293425,1.5127415167850002,True
jme,EDP,2.7GHz,2700.0,3x,3.0,87,1.1569371631999998,0.8625648565125,1.4909867706524995,True
jme,EDP,2.7GHz,2700.0,4x,4.0,116,1.1137453949,0.8807563560375002,1.36601697382,True
jme,EDP,2.7GHz,2700.0,5x,5.0,145,1.0927527543000002,0.9006438816574999,1.2701736553575,True
jme,EDP,2.7GHz,2700.0,6x,6.0,174,1.0530686032,0.8029218301225002,1.3757125419549998,True
jme,EDP2,400MHz,400.0,1x,1.0,29,1534.4947815785022,1373.3907277241278,1688.4896606306377,False
jme,EDP2,400MHz,400.0,2x,2.0,58,74.23541981135352,46.39991760407685,102.40805022721078,False
jme,EDP2,400MHz,400.0,3x,3.0,87,90.26276588778268,73.3587624479843,107.03935995492364,False
jme,EDP2,400MHz,400.0,4x,4.0,116,89.18632401527381,63.21809858676092,111.7642915352484,False
jme,EDP2,400MHz,400.0,5x,5.0,145,66.39273682874396,49.044909666450785,84.47008781263956,False
jme,EDP2,400MHz,400.0,6x,6.0,174,68.39735515998322,43.140431284120545,94.3598942808061,False
jme,EDP2,800MHz,800.0,1x,1.0,29,289.8971789535592,271.43848823785277,310.69364682509524,False
jme,EDP2,800MHz,800.0,2x,2.0,58,16.607669857062213,10.51920476636204,22.415209498338257,False
jme,EDP2,800MHz,800.0,3x,3.0,87,17.323780176017245,13.294832155150198,20.88682934706202,False
jme,EDP2,800MHz,800.0,4x,4.0,116,11.998926688977289,6.683155515215654,17.219186653607217,False
jme,EDP2,800MHz,800.0,5x,5.0,145,11.2492948273832,6.966588454116718,15.861840363828714,False
jme,EDP2,800MHz,800.0,6x,6.0,174,13.872832890881758,8.865474650335607,18.573970516735997,False
jme,EDP2,1.2GHz,1200.0,1x,1.0,29,125.32395112573606,119.08299711298628,132.74865751363254,False
jme,EDP2,1.2GHz,1200.0,2x,2.0,58,6.245993249567574,4.087934610821838,8.82094797041962,False
jme,EDP2,1.2GHz,1200.0,3x,3.0,87,4.360955011300293,2.9613728207283816,5.917790377696641,False
jme,EDP2,1.2GHz,1200.0,4x,4.0,116,4.41805587239031,2.9006075964462417,5.768122571597045,False
jme,EDP2,1.2GHz,1200.0,5x,5.0,145,4.973955141331224,3.083247347141403,6.804188014073861,False
jme,EDP2,1.2GHz,1200.0,6x,6.0,174,4.128161037002131,2.5720281297544356,5.9136840107692015,False
jme,EDP2,1.6GHz,1600.0,1x,1.0,29,82.76089719195645,76.8819208762436,88.12276884006067,False
jme,EDP2,1.6GHz,1600.0,2x,2.0,58,3.5711711851230907,2.4158448395975913,4.680542879031891,False
jme,EDP2,1.6GHz,1600.0,3x,3.0,87,3.0667445636881645,1.8802762231577723,4.362954713175821,True
jme,EDP2,1.6GHz,1600.0,4x,4.0,116,3.076859796724892,2.1886898319311388,4.071787779575021,True
jme,EDP2,1.6GHz,1600.0,5x,5.0,145,2.4378741416337406,1.4879982916354415,3.5041444558114065,True
jme,EDP2,1.6GHz,1600.0,6x,6.0,174,2.0320854269871607,1.2695904304663053,2.9815818576534032,True
jme,EDP2,2.0GHz,2000.0,1x,1.0,29,78.73157908637218,73.4466898492873,84.807096996045,False
jme,EDP2,2.0GHz,2000.0,2x,2.0,58,2.7923423548744704,1.9451793456510276,3.806779812570708,True
jme,EDP2,2.0GHz,2000.0,3x,3.0,87,2.3854361772774757,1.6083371085825404,3.2234709378109465,True
jme,EDP2,2.0GHz,2000.0,4x,4.0,116,2.5604964016737757,1.826809966994685,3.408365812638557,True
jme,EDP2,2.0GHz,2000.0,5x,5.0,145,2.5194332411143847,1.526125144377494,3.608122006649611,True
jme,EDP2,2.0GHz,2000.0,6x,6.0,174,1.7744241603764892,1.2707846699134002,2.302522869081466,True
jme,EDP2,2.4GHz,2400.0,1x,1.0,29,86.47305879016321,80.39862694781614,92.60192808034228,False
jme,EDP2,2.4GHz,2400.0,2x,2.0,58,2.4414919465998133,1.656034499539694,3.288927435341029,True
jme,EDP2,2.4GHz,2400.0,3x,3.0,87,3.140885014038529,2.425319987098493,3.9056526919913366,False
jme,EDP2,2.4GHz,2400.0,4x,4.0,116,2.351730723044974,1.3294199985108055,3.526159422599674,True
jme,EDP2,2.4GHz,2400.0,5x,5.0,145,2.327358661935714,1.4330021487298084,3.7621266439639505,True
jme,EDP2,2.4GHz,2400.0,6x,6.0,174,1.8542819356280684,1.4074506196700942,2.321142641025351,True
jme,EDP2,2.7GHz,2700.0,1x,1.0,29,75.30492563355952,71.34866451995475,80.24161487931846,False
jme,EDP2,2.7GHz,2700.0,2x,2.0,58,3.135846837120726,2.1251952045278903,4.272024570075162,True
jme,EDP2,2.7GHz,2700.0,3x,3.0,87,3.02036054993615,1.8745048296141371,4.270506561583557,True
jme,EDP2,2.7GHz,2700.0,4x,4.0,116,2.733017956261757,1.9222663692527249,3.75658946757555,True
jme,EDP2,2.7GHz,2700.0,5x,5.0,145,2.596999006707093,1.940790279859861,3.283469075102681,True
jme,EDP2,2.7GHz,2700.0,6x,6.0,174,2.6010469643196754,1.5662835250795,3.957024047176664,True
jython,Energy,400MHz,400.0,1x,1.0,25,67.2271422,66.07339954499999,68.5864896225,False
jython,Energy,400MHz,400.0,2x,2.0,50,9.0954287,8.882197362500001,9.34076347,False
jython,Energy,400MHz,400.0,3x,3.0,75,8.9588134,8.7760702775,9.112537057500004,False
jython,Energy,400MHz,400.0,4x,4.0,100,9.1308596,8.9542208925,9.296646505000002,False
jython,Energy,400MHz,400.0,5x,5.0,125,8.831506099999999,8.685379522500002,9.002390029999999,False
jython,Energy,400MHz,400.0,6x,6.0,150,8.5730896,8.373287000000001,8.7598134825,False
jython,Energy,800MHz,800.0,1x,1.0,25,40.4963196,39.919076135000005,41.131759115,False
jython,Energy,800MHz,800.0,2x,2.0,50,5.1269286,5.0327925725,5.21895177,False
jython,Energy,800MHz,800.0,3x,3.0,75,5.006579499999999,4.917224077499999,5.0986118625,False
jython,Energy,800MHz,800.0,4x,4.0,100,5.2031677,5.072567482499999,5.32439227,False
jython,Energy,800MHz,800.0,5x,5.0,125,5.1249693,5.0469881075,5.199998635,False
jython,Energy,800MHz,800.0,6x,6.0,150,5.0051208,4.9243685475,5.0756774,False
jython,Energy,1.2GHz,1200.0,1x,1.0,25,33.0924439,32.59645932,33.55818743000001,False
jython,Energy,1.2GHz,1200.0,2x,2.0,50,4.1111451,3.939687614999999,4.3862782475,False
jython,Energy,1.2GHz,1200.0,3x,3.0,75,3.969562,3.893014545,4.042206355,False
jython,Energy,1.2GHz,1200.0,4x,4.0,100,3.9994751,3.9468370225,4.059580017499999,False
jython,Energy,1.2GHz,1200.0,5x,5.0,125,3.983948,3.904063867500001,4.0616808875,False
jython,Energy,1.2GHz,1200.0,6x,6.0,150,3.8532106,3.770877035,3.942703807500001,False
jython,Energy,1.6GHz,1600.0,1x,1.0,25,29.3985229,29.093582594999994,29.8038821375,False
jython,Energy,1.6GHz,1600.0,2x,2.0,50,3.5397825000000003,3.4491644825,3.6285253725,False
jython,Energy,1.6GHz,1600.0,3x,3.0,75,3.4394653999999996,3.3853802625000005,3.5125334975,True
jython,Energy,1.6GHz,1600.0,4x,4.0,100,3.4844115,3.3867707025,3.5799644450000003,True
jython,Energy,1.6GHz,1600.0,5x,5.0,125,3.4836058000000003,3.4038675025,3.5595898875000005,True
jython,Energy,1.6GHz,1600.0,6x,6.0,150,3.3616332,3.303181625,3.4210253375,True
jython,Energy,2.0GHz,2000.0,1x,1.0,25,30.7486695,29.952450489999997,31.443749045,False
jython,Energy,2.0GHz,2000.0,2x,2.0,50,3.5922669999999997,3.5540616249999997,3.630539855,False
jython,Energy,2.0GHz,2000.0,3x,3.0,75,3.5544799999999994,3.486423195,3.62393308,False
jython,Energy,2.0GHz,2000.0,4x,4.0,100,3.5215028999999993,3.468007275,3.5702813900000003,False
jython,Energy,2.0GHz,2000.0,5x,5.0,125,3.5217040000000006,3.41266165,3.6315087975,True
jython,Energy,2.0GHz,2000.0,6x,6.0,150,3.46192,3.3924131,3.5152687625,True
jython,Energy,2.4GHz,2400.0,1x,1.0,25,31.5564147,31.0051459,32.177526385,False
jython,Energy,2.4GHz,2400.0,2x,2.0,50,3.7778991,3.708366985,3.8426085574999993,False
jython,Energy,2.4GHz,2400.0,3x,3.0,75,3.7333375,3.664335107499999,3.8016275725000006,False
jython,Energy,2.4GHz,2400.0,4x,4.0,100,3.8040284,3.74171644,3.871663190000001,False
jython,Energy,2.4GHz,2400.0,5x,5.0,125,3.6889711000000007,3.603230762499999,3.7681441775,False
jython,Energy,2.4GHz,2400.0,6x,6.0,150,3.6447449,3.58057875,3.726766745,False
jython,Energy,2.7GHz,2700.0,1x,1.0,25,34.0439879,33.540021762500004,34.5126006525,False
jython,Energy,2.7GHz,2700.0,2x,2.0,50,4.175738399999999,4.026970164999999,4.34147355,False
jython,Energy,2.7GHz,2700.0,3x,3.0,75,4.088348399999999,4.012679210000001,4.16058225,False
jython,Energy,2.7GHz,2700.0,4x,4.0,100,3.974133399999999,3.9059693525,4.0404195475,False
jython,Energy,2.7GHz,2700.0,5x,5.0,125,3.9887697,3.8818983,4.1123257975000005,False
jython,Energy,2.7GHz,2700.0,6x,6.0,150,3.889032,3.8250723824999993,3.9547302025,False
jython,Time,400MHz,400.0,1x,1.0,25,35472.6,34833.875,36189.5275,False
jython,Time,400MHz,400.0,2x,2.0,50,4835.0,4738.47,4942.33,False
jython,Time,400MHz,400.0,3x,3.0,75,4755.6,4667.8,4830.5025000000005,False
jython,Time,400MHz,400.0,4x,4.0,100,4840.6,4746.7925000000005,4923.429999999999,False
jython,Time,400MHz,400.0,5x,5.0,125,4789.0,4704.8375,4875.0650000000005,False
jython,Time,400MHz,400.0,6x,6.0,150,4730.6,4614.7775,4834.232499999999,False
jython,Time,800MHz,800.0,1x,1.0,25,18340.2,18010.8925,18657.0875,False
jython,Time,800MHz,800.0,2x,2.0,50,2342.3,2307.1,2379.105,False
jython,Time,800MHz,800.0,3x,3.0,75,2296.7,2255.7975,2337.0074999999997,False
jython,Time,800MHz,800.0,4x,4.0,100,2380.1,2329.6949999999997,2429.0025,False
jython,Time,800MHz,800.0,5x,5.0,125,2332.6,2293.2975,2366.04,False
jython,Time,800MHz,800.0,6x,6.0,150,2367.3,2338.6849999999995,2393.6025,False
jython,Time,1.2GHz,1200.0,1x,1.0,25,12608.3,12406.2625,12801.215,False
jython,Time,1.2GHz,1200.0,2x,2.0,50,1566.3,1534.7975,1606.82,False
jython,Time,1.2GHz,1200.0,3x,3.0,75,1541.1,1516.6950000000002,1566.41,False
jython,Time,1.2GHz,1200.0,4x,4.0,100,1553.9,1534.4924999999998,1572.815,False
jython,Time,1.2GHz,1200.0,5x,5.0,125,1547.1,1517.3975,1574.42,False
jython,Time,1.2GHz,1200.0,6x,6.0,150,1537.9,1505.795,1571.32,False
jython,Time,1.6GHz,1600.0,1x,1.0,25,9470.0,9354.1475,9602.6725,False
jython,Time,1.6GHz,1600.0,2x,2.0,50,1176.5,1146.7975,1202.2025,False
jython,Time,1.6GHz,1600.0,3x,3.0,75,1146.3,1126.0,1172.205,False
jython,Time,1.6GHz,1600.0,4x,4.0,100,1161.4,1136.3,1189.5075000000002,False
jython,Time,1.6GHz,1600.0,5x,5.0,125,1161.3,1138.39,1183.4125,False
jython,Time,1.6GHz,1600.0,6x,6.0,150,1143.4,1127.4,1157.3,False
jython,Time,2.0GHz,2000.0,1x,1.0,25,7943.6,7740.1625,8134.507500000001,False
jython,Time,2.0GHz,2000.0,2x,2.0,50,939.4,929.6975,949.0,False
jython,Time,2.0GHz,2000.0,3x,3.0,75,931.3,913.7925,947.2075,False
jython,Time,2.0GHz,2000.0,4x,4.0,100,923.4,909.495,937.1025,False
jython,Time,2.0GHz,2000.0,5x,5.0,125,921.3,893.095,947.9025,False
jython,Time,2.0GHz,2000.0,6x,6.0,150,919.6,902.9975,935.105,False
jython,Time,2.4GHz,2400.0,1x,1.0,25,6529.3,6415.092500000001,6671.594999999999,False
jython,Time,2.4GHz,2400.0,2x,2.0,50,780.9,765.995,797.5025,False
jython,Time,2.4GHz,2400.0,3x,3.0,75,772.7,758.0999999999999,787.0999999999999,False
jython,Time,2.4GHz,2400.0,4x,4.0,100,786.7,775.0975,798.8025,False
jython,Time,2.4GHz,2400.0,5x,5.0,125,760.1,744.1975,774.5024999999999,False
jython,Time,2.4GHz,2400.0,6x,6.0,150,763.6,750.995,776.5024999999999,False
jython,Time,2.7GHz,2700.0,1x,1.0,25,5948.6,5857.570000000001,6030.327499999999,False
jython,Time,2.7GHz,2700.0,2x,2.0,50,701.2,687.0999999999999,715.3025,False
jython,Time,2.7GHz,2700.0,3x,3.0,75,702.5,690.1975,713.6,False
jython,Time,2.7GHz,2700.0,4x,4.0,100,687.2,675.8975,697.9075,True
jython,Time,2.7GHz,2700.0,5x,5.0,125,684.6,666.385,704.6025,True
jython,Time,2.7GHz,2700.0,6x,6.0,150,676.1,665.4950000000001,686.0025,True
jython,EDP,400MHz,400.0,1x,1.0,25,2386.7238440241,2307.2338964357828,2481.3681248017124,False
jython,EDP,400MHz,400.0,2x,2.0,50,44.040063621600005,42.09756862892,46.3029985553025,False
jython,EDP,400MHz,400.0,3x,3.0,75,42.642893816900006,40.8841340884875,43.99430182906501,False
jython,EDP,400MHz,400.0,4x,4.0,100,44.23875541990001,42.51538180567751,45.66284051001001,False
jython,EDP,400MHz,400.0,5x,5.0,125,42.3256551414,41.01875516806249,43.96011132509499,False
jython,EDP,400MHz,400.0,6x,6.0,150,40.6067720205,38.781166320314995,42.31961953713499,False
jython,EDP,800MHz,800.0,1x,1.0,25,743.2553686893,717.9001655681676,766.9828025320174,False
jython,EDP,800MHz,800.0,2x,2.0,50,12.0173340669,11.595261307167496,12.4305735636175,False
jython,EDP,800MHz,800.0,3x,3.0,75,11.5084211652,11.0977894564925,11.904906197185,False
jython,EDP,800MHz,800.0,4x,4.0,100,12.4003303321,11.829458066495,12.95522378927,False
jython,EDP,800MHz,800.0,5x,5.0,125,11.9616507278,11.6065722434525,12.3171454633075,False
jython,EDP,800MHz,800.0,6x,6.0,150,11.8539819247,11.525157296064997,12.1490483694,False
jython,EDP,1.2GHz,1200.0,1x,1.0,25,417.5074575518,404.06608786506257,430.5126431681,False
jython,EDP,1.2GHz,1200.0,2x,2.0,50,6.461325572599999,6.035070290079999,7.099803389362499,False
jython,EDP,1.2GHz,1200.0,3x,3.0,75,6.1221400978,5.91561120011,6.328533511840001,False
jython,EDP,1.2GHz,1200.0,4x,4.0,100,6.2174436682,6.05833012254,6.370808091232499,False
jython,EDP,1.2GHz,1200.0,5x,5.0,125,6.1694380961999995,5.928250321785,6.394509789224999,False
jython,EDP,1.2GHz,1200.0,6x,6.0,150,5.932818912100001,5.6887098296025,6.201430010155,False
jython,EDP,1.6GHz,1600.0,1x,1.0,25,278.51766525799997,272.08789937247997,285.71486145617246,False
jython,EDP,1.6GHz,1600.0,2x,2.0,50,4.1709716604,3.9646395669,4.3684548730275,False
jython,EDP,1.6GHz,1600.0,3x,3.0,75,3.9465655033,3.802030719352499,4.1189572929675,False
jython,EDP,1.6GHz,1600.0,4x,4.0,100,4.053019676300001,3.858816951315001,4.2598701813775,False
jython,EDP,1.6GHz,1600.0,5x,5.0,125,4.0501418313,3.876029845357501,4.216115477622501,False
jython,EDP,1.6GHz,1600.0,6x,6.0,150,3.845738995,3.72163459602,3.9519850737574993,False
jython,EDP,2.0GHz,2000.0,1x,1.0,25,244.6226953296,233.349302194605,256.113960360295,False
jython,EDP,2.0GHz,2000.0,2x,2.0,50,3.3754753821000003,3.3067572567399997,3.44520878477,False
jython,EDP,2.0GHz,2000.0,3x,3.0,75,3.3131216121,3.1888334924175004,3.4318689158975,False
jython,EDP,2.0GHz,2000.0,4x,4.0,100,3.2536028791,3.1685205270975,3.3527739049,False
jython,EDP,2.0GHz,2000.0,5x,5.0,125,3.2519649078,3.0633344588500004,3.4532480106925,False
jython,EDP,2.0GHz,2000.0,6x,6.0,150,3.1861313555,3.05751923568,3.281195358385,False
jython,EDP,2.4GHz,2400.0,1x,1.0,25,206.245148564,198.566973763,215.24647067575,False
jython,EDP,2.4GHz,2400.0,2x,2.0,50,2.9529401010000003,2.8540265726675003,3.074813745035,False
jython,EDP,2.4GHz,2400.0,3x,3.0,75,2.8874410204,2.775831225195,2.9934101956125,False
jython,EDP,2.4GHz,2400.0,4x,4.0,100,2.9948036286000006,2.9015514365499997,3.1052482965875,False
jython,EDP,2.4GHz,2400.0,5x,5.0,125,2.8070823423,2.6891831820775,2.922594764815,True
jython,EDP,2.4GHz,2400.0,6x,6.0,150,2.7855724925999996,2.682615953095,2.8977412586025,True
jython,EDP,2.7GHz,2700.0,1x,1.0,25,202.62059755650003,196.427176530505,207.7631228142925,False
jython,EDP,2.7GHz,2700.0,2x,2.0,50,2.9317978157,2.77499427348,3.092829259725,False
jython,EDP,2.7GHz,2700.0,3x,3.0,75,2.8742899198,2.7773599689999995,2.972052313825,False
jython,EDP,2.7GHz,2700.0,4x,4.0,100,2.7327932578,2.650403069735,2.8248780482425,True
jython,EDP,2.7GHz,2700.0,5x,5.0,125,2.7359976798999996,2.5982055323275,2.9059336746,True
jython,EDP,2.7GHz,2700.0,6x,6.0,150,2.6309274672000003,2.543489346495,2.71602809527,True
jython,EDP2,400MHz,400.0,1x,1.0,25,160726.24078194398,152647.64740801704,170318.9665784835,False
jython,EDP2,400MHz,400.0,2x,2.0,50,401.8364694022232,373.8754649642661,435.3815288575127,False
jython,EDP2,400MHz,400.0,3x,3.0,75,382.7435542791394,360.4697710671399,401.2220122735437,False
jython,EDP2,400MHz,400.0,4x,4.0,100,404.69427082396265,382.3544913956637,424.1242226139123,False
jython,EDP2,400MHz,400.0,5x,5.0,125,374.4092471489626,355.5775271151492,394.9022123668707,False
jython,EDP2,400MHz,400.0,6x,6.0,150,349.00331969788516,326.820780770366,371.2123199246455,False
jython,EDP2,800MHz,800.0,1x,1.0,25,30140.123960906694,28639.831121054944,31618.16304211944,False
jython,EDP2,800MHz,800.0,2x,2.0,50,61.70748543391677,58.61164336193349,64.87899499257212,False
jython,EDP2,800MHz,800.0,3x,3.0,75,57.71830427276901,54.760796572320835,60.79707683972999,False
jython,EDP2,800MHz,800.0,4x,4.0,100,64.70404258810511,59.87311764982609,69.00485681691251,False
jython,EDP2,800MHz,800.0,5x,5.0,125,61.37408104450193,58.36352124160385,64.12318665968583,False
jython,EDP2,800MHz,800.0,6x,6.0,150,59.392436531976514,56.80848244305599,61.68711037248751,False
jython,EDP2,1.2GHz,1200.0,1x,1.0,25,13833.965949229274,13163.293427926412,14465.658408841437,False
jython,EDP2,1.2GHz,1200.0,2x,2.0,50,26.916626857140763,23.87068604012652,31.821185164379603,False
jython,EDP2,1.2GHz,1200.0,3x,3.0,75,24.34177340715656,23.070947414818413,25.61211787310536,False
jython,EDP2,1.2GHz,1200.0,4x,4.0,100,24.890580338690864,23.85606927391526,25.827181386224296,False
jython,EDP2,1.2GHz,1200.0,5x,5.0,125,24.62832472482368,23.283587222116637,26.133480328725273,False
jython,EDP2,1.2GHz,1200.0,6x,6.0,150,22.91686445595979,21.378881172022545,24.445394593686043,False
jython,EDP2,1.6GHz,1600.0,1x,1.0,25,8194.57617157227,7925.303247908973,8517.484443422554,False
jython,EDP2,1.6GHz,1600.0,2x,2.0,50,14.811609735967249,13.734367069111684,15.908036863662094,False
jython,EDP2,1.6GHz,1600.0,3x,3.0,75,13.600986162881645,12.871652679871216,14.479312071432656,False
jython,EDP2,1.6GHz,1600.0,4x,4.0,100,14.16808147544715,13.129029182216325,15.322454296946605,False
jython,EDP2,1.6GHz,1600.0,5x,5.0,125,14.143590940401277,13.20478473313434,14.979427191670082,False
jython,EDP2,1.6GHz,1600.0,6x,6.0,150,12.944600151527183,12.299774800618152,13.52093722494311,False
jython,EDP2,2.0GHz,2000.0,1x,1.0,25,7544.226753124077,7037.183304515576,8052.789877389222,False
jython,EDP2,2.0GHz,2000.0,2x,2.0,50,12.132654518969288,11.729323204624311,12.50477718477794,False
jython,EDP2,2.0GHz,2000.0,3x,3.0,75,11.797215812236264,11.106113424096144,12.399762136573928,False
jython,EDP2,2.0GHz,2000.0,4x,4.0,100,11.470722070349046,10.950887693175764,11.99985466621119,False
jython,EDP2,2.0GHz,2000.0,5x,5.0,125,11.506073171879112,10.472186861310549,12.492360140391543,True
jython,EDP2,2.0GHz,2000.0,6x,6.0,150,11.048242532636136,10.422972681713183,11.527327157201617,True
jython,EDP2,2.4GHz,2400.0,1x,1.0,25,6521.412932231175,6148.259635422791,6922.433218053081,False
jython,EDP2,2.4GHz,2400.0,2x,2.0,50,11.175950298558115,10.577065914166116,11.817950985994033,True
jython,EDP2,2.4GHz,2400.0,3x,3.0,75,10.800155457660928,10.1744609818112,11.416608205399545,True
jython,EDP2,2.4GHz,2400.0,4x,4.0,100,11.409785742301178,10.870920174307214,11.991344190640328,False
jython,EDP2,2.4GHz,2400.0,5x,5.0,125,10.3812455958499,9.70395025288238,11.04129062100323,True
jython,EDP2,2.4GHz,2400.0,6x,6.0,150,10.172559670420949,9.59498068452275,10.776903399986214,True
jython,EDP2,2.7GHz,2700.0,1x,1.0,25,6905.399621504342,6593.13699494593,7178.565977280263,False
jython,EDP2,2.7GHz,2700.0,2x,2.0,50,12.308774815004284,11.15875818091859,13.550985998237143,False
jython,EDP2,2.7GHz,2700.0,3x,3.0,75,11.771360261266674,11.183311854776196,12.357704393800663,False
jython,EDP2,2.7GHz,2700.0,4x,4.0,100,10.875174379601765,10.339478013568574,11.42114575227715,True
jython,EDP2,2.7GHz,2700.0,5x,5.0,125,10.95834581402374,10.08646587610675,11.984403035556046,True
jython,EDP2,2.7GHz,2700.0,6x,6.0,150,10.245352543102598,9.75574906581433,10.75810342406749,True
luindex,Energy,400MHz,400.0,1x,1.0,13,14.5821961,12.80446166,16.567210432499998,False
luindex,Energy,400MHz,400.0,2x,2.0,26,8.614599599999998,7.729817565,9.775129747499998,False
luindex,Energy,400MHz,400.0,3x,3.0,39,9.0309507,7.6317179975,10.721655485,False
luindex,Energy,400MHz,400.0,4x,4.0,52,9.687585599999998,8.423208670000001,11.0654317525,False
luindex,Energy,400MHz,400.0,5x,5.0,65,11.085016,9.317449610000002,12.9860747,False
luindex,Energy,400MHz,400.0,6x,6.0,78,7.983520499999999,7.30073082,9.1667496225,False
luindex,Energy,800MHz,800.0,1x,1.0,13,7.353820799999999,6.890350820000001,8.109270119999998,False
luindex,Energy,800MHz,800.0,2x,2.0,26,5.1531861999999995,4.84491621,5.57826034,False
luindex,Energy,800MHz,800.0,3x,3.0,39,5.6652645999999995,4.907410765000001,6.544699554999999,False
luindex,Energy,800MHz,800.0,4x,4.0,52,5.724963600000001,5.061013072500001,6.611779414999999,False
luindex,Energy,800MHz,800.0,5x,5.0,65,5.7824466,5.095910932500001,6.526447557499998,False
luindex,Energy,800MHz,800.0,6x,6.0,78,5.2409606,4.7550902225,5.9196897349999995,False
luindex,Energy,1.2GHz,1200.0,1x,1.0,13,5.5894593,5.4132913625,5.79471639,False
luindex,Energy,1.2GHz,1200.0,2x,2.0,26,5.0118958,4.664630970000001,5.3521498874999995,False
luindex,Energy,1.2GHz,1200.0,3x,3.0,39,4.7635317,4.1819191925000005,5.5134905299999994,False
luindex,Energy,1.2GHz,1200.0,4x,4.0,52,4.592925899999999,4.069451964999999,5.306733757499999,False
luindex,Energy,1.2GHz,1200.0,5x,5.0,65,4.544812,4.0955236,5.267203867499999,False
luindex,Energy,1.2GHz,1200.0,6x,6.0,78,4.174072499999999,3.9231549875,4.5685105875000005,True
luindex,Energy,1.6GHz,1600.0,1x,1.0,13,5.385785,5.071079555000001,5.720161074999999,False
luindex,Energy,1.6GHz,1600.0,2x,2.0,26,3.8427064,3.67302342,4.058540335000001,True
luindex,Energy,1.6GHz,1600.0,3x,3.0,39,4.260949500000001,3.8935099600000007,4.6493132225,True
luindex,Energy,1.6GHz,1600.0,4x,4.0,52,4.0729736,3.7513166200000008,4.527918785,True
luindex,Energy,1.6GHz,1600.0,5x,5.0,65,4.006988399999999,3.711995229999999,4.3544849425,True
luindex,Energy,1.6GHz,1600.0,6x,6.0,78,3.9710384,3.6900314649999992,4.3274232775,True
luindex,Energy,2.0GHz,2000.0,1x,1.0,13,5.435211000000001,5.249341117500001,5.625576065,False
luindex,Energy,2.0GHz,2000.0,2x,2.0,26,4.4941102,4.161730757499999,4.811845185,False
luindex,Energy,2.0GHz,2000.0,3x,3.0,39,4.3671873,4.096788447500001,4.612417075,False
luindex,Energy,2.0GHz,2000.0,4x,4.0,52,4.1911866,3.9136862275,4.5374129375,True
luindex,Energy,2.0GHz,2000.0,5x,5.0,65,4.5652283,4.134183237500001,5.0110996625,False
luindex,Energy,2.0GHz,2000.0,6x,6.0,78,4.651971400000001,4.2289271,5.052783042499999,False
luindex,Energy,2.4GHz,2400.0,1x,1.0,13,5.9653197,5.781121112499999,6.157010362499999,False
luindex,Energy,2.4GHz,2400.0,2x,2.0,26,5.1107484,4.813223005,5.437907299999999,False
luindex,Energy,2.4GHz,2400.0,3x,3.0,39,5.032415800000001,4.75417692,5.3279564625,False
luindex,Energy,2.4GHz,2400.0,4x,4.0,52,4.9751892,4.6948640325,5.27038704,False
luindex,Energy,2.4GHz,2400.0,5x,5.0,65,5.1105346,4.643771265000001,5.742970507500001,False
luindex,Energy,2.4GHz,2400.0,6x,6.0,78,4.810504,4.4888204475,5.160009952499999,False
luindex,Energy,2.7GHz,2700.0,1x,1.0,13,6.4532167000000005,6.241489390000001,6.7300923374999995,False
luindex,Energy,2.7GHz,2700.0,2x,2.0,26,5.1616089,4.7848438275000005,5.661005630000001,False
luindex,Energy,2.7GHz,2700.0,3x,3.0,39,5.2137759,5.08179725,5.328157082500001,False
luindex,Energy,2.7GHz,2700.0,4x,4.0,52,5.2221862,4.787040012499999,5.849110842499999,False
luindex,Energy,2.7GHz,2700.0,5x,5.0,65,5.7575986,5.315278007500001,6.2556732725,False
luindex,Energy,2.7GHz,2700.0,6x,6.0,78,5.2507506,4.893821194999999,5.6345850175,False
luindex,Time,400MHz,400.0,1x,1.0,13,8221.1,7241.705,9246.905,False
luindex,Time,400MHz,400.0,2x,2.0,26,4903.7,4413.1849999999995,5522.2,False
luindex,Time,400MHz,400.0,3x,3.0,39,5211.7,4445.4800000000005,6178.155,False
luindex,Time,400MHz,400.0,4x,4.0,52,5542.9,4854.05,6369.4775,False
luindex,Time,400MHz,400.0,5x,5.0,65,6343.9,5279.7525,7419.8425,False
luindex,Time,400MHz,400.0,6x,6.0,78,4601.7,4217.8975,5306.655000000001,False
luindex,Time,800MHz,800.0,1x,1.0,13,3701.1,3451.895,4059.9125,False
luindex,Time,800MHz,800.0,2x,2.0,26,2647.2,2490.0,2840.025,False
luindex,Time,800MHz,800.0,3x,3.0,39,2937.0,2589.19,3352.7075,False
luindex,Time,800MHz,800.0,4x,4.0,52,2948.3,2609.1475,3341.26,False
luindex,Time,800MHz,800.0,5x,5.0,65,2962.7,2658.295,3335.8150000000005,False
luindex,Time,800MHz,800.0,6x,6.0,78,2633.0,2467.5775000000003,2896.0125,False
luindex,Time,1.2GHz,1200.0,1x,1.0,13,2487.2,2399.7,2589.7324999999996,False
luindex,Time,1.2GHz,1200.0,2x,2.0,26,2262.8,2089.875,2488.8225,False
luindex,Time,1.2GHz,1200.0,3x,3.0,39,2139.9,1911.07,2432.9625,False
luindex,Time,1.2GHz,1200.0,4x,4.0,52,2155.9,1915.6775,2414.0625,False
luindex,Time,1.2GHz,1200.0,5x,5.0,65,2111.5,1889.88,2410.1825,False
luindex,Time,1.2GHz,1200.0,6x,6.0,78,1929.4,1793.8675000000003,2087.025,False
luindex,Time,1.6GHz,1600.0,1x,1.0,13,2151.8,2000.78,2351.0775,False
luindex,Time,1.6GHz,1600.0,2x,2.0,26,1601.8,1530.255,1678.7125,True
luindex,Time,1.6GHz,1600.0,3x,3.0,39,1746.5,1605.475,1917.91,True
luindex,Time,1.6GHz,1600.0,4x,4.0,52,1760.4,1597.7275000000002,1951.9525,True
luindex,Time,1.6GHz,1600.0,5x,5.0,65,1700.2,1557.9875,1870.415,True
luindex,Time,1.6GHz,1600.0,6x,6.0,78,1631.2,1525.185,1745.2075,True
luindex,Time,2.0GHz,2000.0,1x,1.0,13,1800.4,1703.6,1906.625,False
luindex,Time,2.0GHz,2000.0,2x,2.0,26,1811.0,1608.8925,1995.2025,True
luindex,Time,2.0GHz,2000.0,3x,3.0,39,1647.6,1546.8825000000002,1772.57,True
luindex,Time,2.0GHz,2000.0,4x,4.0,52,1693.0,1560.1975,1825.0075,True
luindex,Time,2.0GHz,2000.0,5x,5.0,65,1740.5,1524.3300000000002,1947.6075,True
luindex,Time,2.0GHz,2000.0,6x,6.0,78,1656.7,1574.2725,1738.5124999999998,True
luindex,Time,2.4GHz,2400.0,1x,1.0,13,1747.5,1613.89,1895.2025,True
luindex,Time,2.4GHz,2400.0,2x,2.0,26,1738.5,1566.1999999999998,1923.02,True
luindex,Time,2.4GHz,2400.0,3x,3.0,39,1794.6,1644.7475,1927.2075,True
luindex,Time,2.4GHz,2400.0,4x,4.0,52,1777.9,1621.8975,1911.01,True
luindex,Time,2.4GHz,2400.0,5x,5.0,65,1705.4,1600.895,1793.1075,True
luindex,Time,2.4GHz,2400.0,6x,6.0,78,1721.9,1512.5775,1894.73,True
luindex,Time,2.7GHz,2700.0,1x,1.0,13,1735.4,1617.4550000000002,1867.7025,True
luindex,Time,2.7GHz,2700.0,2x,2.0,26,1659.9,1527.8975,1791.185,True
luindex,Time,2.7GHz,2700.0,3x,3.0,39,1809.3,1702.26,1919.73,False
luindex,Time,2.7GHz,2700.0,4x,4.0,52,1718.6,1546.9875000000002,1890.8325,True
luindex,Time,2.7GHz,2700.0,5x,5.0,65,1887.5,1779.2949999999998,1994.9175,False
luindex,Time,2.7GHz,2700.0,6x,6.0,78,1759.7,1520.255,2038.4825,True
luindex,EDP,400MHz,400.0,1x,1.0,13,125.0119002934,93.23324531636248,158.26405565638748,False
luindex,EDP,400MHz,400.0,2x,2.0,26,43.8494295714,34.2323465818,56.837530942082495,False
luindex,EDP,400MHz,400.0,3x,3.0,39,50.7412223521,34.2177451002725,72.41051438465497,False
luindex,EDP,400MHz,400.0,4x,4.0,52,56.4542095852,40.65903987384251,71.69928201457249,False
luindex,EDP,400MHz,400.0,5x,5.0,65,75.425861866,51.95119039766,97.76268524939248,False
luindex,EDP,400MHz,400.0,6x,6.0,78,38.44882417539999,30.829175269265,52.084728234284995,False
luindex,EDP,800MHz,800.0,1x,1.0,13,27.746872794899996,23.875338058600004,33.706192880645,False
luindex,EDP,800MHz,800.0,2x,2.0,26,13.814379381999998,12.1205951861425,16.2549066105075,False
luindex,EDP,800MHz,800.0,3x,3.0,39,17.4324563979,12.543690763407502,22.478853399952495,False
luindex,EDP,800MHz,800.0,4x,4.0,52,17.6577915942,13.431419141297496,23.0759010474925,False
luindex,EDP,800MHz,800.0,5x,5.0,65,17.756692008699996,13.612621131915,22.500852500349996,False
luindex,EDP,800MHz,800.0,6x,6.0,78,14.1061924783,11.6998662088075,17.80054722146,False
luindex,EDP,1.2GHz,1200.0,1x,1.0,13,13.9405127616,13.066811450425002,15.062677927905,False
luindex,EDP,1.2GHz,1200.0,2x,2.0,26,11.443412651,9.95441090375,13.27582650582,False
luindex,EDP,1.2GHz,1200.0,3x,3.0,39,10.6524238724,8.0602877492275,13.523962019632496,False
luindex,EDP,1.2GHz,1200.0,4x,4.0,52,10.2813905665,7.899230143829999,13.061731962294996,False
luindex,EDP,1.2GHz,1200.0,5x,5.0,65,10.0097890714,7.794415947470002,13.414978860707498,False
luindex,EDP,1.2GHz,1200.0,6x,6.0,78,8.174926025199998,7.03740548363,9.6696958351775,False
luindex,EDP,1.6GHz,1600.0,1x,1.0,13,11.7276026591,10.17916685584,13.568595148547502,False
luindex,EDP,1.6GHz,1600.0,2x,2.0,26,6.1856712918,5.64359845426,6.8472428958750005,True
luindex,EDP,1.6GHz,1600.0,3x,3.0,39,7.601043121999998,6.34030389452,9.20561666301,True
luindex,EDP,1.6GHz,1600.0,4x,4.0,52,7.3191610729,6.0284245528225,8.851852817354999,True
luindex,EDP,1.6GHz,1600.0,5x,5.0,65,6.934026252699999,5.806042591220001,8.3670080737975,True
luindex,EDP,1.6GHz,1600.0,6x,6.0,78,6.5641368702000005,5.685044003535,7.698359964587499,True
luindex,EDP,2.0GHz,2000.0,1x,1.0,13,9.8310935202,8.950259901619997,10.739017653655,False
luindex,EDP,2.0GHz,2000.0,2x,2.0,26,8.286433045899999,6.980967498019999,9.678683965177498,False
luindex,EDP,2.0GHz,2000.0,3x,3.0,39,7.243382932499999,6.4498430875000015,8.1605153243275,True
luindex,EDP,2.0GHz,2000.0,4x,4.0,52,7.1684372953999995,6.200724810565,8.033535466439998,True
luindex,EDP,2.0GHz,2000.0,5x,5.0,65,8.126806560999999,6.558717133167502,9.7328077707125,True
luindex,EDP,2.0GHz,2000.0,6x,6.0,78,7.761182517900001,6.837786941269999,8.619126200137499,True
luindex,EDP,2.4GHz,2400.0,1x,1.0,13,10.452438570800002,9.44301499903,11.5138871592825,False
luindex,EDP,2.4GHz,2400.0,2x,2.0,26,8.9198618349,7.8517558779675,10.2667321552825,False
luindex,EDP,2.4GHz,2400.0,3x,3.0,39,9.0625126229,8.096420253635,9.974853053240002,False
luindex,EDP,2.4GHz,2400.0,4x,4.0,52,8.9383547065,7.786779489820001,10.072697059325,False
luindex,EDP,2.4GHz,2400.0,5x,5.0,65,8.8135620383,7.545819632357498,10.4819004697625,False
luindex,EDP,2.4GHz,2400.0,6x,6.0,78,8.419057808000002,6.963233038945001,9.903265287155,False
luindex,EDP,2.7GHz,2700.0,1x,1.0,13,11.2095330549,10.280518138365002,12.16636858324,False
luindex,EDP,2.7GHz,2700.0,2x,2.0,26,8.6813748691,7.4086745821275,10.200382081162498,False
luindex,EDP,2.7GHz,2700.0,3x,3.0,39,9.4454672143,8.839706098859999,10.1048324759475,False
luindex,EDP,2.7GHz,2700.0,4x,4.0,52,9.154323717,7.592678991485,11.140509832412503,False
luindex,EDP,2.7GHz,2700.0,5x,5.0,65,10.9487503436,9.72788915885,12.343056759904998,False
luindex,EDP,2.7GHz,2700.0,6x,6.0,78,9.3703990532,7.6268360915225,11.2484339408025,False
luindex,EDP2,400MHz,400.0,1x,1.0,13,1980.3006436093551,1284.220744432202,2716.193842418176,False
luindex,EDP2,400MHz,400.0,2x,2.0,26,410.4018373058264,265.930149703625,604.2393478139408,False
luindex,EDP2,400MHz,400.0,3x,3.0,39,539.402634336028,267.22792079783477,895.2342315868401,False
luindex,EDP2,400MHz,400.0,4x,4.0,52,604.1730607865586,368.7860885474231,858.1989723615026,False
luindex,EDP2,400MHz,400.0,5x,5.0,65,950.6669576126512,552.1758650405008,1400.8946709440788,False
luindex,EDP2,400MHz,400.0,6x,6.0,78,342.32311160478855,225.0082715885755,559.3248041013262,False
luindex,EDP2,800MHz,800.0,1x,1.0,13,212.90852723957005,164.2729019959965,290.9052872254898,False
luindex,EDP2,800MHz,800.0,2x,2.0,26,73.24785832952128,59.10026742096159,94.99795087166666,False
luindex,EDP2,800MHz,800.0,3x,3.0,39,109.4363340209359,67.45490327437436,161.23844253876592,False
luindex,EDP2,800MHz,800.0,4x,4.0,52,111.25095074213571,69.23856728620991,165.3185956912065,False
luindex,EDP2,800MHz,800.0,5x,5.0,65,110.81358471976046,73.37243235626576,157.97054263244516,False
luindex,EDP2,800MHz,800.0,6x,6.0,78,78.27727748703538,56.48167608781965,112.52864198294846,False
luindex,EDP2,1.2GHz,1200.0,1x,1.0,13,78.3656020238868,71.35194622823704,87.19516244730423,False
luindex,EDP2,1.2GHz,1200.0,2x,2.0,26,58.67590328100645,47.42497641897871,72.65591966380735,False
luindex,EDP2,1.2GHz,1200.0,3x,3.0,39,56.09986839079154,33.42287016193246,81.93676475605436,False
luindex,EDP2,1.2GHz,1200.0,4x,4.0,52,51.37588797908954,33.30918133857835,75.02883583995143,False
luindex,EDP2,1.2GHz,1200.0,5x,5.0,65,50.43313900086929,31.73605251234226,80.30418955897414,False
luindex,EDP2,1.2GHz,1200.0,6x,6.0,78,35.24230582454491,27.90964718239332,45.86001111593408,False
luindex,EDP2,1.6GHz,1600.0,1x,1.0,13,64.5938345172376,52.21245455420405,77.64950216588292,False
luindex,EDP2,1.6GHz,1600.0,2x,2.0,26,24.049990806340844,20.885847428536344,27.868624662589777,True
luindex,EDP2,1.6GHz,1600.0,3x,3.0,39,33.878542717405736,24.864535528586316,43.90198697063011,True
luindex,EDP2,1.6GHz,1600.0,4x,4.0,52,31.249005823925547,23.22801490104508,42.403065037564375,True
luindex,EDP2,1.6GHz,1600.0,5x,5.0,65,28.82089431955431,21.847686598673715,38.24175585130536,True
luindex,EDP2,1.6GHz,1600.0,6x,6.0,78,26.88600745329012,20.955890459124316,34.062542028621166,True
luindex,EDP2,2.0GHz,2000.0,1x,1.0,13,53.86168065725743,47.4985716957424,60.55730456845991,False
luindex,EDP2,2.0GHz,2000.0,2x,2.0,26,38.4237772711805,30.10456214550689,48.63998043566697,False
luindex,EDP2,2.0GHz,2000.0,3x,3.0,39,32.131724245923905,26.731254886215737,37.47722300017657,True
luindex,EDP2,2.0GHz,2000.0,4x,4.0,52,30.744586417506486,24.637496104949015,37.132177063310145,True
luindex,EDP2,2.0GHz,2000.0,5x,5.0,65,38.65928770914617,28.73000295227491,48.45622490680334,False
luindex,EDP2,2.0GHz,2000.0,6x,6.0,78,37.01032115199955,29.826339606143936,43.87863833648067,False
luindex,EDP2,2.4GHz,2400.0,1x,1.0,13,62.682314040992594,55.564937092755656,70.57043388005395,False
luindex,EDP2,2.4GHz,2400.0,2x,2.0,26,46.23082344707452,38.865415777670634,55.72291046157997,False
luindex,EDP2,2.4GHz,2400.0,3x,3.0,39,46.14388935031597,38.96844272081049,52.73098196665748,False
luindex,EDP2,2.4GHz,2400.0,4x,4.0,52,45.31578704974659,37.11616416563034,53.88380590041174,False
luindex,EDP2,2.4GHz,2400.0,5x,5.0,65,47.13101546659085,35.57131119597134,63.34543165113721,False
luindex,EDP2,2.4GHz,2400.0,6x,6.0,78,41.62737812729615,32.27460132903163,50.376568691428325,False
luindex,EDP2,2.7GHz,2700.0,1x,1.0,13,72.65790064348602,64.8189966159279,80.89119044783209,False
luindex,EDP2,2.7GHz,2700.0,2x,2.0,26,46.35294092924779,35.98974327927731,59.25604084551246,False
luindex,EDP2,2.7GHz,2700.0,3x,3.0,39,49.37958565645496,45.22358106619299,53.517699251400266,False
luindex,EDP2,2.7GHz,2700.0,4x,4.0,52,50.43546300021169,36.766391236682495,69.3556528098847,False
luindex,EDP2,2.7GHz,2700.0,5x,5.0,65,64.68795919046246,51.34515958092211,80.58984932054969,False
luindex,EDP2,2.7GHz,2700.0,6x,6.0,78,50.57713059947866,38.34446165221543,65.81199034043232,False
lusearch,Energy,400MHz,400.0,1x,1.0,5,14.898168900000002,12.7415867725,17.391715649999995,False
lusearch,Energy,400MHz,400.0,2x,2.0,10,5.985937600000001,5.954642807499999,6.016028967499999,False
lusearch,Energy,400MHz,400.0,3x,3.0,15,6.1812071,5.988482457500001,6.395549915,False
lusearch,Energy,400MHz,400.0,4x,4.0,20,6.4209473,6.2648254775,6.638974762500001,False
lusearch,Energy,400MHz,400.0,5x,5.0,25,5.8747681,5.8080331075,5.93981757,False
lusearch,Energy,400MHz,400.0,6x,6.0,30,5.723749,5.6729975825,5.7731415425,False
lusearch,Energy,800MHz,800.0,1x,1.0,5,9.5049623,8.101942530000002,10.9725156775,False
lusearch,Energy,800MHz,800.0,2x,2.0,10,3.4451352999999996,3.4041622375,3.4852198449999996,False
lusearch,Energy,800MHz,800.0,3x,3.0,15,3.801464900000001,3.7576009300000006,3.84078609,False
lusearch,Energy,800MHz,800.0,4x,4.0,20,3.4233336999999997,3.3735447875,3.4735625699999995,False
lusearch,Energy,800MHz,800.0,5x,5.0,25,3.3940551999999995,3.334517439999999,3.4521995924999995,False
lusearch,Energy,800MHz,800.0,6x,6.0,30,3.3769529,3.3333887324999996,3.4280097174999997,False
lusearch,Energy,1.2GHz,1200.0,1x,1.0,5,6.6756896999999995,5.677204489999999,7.7247000325,False
lusearch,Energy,1.2GHz,1200.0,2x,2.0,10,2.6758117,2.6325351500000003,2.7143255724999995,False
lusearch,Energy,1.2GHz,1200.0,3x,3.0,15,3.0718081,3.0478017800000003,3.096052635,False
lusearch,Energy,1.2GHz,1200.0,4x,4.0,20,2.6415284000000008,2.5842182374999996,2.7044614050000004,False
lusearch,Energy,1.2GHz,1200.0,5x,5.0,25,2.6571287999999997,2.6058773425,2.7156180375000005,False
lusearch,Energy,1.2GHz,1200.0,6x,6.0,30,2.5993957,2.5655636,2.6388407124999995,False
lusearch,Energy,1.6GHz,1600.0,1x,1.0,5,7.111828700000001,6.106139472500001,8.0126954,False
lusearch,Energy,1.6GHz,1600.0,2x,2.0,10,2.3961794000000003,2.3396324725,2.4693283275,False
lusearch,Energy,1.6GHz,1600.0,3x,3.0,15,2.8193967,2.793138275,2.8431140899999994,False
lusearch,Energy,1.6GHz,1600.0,4x,4.0,20,2.3212342999999995,2.2847210700000007,2.3596044175,True
lusearch,Energy,1.6GHz,1600.0,5x,5.0,25,2.2965698999999997,2.2467155950000004,2.3373058699999993,True
lusearch,Energy,1.6GHz,1600.0,6x,6.0,30,2.3189512999999997,2.2864580775,2.3539826175,True
lusearch,Energy,2.0GHz,2000.0,1x,1.0,5,7.292798,6.1336568924999995,8.21568762,False
lusearch,Energy,2.0GHz,2000.0,2x,2.0,10,2.412671,2.38396929,2.4432500575,False
lusearch,Energy,2.0GHz,2000.0,3x,3.0,15,2.9764098,2.6590638,3.5410796675,False
lusearch,Energy,2.0GHz,2000.0,4x,4.0,20,2.3690918,2.3222024625,2.4188456725000003,True
lusearch,Energy,2.0GHz,2000.0,5x,5.0,25,2.383069,2.3515387499999996,2.412900105,False
lusearch,Energy,2.0GHz,2000.0,6x,6.0,30,2.3407654,2.305692245,2.3709228,True
lusearch,Energy,2.4GHz,2400.0,1x,1.0,5,7.071472399999999,5.9838766125000005,8.151917764999999,False
lusearch,Energy,2.4GHz,2400.0,2x,2.0,10,2.5464048999999997,2.522673065,2.5717093999999996,False
lusearch,Energy,2.4GHz,2400.0,3x,3.0,15,2.8326234,2.7895602399999997,2.8746379274999994,False
lusearch,Energy,2.4GHz,2400.0,4x,4.0,20,2.6231507,2.555058005,2.6831266974999997,False
lusearch,Energy,2.4GHz,2400.0,5x,5.0,25,2.5065125000000004,2.4597565025,2.5513981600000006,False
lusearch,Energy,2.4GHz,2400.0,6x,6.0,30,2.4626465000000004,2.406878745,2.50957188,False
lusearch,Energy,2.7GHz,2700.0,1x,1.0,5,7.9598939999999985,6.757088205000001,9.1666669225,False
lusearch,Energy,2.7GHz,2700.0,2x,2.0,10,2.7656556,2.7477352225,2.787994565,False
lusearch,Energy,2.7GHz,2700.0,3x,3.0,15,2.9889403999999997,2.9309115225,3.0428993249999996,False
lusearch,Energy,2.7GHz,2700.0,4x,4.0,20,2.6860351000000007,2.659633945,2.7107507975000003,False
lusearch,Energy,2.7GHz,2700.0,5x,5.0,25,2.6797303999999995,2.6449482275000005,2.7123388125000005,False
lusearch,Energy,2.7GHz,2700.0,6x,6.0,30,2.6623595,2.6292960900000004,2.6951476,False
lusearch,Time,400MHz,400.0,1x,1.0,5,8371.0,7057.6,9690.3875,False
lusearch,Time,400MHz,400.0,2x,2.0,10,3380.8,3355.9875,3408.3025,False
lusearch,Time,400MHz,400.0,3x,3.0,15,3364.5,3315.495,3426.51,False
lusearch,Time,400MHz,400.0,4x,4.0,20,3353.7,3311.3825,3395.5,False
lusearch,Time,400MHz,400.0,5x,5.0,25,3286.8,3252.9925,3321.5075,False
lusearch,Time,400MHz,400.0,6x,6.0,30,3249.7,3229.99,3272.0025,False
lusearch,Time,800MHz,800.0,1x,1.0,5,4585.2,3874.755,5283.7,False
lusearch,Time,800MHz,800.0,2x,2.0,10,1682.7,1663.1925,1699.215,False
lusearch,Time,800MHz,800.0,3x,3.0,15,1691.0,1677.6,1703.7025,False
lusearch,Time,800MHz,800.0,4x,4.0,20,1667.7,1651.2,1688.605,False
lusearch,Time,800MHz,800.0,5x,5.0,25,1650.4,1631.1975,1670.8125,False
lusearch,Time,800MHz,800.0,6x,6.0,30,1644.5,1631.2975,1657.9050000000002,False
lusearch,Time,1.2GHz,1200.0,1x,1.0,5,2701.2,2322.2700000000004,3138.4025,False
lusearch,Time,1.2GHz,1200.0,2x,2.0,10,1098.4,1082.5975,1109.9,False
lusearch,Time,1.2GHz,1200.0,3x,3.0,15,1112.6,1105.695,1120.2025,False
lusearch,Time,1.2GHz,1200.0,4x,4.0,20,1080.3,1069.4,1092.8025,False
lusearch,Time,1.2GHz,1200.0,5x,5.0,25,1076.7,1063.3,1090.605,False
lusearch,Time,1.2GHz,1200.0,6x,6.0,30,1067.6,1054.5925,1081.0075,False
lusearch,Time,1.6GHz,1600.0,1x,1.0,5,2432.4,2103.5600000000004,2752.1225,False
lusearch,Time,1.6GHz,1600.0,2x,2.0,10,833.4,823.5,843.4024999999999,False
lusearch,Time,1.6GHz,1600.0,3x,3.0,15,835.5,831.6975,839.0999999999999,False
lusearch,Time,1.6GHz,1600.0,4x,4.0,20,813.1,804.7974999999999,820.6025,False
lusearch,Time,1.6GHz,1600.0,5x,5.0,25,803.2,790.595,814.0,False
lusearch,Time,1.6GHz,1600.0,6x,6.0,30,807.6,800.0999999999999,815.3025,False
lusearch,Time,2.0GHz,2000.0,1x,1.0,5,1950.0,1670.76,2204.82,False
lusearch,Time,2.0GHz,2000.0,2x,2.0,10,661.7,655.7974999999999,669.6,False
lusearch,Time,2.0GHz,2000.0,3x,3.0,15,679.0,652.995,725.7,False
lusearch,Time,2.0GHz,2000.0,4x,4.0,20,649.8,642.7,657.0,False
lusearch,Time,2.0GHz,2000.0,5x,5.0,25,645.0,636.4,653.9000000000001,False
lusearch,Time,2.0GHz,2000.0,6x,6.0,30,643.9,637.4975000000001,649.6025,False
lusearch,Time,2.4GHz,2400.0,1x,1.0,5,1491.0,1253.4925,1717.8325,False
lusearch,Time,2.4GHz,2400.0,2x,2.0,10,548.7,543.3974999999999,554.3025,False
lusearch,Time,2.4GHz,2400.0,3x,3.0,15,546.4,540.9000000000001,552.0999999999999,False
lusearch,Time,2.4GHz,2400.0,4x,4.0,20,547.6,539.395,556.51,False
lusearch,Time,2.4GHz,2400.0,5x,5.0,25,538.3,531.0975,545.4,False
lusearch,Time,2.4GHz,2400.0,6x,6.0,30,528.2,517.5,536.5,False
lusearch,Time,2.7GHz,2700.0,1x,1.0,5,1425.6,1205.6875,1646.7075,False
lusearch,Time,2.7GHz,2700.0,2x,2.0,10,495.5,491.9,499.6025,False
lusearch,Time,2.7GHz,2700.0,3x,3.0,15,490.8,484.3,497.0,False
lusearch,Time,2.7GHz,2700.0,4x,4.0,20,482.3,478.5,485.9,True
lusearch,Time,2.7GHz,2700.0,5x,5.0,25,479.1,475.3,483.3,True
lusearch,Time,2.7GHz,2700.0,6x,6.0,30,476.0,469.995,480.9,True
lusearch,EDP,400MHz,400.0,1x,1.0,5,133.3197970954,89.94467378185001,174.9526477712825,False
lusearch,EDP,400MHz,400.0,2x,2.0,10,20.239126083700004,20.000244254484997,20.5036108122925,False
lusearch,EDP,400MHz,400.0,3x,3.0,15,20.8125499175,19.9099480639125,21.773682263054997,False
lusearch,EDP,400MHz,400.0,4x,4.0,20,21.5504712649,20.787264831507503,22.4282298538,False
lusearch,EDP,400MHz,400.0,5x,5.0,25,19.3149726792,18.88917698964,19.77995734651,False
lusearch,EDP,400MHz,400.0,6x,6.0,30,18.6031011301,18.315188622552505,18.864016453422497,False
lusearch,EDP,800MHz,800.0,1x,1.0,5,46.1504351776,33.68301478397749,58.3022402635325,False
lusearch,EDP,800MHz,800.0,2x,2.0,10,5.7988019777,5.678906995195,5.9149727930900005,False
lusearch,EDP,800MHz,800.0,3x,3.0,15,6.429506567200001,6.300316592475001,6.53410503284,False
lusearch,EDP,800MHz,800.0,4x,4.0,20,5.7111862899000005,5.581543666699999,5.877266557,False
lusearch,EDP,800MHz,800.0,5x,5.0,25,5.6044884468,5.440652149647501,5.764587395357499,False
lusearch,EDP,800MHz,800.0,6x,6.0,30,5.554966737700001,5.433968120252501,5.673399958077499,False
lusearch,EDP,1.2GHz,1200.0,1x,1.0,5,19.0735598092,13.2203539611525,25.099909198464992,False
lusearch,EDP,1.2GHz,1200.0,2x,2.0,10,2.9405015438000004,2.8508958869175,3.01279768233,False
lusearch,EDP,1.2GHz,1200.0,3x,3.0,15,3.4178727766000003,3.3793910913724994,3.4579588277749997,False
lusearch,EDP,1.2GHz,1200.0,4x,4.0,20,2.8553038934,2.76723487321,2.9591676586624995,False
lusearch,EDP,1.2GHz,1200.0,5x,5.0,25,2.8628791948000005,2.7742044830625,2.9692965855525,False
lusearch,EDP,1.2GHz,1200.0,6x,6.0,30,2.7762261576,2.6999420397775,2.8406411581625,False
lusearch,EDP,1.6GHz,1600.0,1x,1.0,5,18.103893540500003,13.596910693635,21.87035904258,False
lusearch,EDP,1.6GHz,1600.0,2x,2.0,10,1.9985683591999996,1.9303428922925003,2.0818991382224996,False
lusearch,EDP,1.6GHz,1600.0,3x,3.0,15,2.3557661352,2.327727622965,2.3838206941049997,False
lusearch,EDP,1.6GHz,1600.0,4x,4.0,20,1.8881093907,1.842686832055,1.9344161572775,False
lusearch,EDP,1.6GHz,1600.0,5x,5.0,25,1.845941872,1.7801108855575,1.9045884705475,False
lusearch,EDP,1.6GHz,1600.0,6x,6.0,30,1.8733052917,1.8358378504,1.9214548478875,False
lusearch,EDP,2.0GHz,2000.0,1x,1.0,5,14.987092874500002,11.177259840332502,18.50549119942501,False
lusearch,EDP,2.0GHz,2000.0,2x,2.0,10,1.5970024224,1.563055733265,1.6364598298575004,False
lusearch,EDP,2.0GHz,2000.0,3x,3.0,15,2.0718205258,1.7443393444725002,2.6711429126125,False
lusearch,EDP,2.0GHz,2000.0,4x,4.0,20,1.5402978054,1.4946056847725,1.58980861078,False
lusearch,EDP,2.0GHz,2000.0,5x,5.0,25,1.537695862,1.49989413255,1.5807468207050002,False
lusearch,EDP,2.0GHz,2000.0,6x,6.0,30,1.5075878738,1.47429249265,1.53617349988,False
lusearch,EDP,2.4GHz,2400.0,1x,1.0,5,11.1720146862,8.1687883639075,14.40133366935,False
lusearch,EDP,2.4GHz,2400.0,2x,2.0,10,1.3975001921,1.3729819463025004,1.4246350930925,False
lusearch,EDP,2.4GHz,2400.0,3x,3.0,15,1.5481665092,1.51216713213,1.5853453107475,False
lusearch,EDP,2.4GHz,2400.0,4x,4.0,20,1.4376247973000005,1.3863206711375002,1.4899076173125,False
lusearch,EDP,2.4GHz,2400.0,5x,5.0,25,1.3500689221,1.3070434109875,1.3925820191650002,False
lusearch,EDP,2.4GHz,2400.0,6x,6.0,30,1.3019742558,1.250300561645,1.3445469904749998,True
lusearch,EDP,2.7GHz,2700.0,1x,1.0,5,12.0448190425,8.64086093379,15.278760677070004,False
lusearch,EDP,2.7GHz,2700.0,2x,2.0,10,1.3704802577,1.3545854209,1.38758388514,False
lusearch,EDP,2.7GHz,2700.0,3x,3.0,15,1.4678800765000002,1.42169686197,1.5095969418650002,False
lusearch,EDP,2.7GHz,2700.0,4x,4.0,20,1.2956433811,1.2738335669649998,1.3157519526325,True
lusearch,EDP,2.7GHz,2700.0,5x,5.0,25,1.2841897452,1.25678504926,1.3103757338575002,True
lusearch,EDP,2.7GHz,2700.0,6x,6.0,30,1.2676931265000002,1.2337691197625,1.2927199918075,True
lusearch,EDP2,400MHz,400.0,1x,1.0,5,2250.5226478499817,1319.111905080768,3205.181852564438,False
lusearch,EDP2,400MHz,400.0,2x,2.0,10,121.17073187485066,119.18276090163612,123.36638241621904,False
lusearch,EDP2,400MHz,400.0,3x,3.0,15,129.10958860728442,119.55367924242115,138.88961861958452,False
lusearch,EDP2,400MHz,400.0,4x,4.0,20,138.82591789225611,130.3030863339782,150.1866301699396,False
lusearch,EDP2,400MHz,400.0,5x,5.0,25,113.5429853956266,109.9600461027674,117.5210340363391,False
lusearch,EDP2,400MHz,400.0,6x,6.0,30,106.5160511092386,103.93291598620507,109.1644654690281,False
lusearch,EDP2,800MHz,800.0,1x,1.0,5,485.8870089898484,307.94350410675753,666.4817058878126,False
lusearch,EDP2,800MHz,800.0,2x,2.0,10,19.990767768550892,19.34746463653388,20.66105431953589,False
lusearch,EDP2,800MHz,800.0,3x,3.0,15,24.453725697073494,23.660496562571986,25.088690838713887,False
lusearch,EDP2,800MHz,800.0,4x,4.0,20,19.569991326891095,18.79537010699211,20.34500408341741,False
lusearch,EDP2,800MHz,800.0,5x,5.0,25,19.04622575896869,18.184943585550176,20.028073667306824,False
lusearch,EDP2,800MHz,800.0,6x,6.0,30,18.77412308761118,18.085671881260073,19.459516277085257,False
lusearch,EDP2,1.2GHz,1200.0,1x,1.0,5,142.46181851976107,83.87764903420266,207.38315798721575,False
lusearch,EDP2,1.2GHz,1200.0,2x,2.0,10,7.877082928305248,7.5187881323446994,8.168632343283443,False
lusearch,EDP2,1.2GHz,1200.0,3x,3.0,15,10.50120131329039,10.287998710021458,10.689819380247725,False
lusearch,EDP2,1.2GHz,1200.0,4x,4.0,20,7.55774159968976,7.156651589817133,8.031150330323184,False
lusearch,EDP2,1.2GHz,1200.0,5x,5.0,25,7.621198142494355,7.245263556506003,8.077136630739552,False
lusearch,EDP2,1.2GHz,1200.0,6x,6.0,30,7.223505523998881,6.929914956592,7.494961012270289,False
lusearch,EDP2,1.6GHz,1600.0,1x,1.0,5,139.46222275630686,93.83721682218716,184.71894292949375,False
lusearch,EDP2,1.6GHz,1600.0,2x,2.0,10,4.8026704717919815,4.513523251708226,5.1746694770728,False
lusearch,EDP2,1.6GHz,1600.0,3x,3.0,15,6.643722069834024,6.500635739776997,6.782454563229696,False
lusearch,EDP2,1.6GHz,1600.0,4x,4.0,20,4.387546239014224,4.214544416073298,4.561012665776991,False
lusearch,EDP2,1.6GHz,1600.0,5x,5.0,25,4.246520479701471,4.011255134068822,4.452958800946234,False
lusearch,EDP2,1.6GHz,1600.0,6x,6.0,30,4.347799131550746,4.18799658288229,4.529290890429914,False
lusearch,EDP2,2.0GHz,2000.0,1x,1.0,5,119.64491336960398,80.46153863614069,158.41776194904375,False
lusearch,EDP2,2.0GHz,2000.0,2x,2.0,10,3.856035888546142,3.732644142789917,4.0073033692279205,False
lusearch,EDP2,2.0GHz,2000.0,3x,3.0,15,6.881256977037298,4.629896244947911,11.010933539032845,False
lusearch,EDP2,2.0GHz,2000.0,4x,4.0,20,3.655231306569071,3.47270064159695,3.839971812302855,False
lusearch,EDP2,2.0GHz,2000.0,5x,5.0,25,3.667665065347099,3.5261656645850707,3.8225613638090015,False
lusearch,EDP2,2.0GHz,2000.0,6x,6.0,30,3.5315786386598456,3.3993136124556727,3.647859029548727,False
lusearch,EDP2,2.4GHz,2400.0,1x,1.0,5,88.01210457017741,51.808956993691766,122.09928427884164,False
lusearch,EDP2,2.4GHz,2400.0,2x,2.0,10,3.5602242069268755,3.4691566319964746,3.666050358207339,False
lusearch,EDP2,2.4GHz,2400.0,3x,3.0,15,4.389011576168497,4.223175088108751,4.557361772058524,False
lusearch,EDP2,2.4GHz,2400.0,4x,4.0,20,3.779591653980443,3.5374025123241752,4.004186169608886,False
lusearch,EDP2,2.4GHz,2400.0,5x,5.0,25,3.3888604836179623,3.2024543166622865,3.544077644295452,True
lusearch,EDP2,2.4GHz,2400.0,6x,6.0,30,3.2126540100888947,3.0136007062693695,3.378099043544646,True
lusearch,EDP2,2.7GHz,2700.0,1x,1.0,5,106.40375276351776,66.39682014410745,142.4358043465749,False
lusearch,EDP2,2.7GHz,2700.0,2x,2.0,10,3.791056274333338,3.721324960786725,3.865971989037138,False
lusearch,EDP2,2.7GHz,2700.0,3x,3.0,15,4.3942138590100415,4.15442276515143,4.59618992115367,False
lusearch,EDP2,2.7GHz,2700.0,4x,4.0,20,3.481581028183281,3.3898692955625975,3.5734845418253594,False
lusearch,EDP2,2.7GHz,2700.0,5x,5.0,25,3.4436231585957486,3.324276113359174,3.5571472948684772,True
lusearch,EDP2,2.7GHz,2700.0,6x,6.0,30,3.3774828567536717,3.253382340543001,3.490278772486044,True
pmd,Energy,400MHz,400.0,1x,1.0,7,3.8168699999999993,3.5940706550000003,4.0502297125,False
pmd,Energy,400MHz,400.0,2x,2.0,14,1.8954467,1.8396327275,1.9441880275,False
pmd,Energy,400MHz,400.0,3x,3.0,21,1.8862608,1.8270025025,1.9422609575,False
pmd,Energy,400MHz,400.0,4x,4.0,28,1.8760802,1.8331223275,1.9179079575,False
pmd,Energy,400MHz,400.0,5x,5.0,35,1.8318237000000004,1.763026465,1.8822726625,False
pmd,Energy,400MHz,400.0,6x,6.0,42,1.8806457,1.8377005399999995,1.9232324775,False
pmd,Energy,800MHz,800.0,1x,1.0,7,2.3238282999999997,2.200968795,2.4778340725000003,False
pmd,Energy,800MHz,800.0,2x,2.0,14,1.1643006,1.1176441300000002,1.2066343000000002,False
pmd,Energy,800MHz,800.0,3x,3.0,21,1.1332885,1.0884368925000003,1.1724912550000002,False
pmd,Energy,800MHz,800.0,4x,4.0,28,1.1021665999999997,1.05890011,1.1475622725,False
pmd,Energy,800MHz,800.0,5x,5.0,35,1.1403747999999998,1.0490168375,1.2456545574999998,False
pmd,Energy,800MHz,800.0,6x,6.0,42,1.0840758,0.9923785575,1.175353345,False
pmd,Energy,1.2GHz,1200.0,1x,1.0,7,1.8325744,1.6909478875,1.98330601,False
pmd,Energy,1.2GHz,1200.0,2x,2.0,14,0.9434939,0.9201149600000004,0.9684005675,False
pmd,Energy,1.2GHz,1200.0,3x,3.0,21,0.9345152,0.91037753,0.9580028225,False
pmd,Energy,1.2GHz,1200.0,4x,4.0,28,0.8406128,0.7947715325,0.8831706725,False
pmd,Energy,1.2GHz,1200.0,5x,5.0,35,0.8870177,0.8649097825,0.9065075725,False
pmd,Energy,1.2GHz,1200.0,6x,6.0,42,0.8860412999999999,0.8349525499999999,0.921365045,False
pmd,Energy,1.6GHz,1600.0,1x,1.0,7,1.5793334,1.5014620975,1.6732382974999995,False
pmd,Energy,1.6GHz,1600.0,2x,2.0,14,0.8180788,0.7736928675,0.8552458875,True
pmd,Energy,1.6GHz,1600.0,3x,3.0,21,0.8227538000000001,0.8148729724999999,0.8316714575,False
pmd,Energy,1.6GHz,1600.0,4x,4.0,28,0.7513369,0.701250125,0.7998861275000001,True
pmd,Energy,1.6GHz,1600.0,5x,5.0,35,0.749182,0.7040515325000001,0.7926812524999999,True
pmd,Energy,1.6GHz,1600.0,6x,6.0,42,0.7627929,0.715199005,0.7988773625,True
pmd,Energy,2.0GHz,2000.0,1x,1.0,7,1.6138365999999995,1.4953109075,1.7480013275,False
pmd,Energy,2.0GHz,2000.0,2x,2.0,14,0.8165832,0.7942415525000001,0.8369383000000001,False
pmd,Energy,2.0GHz,2000.0,3x,3.0,21,0.8554689,0.8345158399999999,0.8808425824999999,False
pmd,Energy,2.0GHz,2000.0,4x,4.0,28,0.8075317,0.76623865,0.8517952125,True
pmd,Energy,2.0GHz,2000.0,5x,5.0,35,0.7933351,0.7498313775000002,0.8372058874999999,True
pmd,Energy,2.0GHz,2000.0,6x,6.0,42,0.7749512,0.74094062,0.8049675399999999,True
pmd,Energy,2.4GHz,2400.0,1x,1.0,7,1.9068419,1.7474824825000002,2.0753835025,False
pmd,Energy,2.4GHz,2400.0,2x,2.0,14,0.91062,0.87000013,0.9396028549999998,False
pmd,Energy,2.4GHz,2400.0,3x,3.0,21,0.8798707,0.8476609724999998,0.9119856099999998,False
pmd,Energy,2.4GHz,2400.0,4x,4.0,28,0.8366519,0.7939999874999999,0.8731783899999999,False
pmd,Energy,2.4GHz,2400.0,5x,5.0,35,0.8552979,0.8136079024999999,0.8935089549999998,False
pmd,Energy,2.4GHz,2400.0,6x,6.0,42,0.8465088,0.806717,0.885781245,False
pmd,Energy,2.7GHz,2700.0,1x,1.0,7,1.8325194,1.765201905,1.9131679475,False
pmd,Energy,2.7GHz,2700.0,2x,2.0,14,0.9771301,0.963926715,0.9915697825,False
pmd,Energy,2.7GHz,2700.0,3x,3.0,21,0.9567017000000002,0.9280218625,0.9862809275,False
pmd,Energy,2.7GHz,2700.0,4x,4.0,28,0.8625426999999999,0.8123881075000002,0.9125362475,False
pmd,Energy,2.7GHz,2700.0,5x,5.0,35,0.8743652,0.8399258874999999,0.9065709125,False
pmd,Energy,2.7GHz,2700.0,6x,6.0,42,0.8957579000000001,0.8406734475,0.94920213,False
pmd,Time,400MHz,400.0,1x,1.0,7,2140.0,2024.0975,2271.7725,False
pmd,Time,400MHz,400.0,2x,2.0,14,1066.8,1037.885,1093.1,False
pmd,Time,400MHz,400.0,3x,3.0,21,1060.8,1026.395,1091.7,False
pmd,Time,400MHz,400.0,4x,4.0,28,1051.6,1030.1925,1075.3125,False
pmd,Time,400MHz,400.0,5x,5.0,35,1016.8,977.2975,1046.8,False
pmd,Time,400MHz,400.0,6x,6.0,42,1043.8,1023.595,1064.8025,False
pmd,Time,800MHz,800.0,1x,1.0,7,1123.8,1066.0975,1198.535,False
pmd,Time,800MHz,800.0,2x,2.0,14,557.8,536.9925000000001,571.9000000000001,False
pmd,Time,800MHz,800.0,3x,3.0,21,540.3,518.9975,558.1025,False
pmd,Time,800MHz,800.0,4x,4.0,28,533.9,513.8,553.22,False
pmd,Time,800MHz,800.0,5x,5.0,35,530.7,498.4975,558.7025,False
pmd,Time,800MHz,800.0,6x,6.0,42,510.4,472.8975,546.015,False
pmd,Time,1.2GHz,1200.0,1x,1.0,7,738.1,690.6925,800.1099999999999,False
pmd,Time,1.2GHz,1200.0,2x,2.0,14,377.8,371.3,384.4,False
pmd,Time,1.2GHz,1200.0,3x,3.0,21,373.5,364.4,382.8,False
pmd,Time,1.2GHz,1200.0,4x,4.0,28,337.3,316.995,356.0,False
pmd,Time,1.2GHz,1200.0,5x,5.0,35,352.8,339.9975,363.6,False
pmd,Time,1.2GHz,1200.0,6x,6.0,42,357.3,339.59000000000003,370.305,False
pmd,Time,1.6GHz,1600.0,1x,1.0,7,538.9,510.49,571.1199999999999,False
pmd,Time,1.6GHz,1600.0,2x,2.0,14,279.0,265.5975,289.4025,False
pmd,Time,1.6GHz,1600.0,3x,3.0,21,282.3,279.1975,285.6025,False
pmd,Time,1.6GHz,1600.0,4x,4.0,28,253.3,237.6,268.1025,False
pmd,Time,1.6GHz,1600.0,5x,5.0,35,255.7,241.2,269.8075,False
pmd,Time,1.6GHz,1600.0,6x,6.0,42,254.8,241.4975,267.3025,False
pmd,Time,2.0GHz,2000.0,1x,1.0,7,430.6,400.8975,470.3025,False
pmd,Time,2.0GHz,2000.0,2x,2.0,14,219.6,212.3975,225.6,False
pmd,Time,2.0GHz,2000.0,3x,3.0,21,226.6,222.6,230.8,False
pmd,Time,2.0GHz,2000.0,4x,4.0,28,212.9,201.2,221.4025,False
pmd,Time,2.0GHz,2000.0,5x,5.0,35,212.5,200.9,223.105,False
pmd,Time,2.0GHz,2000.0,6x,6.0,42,205.8,196.0,214.5,False
pmd,Time,2.4GHz,2400.0,1x,1.0,7,397.8,365.0,431.505,False
pmd,Time,2.4GHz,2400.0,2x,2.0,14,188.0,180.6,192.9,False
pmd,Time,2.4GHz,2400.0,3x,3.0,21,184.3,178.0975,189.9025,False
pmd,Time,2.4GHz,2400.0,4x,4.0,28,173.4,165.195,181.2,False
pmd,Time,2.4GHz,2400.0,5x,5.0,35,178.7,170.4,186.2,False
pmd,Time,2.4GHz,2400.0,6x,6.0,42,176.4,167.7,184.2,False
pmd,Time,2.7GHz,2700.0,1x,1.0,7,321.3,306.9,336.805,False
pmd,Time,2.7GHz,2700.0,2x,2.0,14,173.2,170.8,176.0,False
pmd,Time,2.7GHz,2700.0,3x,3.0,21,167.4,162.9,172.5,False
pmd,Time,2.7GHz,2700.0,4x,4.0,28,151.0,142.2,159.7025,True
pmd,Time,2.7GHz,2700.0,5x,5.0,35,154.6,148.8975,160.7,True
pmd,Time,2.7GHz,2700.0,6x,6.0,42,158.0,148.3975,167.3025,True
pmd,EDP,400MHz,400.0,1x,1.0,7,8.248248571800001,7.269374453505001,9.2333726734925,False
pmd,EDP,400MHz,400.0,2x,2.0,14,2.0258082028999995,1.90640003519,2.1193886280450003,False
pmd,EDP,400MHz,400.0,3x,3.0,21,2.005900475,1.88450435334,2.1250113019975,False
pmd,EDP,400MHz,400.0,4x,4.0,28,1.9753448085,1.8957988109,2.0706835121375,False
pmd,EDP,400MHz,400.0,5x,5.0,35,1.867876113,1.7421334497799998,1.9689816845349997,False
pmd,EDP,400MHz,400.0,6x,6.0,42,1.9650831223,1.88455909016,2.0487060526350005,False
pmd,EDP,800MHz,800.0,1x,1.0,7,2.6348713387000005,2.3598755979625,2.9940607234149996,False
pmd,EDP,800MHz,800.0,2x,2.0,14,0.6515687402999999,0.60486636232,0.687526830325,False
pmd,EDP,800MHz,800.0,3x,3.0,21,0.6142102239,0.5698966456075,0.6515823018499999,False
pmd,EDP,800MHz,800.0,4x,4.0,28,0.5906836120000001,0.5469790921225001,0.6316269653749998,False
pmd,EDP,800MHz,800.0,5x,5.0,35,0.6116996241,0.5331782193925002,0.6979940519400001,False
pmd,EDP,800MHz,800.0,6x,6.0,42,0.5616590561,0.474431257155,0.647822343435,False
pmd,EDP,1.2GHz,1200.0,1x,1.0,7,1.3742342048,1.17439022402,1.618827186735,False
pmd,EDP,1.2GHz,1200.0,2x,2.0,14,0.3568383268,0.34185507136,0.37301511629,False
pmd,EDP,1.2GHz,1200.0,3x,3.0,21,0.3495299692,0.33391916471,0.3662821806975,False
pmd,EDP,1.2GHz,1200.0,4x,4.0,28,0.2858542654,0.253208721105,0.3176562942199999,False
pmd,EDP,1.2GHz,1200.0,5x,5.0,35,0.3135399597,0.295817628405,0.3284520122425,False
pmd,EDP,1.2GHz,1200.0,6x,6.0,42,0.3182440358,0.2861553486224999,0.3400977995225,False
pmd,EDP,1.6GHz,1600.0,1x,1.0,7,0.8581008904,0.7745657806525001,0.9687372032925,False
pmd,EDP,1.6GHz,1600.0,2x,2.0,14,0.2295135120999999,0.2083810725075,0.2491426745824999,False
pmd,EDP,1.6GHz,1600.0,3x,3.0,21,0.232291084,0.2280345436349999,0.236281202705,False
pmd,EDP,1.6GHz,1600.0,4x,4.0,28,0.1921679819,0.1692178818125,0.2141411729675,False
pmd,EDP,1.6GHz,1600.0,5x,5.0,35,0.1932596399,0.1705418891349999,0.21422845546,False
pmd,EDP,1.6GHz,1600.0,6x,6.0,42,0.1956181665,0.1751519454925,0.2125274930174999,False
pmd,EDP,2.0GHz,2000.0,1x,1.0,7,0.7064600236999999,0.6067863341874999,0.8421912093474999,False
pmd,EDP,2.0GHz,2000.0,2x,2.0,14,0.1796568797,0.1693048028175,0.1889722590375,False
pmd,EDP,2.0GHz,2000.0,3x,3.0,21,0.1940473895999999,0.18581329023,0.2027713928174999,False
pmd,EDP,2.0GHz,2000.0,4x,4.0,28,0.1728832868,0.1560676068649999,0.187678590675,False
pmd,EDP,2.0GHz,2000.0,5x,5.0,35,0.1698877566,0.1508156647074999,0.1887485992725,False
pmd,EDP,2.0GHz,2000.0,6x,6.0,42,0.1602462667,0.1454020860625,0.1730626730925,True
pmd,EDP,2.4GHz,2400.0,1x,1.0,7,0.7724488419,0.6461766547725,0.90594941225,False
pmd,EDP,2.4GHz,2400.0,2x,2.0,14,0.1716334121,0.1601112576375,0.1796664553075,False
pmd,EDP,2.4GHz,2400.0,3x,3.0,21,0.1626522802,0.151107711475,0.1732592782075,False
pmd,EDP,2.4GHz,2400.0,4x,4.0,28,0.14588999,0.13283168984,0.1581557946775,True
pmd,EDP,2.4GHz,2400.0,5x,5.0,35,0.1536818352999999,0.1407233963249999,0.1662115963975,True
pmd,EDP,2.4GHz,2400.0,6x,6.0,42,0.1501194955,0.136233727255,0.1634681748175,True
pmd,EDP,2.7GHz,2700.0,1x,1.0,7,0.5916188033,0.5411110899774999,0.64308773268,False
pmd,EDP,2.7GHz,2700.0,2x,2.0,14,0.1693236582,0.1647071115525,0.1744112189724999,False
pmd,EDP,2.7GHz,2700.0,3x,3.0,21,0.1604795677,0.1511575462475,0.1701647506,False
pmd,EDP,2.7GHz,2700.0,4x,4.0,28,0.131399674,0.1158983688325,0.1464294663124999,True
pmd,EDP,2.7GHz,2700.0,5x,5.0,35,0.1356933234,0.1254794703549999,0.145789171085,True
pmd,EDP,2.7GHz,2700.0,6x,6.0,42,0.1428722587,0.1258720238399999,0.15912301781,True
pmd,EDP2,400MHz,400.0,1x,1.0,7,32.11705772909646,26.589042401343384,38.04519466009323,False
pmd,EDP2,400MHz,400.0,2x,2.0,14,3.8540331309484257,3.554780902118852,4.138901306678334,False
pmd,EDP2,400MHz,400.0,3x,3.0,21,3.802284608578695,3.4370248591119426,4.151011647762552,False
pmd,EDP2,400MHz,400.0,4x,4.0,28,3.715090072777177,3.474036345216811,3.964699040132329,False
pmd,EDP2,400MHz,400.0,5x,5.0,35,3.440543626963854,3.1048958408076937,3.7175996930928807,False
pmd,EDP2,400MHz,400.0,6x,6.0,42,3.7046005230078505,3.476819937401839,3.9502745695455297,False
pmd,EDP2,800MHz,800.0,1x,1.0,7,6.238319636597078,5.198627765236865,7.556538639149741,False
pmd,EDP2,800MHz,800.0,2x,2.0,14,0.7639889558023845,0.6841461415489997,0.8353690692016084,False
pmd,EDP2,800MHz,800.0,3x,3.0,21,0.7008718085107931,0.6199469719505175,0.7676753396472425,False
pmd,EDP2,800MHz,800.0,4x,4.0,28,0.6561822862322355,0.5807631985462639,0.7265312292115742,False
pmd,EDP2,800MHz,800.0,5x,5.0,35,0.7199803020325259,0.5591415266876849,0.9129963046244702,False
pmd,EDP2,800MHz,800.0,6x,6.0,42,0.6291155975518734,0.48728839319733,0.7714469660412405,False
pmd,EDP2,1.2GHz,1200.0,1x,1.0,7,2.6095979101017193,1.9915014628209224,3.372525942262347,False
pmd,EDP2,1.2GHz,1200.0,2x,2.0,14,0.3376612110154066,0.3139622358117451,0.3611279125169214,False
pmd,EDP2,1.2GHz,1200.0,3x,3.0,21,0.3276348024269493,0.3062482955451488,0.353902887623051,False
pmd,EDP2,1.2GHz,1200.0,4x,4.0,28,0.2440670484748036,0.2050676778338766,0.281737209092993,False
pmd,EDP2,1.2GHz,1200.0,5x,5.0,35,0.2790199690533419,0.2560455162477568,0.2973993559130211,False
pmd,EDP2,1.2GHz,1200.0,6x,6.0,42,0.2848902456165081,0.2489516440110204,0.3158356953099802,False
pmd,EDP2,1.6GHz,1600.0,1x,1.0,7,1.3780295481710012,1.1612688605283232,1.658684658611273,False
pmd,EDP2,1.6GHz,1600.0,2x,2.0,14,0.1898955512920827,0.1647803513231103,0.2136438202428986,False
pmd,EDP2,1.6GHz,1600.0,3x,3.0,21,0.191191573484425,0.1857110052579174,0.1963749483497189,False
pmd,EDP2,1.6GHz,1600.0,4x,4.0,28,0.1473666014991227,0.1188720196338574,0.1735868182226274,True
pmd,EDP2,1.6GHz,1600.0,5x,5.0,35,0.1473987863473273,0.1233503021448967,0.1706427146879559,True
pmd,EDP2,1.6GHz,1600.0,6x,6.0,42,0.1512097587384933,0.1301043153170346,0.1708807657606024,True
pmd,EDP2,2.0GHz,2000.0,1x,1.0,7,1.1807878744472575,0.9164621898950912,1.5462153585052263,False
pmd,EDP2,2.0GHz,2000.0,2x,2.0,14,0.1472257310894206,0.1353880215833359,0.1580230006142652,True
pmd,EDP2,2.0GHz,2000.0,3x,3.0,21,0.1665024468605622,0.1552867282688157,0.1781005653815432,False
pmd,EDP2,2.0GHz,2000.0,4x,4.0,28,0.1412939736934118,0.1223381039485762,0.1605853105198522,True
pmd,EDP2,2.0GHz,2000.0,5x,5.0,35,0.1369153493297923,0.1136150886120988,0.1588955394568136,True
pmd,EDP2,2.0GHz,2000.0,6x,6.0,42,0.1252903733937796,0.1101548582640722,0.1396215403263066,True
pmd,EDP2,2.4GHz,2400.0,1x,1.0,7,1.5303702836496291,1.160249758689188,1.9418287439269857,False
pmd,EDP2,2.4GHz,2400.0,2x,2.0,14,0.1572161550997763,0.1408527231686255,0.1684186610442693,False
pmd,EDP2,2.4GHz,2400.0,3x,3.0,21,0.1440409335495185,0.1288641189018603,0.1575091577253242,True
pmd,EDP2,2.4GHz,2400.0,4x,4.0,28,0.1234098721682922,0.1066812153561037,0.1382007118876692,True
pmd,EDP2,2.4GHz,2400.0,5x,5.0,35,0.1328437142435193,0.1159033439128279,0.1486168450590849,True
pmd,EDP2,2.4GHz,2400.0,6x,6.0,42,0.1284613738219925,0.1100021125342655,0.1439855865052097,True
pmd,EDP2,2.7GHz,2700.0,1x,1.0,7,1.0943404415814726,0.9634710770841446,1.2583156087334413,False
pmd,EDP2,2.7GHz,2700.0,2x,2.0,14,0.1656153759953993,0.1584900329988285,0.1723825686725166,False
pmd,EDP2,2.7GHz,2700.0,3x,3.0,21,0.1542075337777166,0.1414601170310273,0.1681459653915411,False
pmd,EDP2,2.7GHz,2700.0,4x,4.0,28,0.1153981563060212,0.0944571267308919,0.1359313450219001,True
pmd,EDP2,2.7GHz,2700.0,5x,5.0,35,0.1195788126869876,0.1061480538848156,0.1345098941708828,True
pmd,EDP2,2.7GHz,2700.0,6x,6.0,42,0.1303675382392815,0.1057330931883943,0.1532178690551212,True
spring,Energy,400MHz,400.0,1x,1.0,50,4.298699900000001,3.74701666,4.8463042375,False
spring,Energy,400MHz,400.0,2x,2.0,100,2.7105348,2.213602445,3.26214311,False
spring,Energy,400MHz,400.0,3x,3.0,150,2.535492,2.02382433,3.126188385,False
spring,Energy,400MHz,400.0,4x,4.0,200,2.987378,2.4958104025,3.5500606575,False
spring,Energy,400MHz,400.0,5x,5.0,250,2.7906369,2.2821022725000004,3.282521275000001,False
spring,Energy,400MHz,400.0,6x,6.0,300,2.7178406,2.1952060725000004,3.3342109775,False
spring,Energy,800MHz,800.0,1x,1.0,50,2.4817078,2.2973446275,2.6751261274999996,False
spring,Energy,800MHz,800.0,2x,2.0,100,1.5131714,1.3642219075,1.6832074875,False
spring,Energy,800MHz,800.0,3x,3.0,150,1.4195372999999998,1.2807934725,1.6062195499999998,False
spring,Energy,800MHz,800.0,4x,4.0,200,1.4125793999999998,1.2982045125,1.5983147,False
spring,Energy,800MHz,800.0,5x,5.0,250,1.3370241,1.2576801700000002,1.4121799075,False
spring,Energy,800MHz,800.0,6x,6.0,300,1.5973876,1.3882584925,1.8502745625,False
spring,Energy,1.2GHz,1200.0,1x,1.0,50,1.8513609,1.721874035,1.9746155300000003,False
spring,Energy,1.2GHz,1200.0,2x,2.0,100,1.4752563,1.37216693,1.60076756,False
spring,Energy,1.2GHz,1200.0,3x,3.0,150,1.342688,1.2911474025,1.3977739824999995,False
spring,Energy,1.2GHz,1200.0,4x,4.0,200,1.3429688,1.2754894549999998,1.4053187424999998,False
spring,Energy,1.2GHz,1200.0,5x,5.0,250,1.3991271,1.3107634675000002,1.5279812524999998,False
spring,Energy,1.2GHz,1200.0,6x,6.0,300,1.3211119999999998,1.26951558,1.37764179,False
spring,Energy,1.6GHz,1600.0,1x,1.0,50,1.8266785000000003,1.7350765925,1.9531008025,False
spring,Energy,1.6GHz,1600.0,2x,2.0,100,1.1199768,1.0672096649999998,1.1707537375000003,True
spring,Energy,1.6GHz,1600.0,3x,3.0,150,1.1333923,1.0754491525,1.2032110674999998,True
spring,Energy,1.6GHz,1600.0,4x,4.0,200,1.1853881,1.077052355,1.3337116524999997,True
spring,Energy,1.6GHz,1600.0,5x,5.0,250,1.1368408,1.0762000475,1.19643744,True
spring,Energy,1.6GHz,1600.0,6x,6.0,300,1.1654785000000003,1.104316725,1.2271653325000005,True
spring,Energy,2.0GHz,2000.0,1x,1.0,50,2.0670107,1.69955484,2.4508796125,False
spring,Energy,2.0GHz,2000.0,2x,2.0,100,1.2949584,1.256235305,1.3341326850000002,False
spring,Energy,2.0GHz,2000.0,3x,3.0,150,1.1391357000000002,1.031928135,1.249140045,True
spring,Energy,2.0GHz,2000.0,4x,4.0,200,1.1449216999999998,1.0729550574999998,1.22611105,True
spring,Energy,2.0GHz,2000.0,5x,5.0,250,1.2139284,1.109952705,1.2968402875,True
spring,Energy,2.0GHz,2000.0,6x,6.0,300,1.2814026,1.179383005,1.3678070125,False
spring,Energy,2.4GHz,2400.0,1x,1.0,50,2.6794251000000004,2.4057605575000003,2.9016806074999995,False
spring,Energy,2.4GHz,2400.0,2x,2.0,100,1.4497924,1.27353779,1.6519552425,False
spring,Energy,2.4GHz,2400.0,3x,3.0,150,1.4422425,1.275426995,1.6115964525,False
spring,Energy,2.4GHz,2400.0,4x,4.0,200,1.4588015,1.29898043,1.6328823049999996,False
spring,Energy,2.4GHz,2400.0,5x,5.0,250,1.4369567,1.349149105,1.5599250750000002,False
spring,Energy,2.4GHz,2400.0,6x,6.0,300,1.3800782,1.328248965,1.41914838,False
spring,Energy,2.7GHz,2700.0,1x,1.0,50,3.0954163,2.7722757325,3.3431437775000004,False
spring,Energy,2.7GHz,2700.0,2x,2.0,100,1.4347045,1.3501415675,1.5182266225,False
spring,Energy,2.7GHz,2700.0,3x,3.0,150,1.3629272,1.3115280275,1.4255032025,False
spring,Energy,2.7GHz,2700.0,4x,4.0,200,1.4860901,1.3929175475,1.5750459824999998,False
spring,Energy,2.7GHz,2700.0,5x,5.0,250,1.5023315,1.4479528525,1.5489503550000003,False
spring,Energy,2.7GHz,2700.0,6x,6.0,300,1.5205261,1.452293615,1.5841230274999998,False
spring,Time,400MHz,400.0,1x,1.0,50,2429.0,2135.1499999999996,2708.8100000000004,False
spring,Time,400MHz,400.0,2x,2.0,100,1528.6,1238.1475,1864.04,False
spring,Time,400MHz,400.0,3x,3.0,150,1420.2,1152.01,1746.7825,False
spring,Time,400MHz,400.0,4x,4.0,200,1680.7,1391.9075,1976.86,False
spring,Time,400MHz,400.0,5x,5.0,250,1545.6,1303.395,1809.105,False
spring,Time,400MHz,400.0,6x,6.0,300,1535.0,1221.0775,1870.0075,False
spring,Time,800MHz,800.0,1x,1.0,50,1196.7,1107.7725,1286.1,False
spring,Time,800MHz,800.0,2x,2.0,100,731.7,657.6775,817.4075,False
spring,Time,800MHz,800.0,3x,3.0,150,684.4,616.7925,765.4075,False
spring,Time,800MHz,800.0,4x,4.0,200,682.7,622.1975,774.625,False
spring,Time,800MHz,800.0,5x,5.0,250,648.4,614.6800000000001,682.4024999999999,False
spring,Time,800MHz,800.0,6x,6.0,300,774.6,661.8875,900.75,False
spring,Time,1.2GHz,1200.0,1x,1.0,50,733.5,680.8,782.4124999999999,False
spring,Time,1.2GHz,1200.0,2x,2.0,100,583.3,541.6899999999999,632.9000000000001,False
spring,Time,1.2GHz,1200.0,3x,3.0,150,528.9,507.5975,548.3025,False
spring,Time,1.2GHz,1200.0,4x,4.0,200,527.1,498.8925,553.41,False
spring,Time,1.2GHz,1200.0,5x,5.0,250,558.6,520.995,610.8025,False
spring,Time,1.2GHz,1200.0,6x,6.0,300,523.7,500.5975,548.805,False
spring,Time,1.6GHz,1600.0,1x,1.0,50,609.7,576.6700000000001,651.1025,False
spring,Time,1.6GHz,1600.0,2x,2.0,100,372.7,356.2975,387.11,False
spring,Time,1.6GHz,1600.0,3x,3.0,150,379.5,358.7925,401.3,False
spring,Time,1.6GHz,1600.0,4x,4.0,200,397.6,361.0975,452.205,False
spring,Time,1.6GHz,1600.0,5x,5.0,250,381.0,356.58750000000003,402.9,False
spring,Time,1.6GHz,1600.0,6x,6.0,300,391.6,371.395,412.0025,False
spring,Time,2.0GHz,2000.0,1x,1.0,50,548.3,446.79,652.2175,False
spring,Time,2.0GHz,2000.0,2x,2.0,100,341.3,326.2925,353.7025,False
spring,Time,2.0GHz,2000.0,3x,3.0,150,300.7,270.8975,331.1,False
spring,Time,2.0GHz,2000.0,4x,4.0,200,302.0,282.1,325.2075,False
spring,Time,2.0GHz,2000.0,5x,5.0,250,320.6,292.995,342.0,False
spring,Time,2.0GHz,2000.0,6x,6.0,300,341.4,314.0975,365.5025,False
spring,Time,2.4GHz,2400.0,1x,1.0,50,564.7,506.4975,610.205,False
spring,Time,2.4GHz,2400.0,2x,2.0,100,308.1,269.0,350.1025,False
spring,Time,2.4GHz,2400.0,3x,3.0,150,305.4,270.8975,341.3,False
spring,Time,2.4GHz,2400.0,4x,4.0,200,310.3,275.1975,347.0025,False
spring,Time,2.4GHz,2400.0,5x,5.0,250,304.7,285.1,331.0075,False
spring,Time,2.4GHz,2400.0,6x,6.0,300,289.7,280.495,297.5,False
spring,Time,2.7GHz,2700.0,1x,1.0,50,555.3,494.995,602.915,False
spring,Time,2.7GHz,2700.0,2x,2.0,100,257.1,242.5,272.0025,True
spring,Time,2.7GHz,2700.0,3x,3.0,150,243.2,234.0975,253.9,True
spring,Time,2.7GHz,2700.0,4x,4.0,200,260.9,245.5925,275.6,True
spring,Time,2.7GHz,2700.0,5x,5.0,250,265.6,257.2975,271.5025,False
spring,Time,2.7GHz,2700.0,6x,6.0,300,270.0,256.3975,282.1,False
spring,EDP,400MHz,400.0,1x,1.0,50,10.8419979979,8.288134513047503,13.435902242305,False
spring,EDP,400MHz,400.0,2x,2.0,100,4.6099423321,2.7702321091750006,6.445800872352499,False
spring,EDP,400MHz,400.0,3x,3.0,150,4.046795503,2.4153034932,6.049263718519998,False
spring,EDP,400MHz,400.0,4x,4.0,200,5.4234367282,3.674001238252499,7.280398475807498,False
spring,EDP,400MHz,400.0,5x,5.0,250,4.6349060592999995,3.1778626842425006,6.232462004514999,False
spring,EDP,400MHz,400.0,6x,6.0,300,4.6348951018,3.013599378085001,6.734216874945,False
spring,EDP,800MHz,800.0,1x,1.0,50,3.0128475232,2.5725815620025,3.4771836792049995,False
spring,EDP,800MHz,800.0,2x,2.0,100,1.1457618961,0.9072315050725,1.4429343880975,False
spring,EDP,800MHz,800.0,3x,3.0,150,1.003570522,0.7976713346400002,1.2735376142025,False
spring,EDP,800MHz,800.0,4x,4.0,200,0.9983484196,0.8073213592675,1.3088700018425,False
spring,EDP,800MHz,800.0,5x,5.0,250,0.8735749263000001,0.788935026905,0.96795065503,False
spring,EDP,800MHz,800.0,6x,6.0,300,1.3194472058,0.9324726323125,1.8085341040125,False
spring,EDP,1.2GHz,1200.0,1x,1.0,50,1.375896298,1.1915674458525003,1.56074323705,False
spring,EDP,1.2GHz,1200.0,2x,2.0,100,0.8744855491999999,0.7441225536725,1.0293179603675002,False
spring,EDP,1.2GHz,1200.0,3x,3.0,150,0.7127876297000001,0.6574506453925,0.7687089155575001,False
spring,EDP,1.2GHz,1200.0,4x,4.0,200,0.7124387039,0.6443684359575,0.78271977083,False
spring,EDP,1.2GHz,1200.0,5x,5.0,250,0.7942670415,0.69001918655,0.9489900204975,False
spring,EDP,1.2GHz,1200.0,6x,6.0,300,0.6952128023,0.6331828129550001,0.7527502769825001,False
spring,EDP,1.6GHz,1600.0,1x,1.0,50,1.1246172159,0.9980036501925004,1.28744630939,False
spring,EDP,1.6GHz,1600.0,2x,2.0,100,0.4193943664,0.3855781557325,0.45369056172,False
spring,EDP,1.6GHz,1600.0,3x,3.0,150,0.4337792877,0.3842690832625,0.488409070295,False
spring,EDP,1.6GHz,1600.0,4x,4.0,200,0.4867863943,0.3856476816525,0.6225525682024999,False
spring,EDP,1.6GHz,1600.0,5x,5.0,250,0.4368721076,0.3872921291624999,0.4862133723225,False
spring,EDP,1.6GHz,1600.0,6x,6.0,300,0.4597124887,0.41349998919,0.5108747644675,False
spring,EDP,2.0GHz,2000.0,1x,1.0,50,1.2309937702,0.8434706634300001,1.7978325895149996,False
spring,EDP,2.0GHz,2000.0,2x,2.0,100,0.4432857528999999,0.4121800170624999,0.47350996175,False
spring,EDP,2.0GHz,2000.0,3x,3.0,150,0.350870143,0.2851760953,0.4167012528050001,True
spring,EDP,2.0GHz,2000.0,4x,4.0,200,0.3504760845999999,0.3013436429375,0.4019952301275,True
spring,EDP,2.0GHz,2000.0,5x,5.0,250,0.3948533592,0.3362198458875,0.4414821812999999,True
spring,EDP,2.0GHz,2000.0,6x,6.0,300,0.4440389449999999,0.3823540488375,0.5037006349925001,False
spring,EDP,2.4GHz,2400.0,1x,1.0,50,1.5464971025999998,1.2700457588175,1.7834143228925,False
spring,EDP,2.4GHz,2400.0,2x,2.0,100,0.4673723287999999,0.3428675461875,0.6113948961524999,True
spring,EDP,2.4GHz,2400.0,3x,3.0,150,0.4555686548000001,0.3648130194575,0.5752213318125001,False
spring,EDP,2.4GHz,2400.0,4x,4.0,200,0.4692601145999999,0.361125735555,0.5950970551199999,True
spring,EDP,2.4GHz,2400.0,5x,5.0,250,0.4444015756,0.3851049358625,0.5280826901975,False
spring,EDP,2.4GHz,2400.0,6x,6.0,300,0.4007134913,0.3726225687349999,0.4212602273974999,False
spring,EDP,2.7GHz,2700.0,1x,1.0,50,1.7587976169999997,1.439873971905,2.031822102645,False
spring,EDP,2.7GHz,2700.0,2x,2.0,100,0.3719584198,0.3314522667325,0.4110305771674999,True
spring,EDP,2.7GHz,2700.0,3x,3.0,150,0.3329240493,0.3050645645199999,0.36288662897,True
spring,EDP,2.7GHz,2700.0,4x,4.0,200,0.3915716675999999,0.3453247876250001,0.4413107235149999,True
spring,EDP,2.7GHz,2700.0,5x,5.0,250,0.3998538845,0.3759837491225,0.4226587100499999,False
spring,EDP,2.7GHz,2700.0,6x,6.0,300,0.4126367195,0.3745861207425,0.4487221173624999,False
spring,EDP2,400MHz,400.0,1x,1.0,50,49.96349046004342,35.12995023096084,67.23004222689195,False
spring,EDP2,400MHz,400.0,2x,2.0,100,15.148440761819089,7.383272102627805,24.060503277814668,False
spring,EDP2,400MHz,400.0,3x,3.0,150,12.88959074385989,4.569350649866088,21.47478253623124,False
spring,EDP2,400MHz,400.0,4x,4.0,200,18.681309517174448,10.286141331243916,28.600398034192523,False
spring,EDP2,400MHz,400.0,5x,5.0,250,14.845755523623108,8.212874889740492,21.82331859035534,False
spring,EDP2,400MHz,400.0,6x,6.0,300,15.423376882457418,6.3310998144608766,25.035268400276525,False
spring,EDP2,800MHz,800.0,1x,1.0,50,7.697016492650277,6.040141893490955,9.545255215157503,False
spring,EDP2,800MHz,800.0,2x,2.0,100,1.8577842528275188,1.2797478751230231,2.6043318217529237,False
spring,EDP2,800MHz,800.0,3x,3.0,150,1.5266941379579897,1.0294873382252518,2.236101840351009,False
spring,EDP2,800MHz,800.0,4x,4.0,200,1.5250095105273922,1.0460289371262403,2.3148078592481176,False
spring,EDP2,800MHz,800.0,5x,5.0,250,1.186480756853571,0.9963689202228664,1.37857620762175,False
spring,EDP2,800MHz,800.0,6x,6.0,300,2.4027407835597736,1.277035366841556,3.885572387491172,False
spring,EDP2,1.2GHz,1200.0,1x,1.0,50,2.61342331375148,2.078031918468689,3.144537408321093,False
spring,EDP2,1.2GHz,1200.0,2x,2.0,100,1.333081147481588,1.0363926372591632,1.7392936889414468,False
spring,EDP2,1.2GHz,1200.0,3x,3.0,150,0.964396566863282,0.8519046926601075,1.0735075690568934,False
spring,EDP2,1.2GHz,1200.0,4x,4.0,200,0.968929480080831,0.8283900820326048,1.1210549294969685,False
spring,EDP2,1.2GHz,1200.0,5x,5.0,250,1.1507163615154208,0.908245529209685,1.5164652245881831,False
spring,EDP2,1.2GHz,1200.0,6x,6.0,300,0.9269995533151888,0.8146092060040392,1.0416339744477077,False
spring,EDP2,1.6GHz,1600.0,1x,1.0,50,2.096612222055757,1.7494157300286282,2.5936437705788777,False
spring,EDP2,1.6GHz,1600.0,2x,2.0,100,0.474231541692914,0.4150604756574327,0.5277627326307934,True
spring,EDP2,1.6GHz,1600.0,3x,3.0,150,0.5001405943369972,0.4202966872916193,0.5909794286418164,True
spring,EDP2,1.6GHz,1600.0,4x,4.0,200,0.618686441785051,0.4123267881995176,0.9024276223391068,True
spring,EDP2,1.6GHz,1600.0,5x,5.0,250,0.5049069265813212,0.4231490952626383,0.582917362553761,True
spring,EDP2,1.6GHz,1600.0,6x,6.0,300,0.5434652656766066,0.4589696901645738,0.6410248666793366,True
spring,EDP2,2.0GHz,2000.0,1x,1.0,50,2.9956784005188277,1.2789033260854474,4.736155831401299,False
spring,EDP2,2.0GHz,2000.0,2x,2.0,100,0.577072985111884,0.5217790759583083,0.6340031432229511,False
spring,EDP2,2.0GHz,2000.0,3x,3.0,150,0.4183506676006242,0.3055371898261825,0.5358883134462865,True
spring,EDP2,2.0GHz,2000.0,4x,4.0,200,0.4119218185517167,0.3299278578041013,0.497378056884747,True
spring,EDP2,2.0GHz,2000.0,5x,5.0,250,0.4921012948928983,0.3950149693346907,0.574422291423828,True
spring,EDP2,2.0GHz,2000.0,6x,6.0,300,0.5848683037810164,0.4696776180665896,0.6978096750133299,True
spring,EDP2,2.4GHz,2400.0,1x,1.0,50,4.304745365112327,3.3262995774114095,5.256092370236171,False
spring,EDP2,2.4GHz,2400.0,2x,2.0,100,0.7435766220692079,0.4500780725482743,1.1315955089573742,True
spring,EDP2,2.4GHz,2400.0,3x,3.0,150,0.7010748363527214,0.4953179948460881,0.985480864550176,True
spring,EDP2,2.4GHz,2400.0,4x,4.0,200,0.7361836359029352,0.4887891821453888,1.0661563995017036,True
spring,EDP2,2.4GHz,2400.0,5x,5.0,250,0.6587558026281815,0.5256873133890385,0.8597986064597789,False
spring,EDP2,2.4GHz,2400.0,6x,6.0,300,0.5557319990194158,0.5028497866189575,0.5984637429097657,False
spring,EDP2,2.7GHz,2700.0,1x,1.0,50,5.6650506555735385,4.313509304811853,6.882375075377808,False
spring,EDP2,2.7GHz,2700.0,2x,2.0,100,0.542575184612199,0.445570992790427,0.6346445780497295,True
spring,EDP2,2.7GHz,2700.0,3x,3.0,150,0.4579346219823145,0.4037305460171536,0.5201776354770179,True
spring,EDP2,2.7GHz,2700.0,4x,4.0,200,0.5942676764939943,0.4889130125954538,0.7021431909581908,True
spring,EDP2,2.7GHz,2700.0,5x,5.0,250,0.6036790907959937,0.5485006896301321,0.652942589238237,False
spring,EDP2,2.7GHz,2700.0,6x,6.0,300,0.6336282128284213,0.5544808602149612,0.7136512410741993,False
sunflow,Energy,400MHz,400.0,1x,1.0,5,9.1400513,8.935127815,9.3997962625,False
sunflow,Energy,400MHz,400.0,2x,2.0,10,4.0611145,3.872956475,4.3095802050000005,False
sunflow,Energy,400MHz,400.0,3x,3.0,15,4.178485400000001,3.9541391149999994,4.3932681475,False
sunflow,Energy,400MHz,400.0,4x,4.0,20,3.956604,3.845766925,4.105335685000001,False
sunflow,Energy,400MHz,400.0,5x,5.0,25,4.1002135,3.931545105,4.3336683350000005,False
sunflow,Energy,400MHz,400.0,6x,6.0,30,4.0485413999999995,3.8883327225,4.2467563175,False
sunflow,Energy,800MHz,800.0,1x,1.0,5,5.3058044,5.2686637725,5.3500643,False
sunflow,Energy,800MHz,800.0,2x,2.0,10,2.4772887,2.3195871,2.6372359325,False
sunflow,Energy,800MHz,800.0,3x,3.0,15,2.2936462000000004,2.185167575,2.41882747,False
sunflow,Energy,800MHz,800.0,4x,4.0,20,2.4186341,2.2980508650000004,2.5539241849999996,False
sunflow,Energy,800MHz,800.0,5x,5.0,25,2.4309264,2.29931107,2.560395265,False
sunflow,Energy,800MHz,800.0,6x,6.0,30,2.4290834,2.2800498300000003,2.5832111825,False
sunflow,Energy,1.2GHz,1200.0,1x,1.0,5,4.2423706,4.187902139999999,4.33204696,False
sunflow,Energy,1.2GHz,1200.0,2x,2.0,10,1.8456545999999996,1.77095081,1.9288692999999997,False
sunflow,Energy,1.2GHz,1200.0,3x,3.0,15,1.8668946,1.7529395575000002,1.9831882625,False
sunflow,Energy,1.2GHz,1200.0,4x,4.0,20,1.8172181,1.7508118324999995,1.8873764225,False
sunflow,Energy,1.2GHz,1200.0,5x,5.0,25,1.9308899,1.81300521,2.048057755,False
sunflow,Energy,1.2GHz,1200.0,6x,6.0,30,1.9101681000000004,1.7677280075,2.0653402450000007,False
sunflow,Energy,1.6GHz,1600.0,1x,1.0,5,3.8252502,3.749090495,3.9215770874999993,False
sunflow,Energy,1.6GHz,1600.0,2x,2.0,10,1.7538387999999998,1.6657535975000002,1.8337232325,True
sunflow,Energy,1.6GHz,1600.0,3x,3.0,15,1.6892214,1.5557509450000002,1.8317004375,True
sunflow,Energy,1.6GHz,1600.0,4x,4.0,20,1.6199401999999998,1.5300717925,1.7247899025,True
sunflow,Energy,1.6GHz,1600.0,5x,5.0,25,1.6720335,1.6004206825000002,1.75569158,True
sunflow,Energy,1.6GHz,1600.0,6x,6.0,30,1.6632569,1.5516527624999998,1.7600742424999998,True
sunflow,Energy,2.0GHz,2000.0,1x,1.0,5,4.002954099999999,3.8910439975,4.1319346275,False
sunflow,Energy,2.0GHz,2000.0,2x,2.0,10,1.7585753,1.6540192275,1.8631852825,True
sunflow,Energy,2.0GHz,2000.0,3x,3.0,15,1.6291261,1.5449976375,1.7286497175,True
sunflow,Energy,2.0GHz,2000.0,4x,4.0,20,1.7775634,1.6415288225,1.902534435,True
sunflow,Energy,2.0GHz,2000.0,5x,5.0,25,1.6551147999999998,1.5724738450000002,1.7505991325000003,True
sunflow,Energy,2.0GHz,2000.0,6x,6.0,30,1.6472291,1.56617083,1.7466950475,True
sunflow,Energy,2.4GHz,2400.0,1x,1.0,5,4.2572875,4.176249364999999,4.341348685000001,False
sunflow,Energy,2.4GHz,2400.0,2x,2.0,10,1.7365539,1.673936405,1.8063041024999995,True
sunflow,Energy,2.4GHz,2400.0,3x,3.0,15,1.7952575,1.6902351025000002,1.8990974175,True
sunflow,Energy,2.4GHz,2400.0,4x,4.0,20,1.8214235,1.71519927,1.95253882,True
sunflow,Energy,2.4GHz,2400.0,5x,5.0,25,1.7737120999999998,1.6796985825,1.882487715,True
sunflow,Energy,2.4GHz,2400.0,6x,6.0,30,1.7356200000000002,1.63334014,1.8673387775,True
sunflow,Energy,2.7GHz,2700.0,1x,1.0,5,4.5126157000000005,4.4419819325,4.6169427575,False
sunflow,Energy,2.7GHz,2700.0,2x,2.0,10,1.8811219,1.8113088675,1.9410595325,False
sunflow,Energy,2.7GHz,2700.0,3x,3.0,15,1.8834657,1.7941197300000002,1.9862292275,False
sunflow,Energy,2.7GHz,2700.0,4x,4.0,20,1.8312987,1.7512388675,1.91606781,False
sunflow,Energy,2.7GHz,2700.0,5x,5.0,25,1.921289,1.7808318425000005,2.0742651249999997,False
sunflow,Energy,2.7GHz,2700.0,6x,6.0,30,1.948865,1.841599875,2.0576618799999995,False
sunflow,Time,400MHz,400.0,1x,1.0,5,5176.8,5076.1775,5294.41,False
sunflow,Time,400MHz,400.0,2x,2.0,10,2308.9,2201.3575,2450.7374999999997,False
sunflow,Time,400MHz,400.0,3x,3.0,15,2377.8,2254.3775,2507.115,False
sunflow,Time,400MHz,400.0,4x,4.0,20,2243.0,2178.3,2334.11,False
sunflow,Time,400MHz,400.0,5x,5.0,25,2327.2,2223.985,2449.3175,False
sunflow,Time,400MHz,400.0,6x,6.0,30,2303.3,2209.595,2419.4075,False
sunflow,Time,800MHz,800.0,1x,1.0,5,2569.6,2556.9975,2584.5,False
sunflow,Time,800MHz,800.0,2x,2.0,10,1201.2,1125.96,1283.8000000000002,False
sunflow,Time,800MHz,800.0,3x,3.0,15,1113.1,1056.9899999999998,1175.61,False
sunflow,Time,800MHz,800.0,4x,4.0,20,1171.1,1110.28,1241.62,False
sunflow,Time,800MHz,800.0,5x,5.0,25,1178.7,1103.3825,1242.6025,False
sunflow,Time,800MHz,800.0,6x,6.0,30,1179.6,1112.59,1248.305,False
sunflow,Time,1.2GHz,1200.0,1x,1.0,5,1723.1,1701.6975,1759.7025,False
sunflow,Time,1.2GHz,1200.0,2x,2.0,10,753.7,724.8,789.3050000000001,False
sunflow,Time,1.2GHz,1200.0,3x,3.0,15,759.6,716.0,811.01,False
sunflow,Time,1.2GHz,1200.0,4x,4.0,20,742.1,714.2,770.405,False
sunflow,Time,1.2GHz,1200.0,5x,5.0,25,791.7,744.3924999999999,840.31,False
sunflow,Time,1.2GHz,1200.0,6x,6.0,30,782.4,724.3924999999999,843.205,False
sunflow,Time,1.6GHz,1600.0,1x,1.0,5,1307.2,1279.8950000000002,1342.5,False
sunflow,Time,1.6GHz,1600.0,2x,2.0,10,607.4,576.5,639.7025,False
sunflow,Time,1.6GHz,1600.0,3x,3.0,15,581.4,540.195,628.0125,False
sunflow,Time,1.6GHz,1600.0,4x,4.0,20,566.0,534.5825,602.405,False
sunflow,Time,1.6GHz,1600.0,5x,5.0,25,579.7,553.8950000000001,608.8,False
sunflow,Time,1.6GHz,1600.0,6x,6.0,30,576.1,542.595,610.0025,False
sunflow,Time,2.0GHz,2000.0,1x,1.0,5,1064.3,1038.4,1093.8175,False
sunflow,Time,2.0GHz,2000.0,2x,2.0,10,480.5,450.59,510.0,False
sunflow,Time,2.0GHz,2000.0,3x,3.0,15,442.8,420.99,469.805,False
sunflow,Time,2.0GHz,2000.0,4x,4.0,20,480.1,444.9,516.0,False
sunflow,Time,2.0GHz,2000.0,5x,5.0,25,445.5,425.1975,472.21,False
sunflow,Time,2.0GHz,2000.0,6x,6.0,30,448.1,424.0975,477.505,False
sunflow,Time,2.4GHz,2400.0,1x,1.0,5,886.9,870.8975,905.2025,False
sunflow,Time,2.4GHz,2400.0,2x,2.0,10,366.3,354.6,378.3025,False
sunflow,Time,2.4GHz,2400.0,3x,3.0,15,379.1,357.395,401.405,False
sunflow,Time,2.4GHz,2400.0,4x,4.0,20,385.3,362.0975,410.005,False
sunflow,Time,2.4GHz,2400.0,5x,5.0,25,374.1,354.1925,399.4075,False
sunflow,Time,2.4GHz,2400.0,6x,6.0,30,361.7,341.5,385.5025,False
sunflow,Time,2.7GHz,2700.0,1x,1.0,5,786.9,776.7,804.0,False
sunflow,Time,2.7GHz,2700.0,2x,2.0,10,331.9,320.0,343.4025,True
sunflow,Time,2.7GHz,2700.0,3x,3.0,15,328.7,312.7,347.3025,True
sunflow,Time,2.7GHz,2700.0,4x,4.0,20,321.7,308.1975,338.3025,True
sunflow,Time,2.7GHz,2700.0,5x,5.0,25,335.9,312.3975,362.605,True
sunflow,Time,2.7GHz,2700.0,6x,6.0,30,341.7,322.985,363.0,True
sunflow,EDP,400MHz,400.0,1x,1.0,5,47.3853090684,45.22497832803249,49.81185318585499,False
sunflow,EDP,400MHz,400.0,2x,2.0,10,9.4444667488,8.518324065785,10.529292155187502,False
sunflow,EDP,400MHz,400.0,3x,3.0,15,10.0046884037,9.002825911815,11.0585278271475,False
sunflow,EDP,400MHz,400.0,4x,4.0,20,8.903187796300001,8.356304206030002,9.62764330634,False
sunflow,EDP,400MHz,400.0,5x,5.0,25,9.6004388155,8.756372706755,10.666887911115,False
sunflow,EDP,400MHz,400.0,6x,6.0,30,9.3732699828,8.596056022175002,10.2429684416925,False
sunflow,EDP,800MHz,800.0,1x,1.0,5,13.635103218,13.480108988165,13.85446629204,False
sunflow,EDP,800MHz,800.0,2x,2.0,10,3.0060083111,2.6407916074,3.4006531462574996,False
sunflow,EDP,800MHz,800.0,3x,3.0,15,2.5703723508,2.3287795017825,2.87600693571,False
sunflow,EDP,800MHz,800.0,4x,4.0,20,2.854647925400001,2.5516365770175,3.1747732089325,False
sunflow,EDP,800MHz,800.0,5x,5.0,25,2.8895137839,2.5508408422625,3.20742141785,False
sunflow,EDP,800MHz,800.0,6x,6.0,30,2.8915777917,2.5327651049349997,3.222760765399999,False
sunflow,EDP,1.2GHz,1200.0,1x,1.0,5,7.3166394411,7.13373569105,7.630837791877499,False
sunflow,EDP,1.2GHz,1200.0,2x,2.0,10,1.397979588,1.28402373262,1.54125680404,False
sunflow,EDP,1.2GHz,1200.0,3x,3.0,15,1.4324071616,1.2580687273700004,1.6059190001075,False
sunflow,EDP,1.2GHz,1200.0,4x,4.0,20,1.3540105209,1.246668621315,1.4712028164074995,False
sunflow,EDP,1.2GHz,1200.0,5x,5.0,25,1.5427757027,1.372285129045,1.71316119188,False
sunflow,EDP,1.2GHz,1200.0,6x,6.0,30,1.5180314246999995,1.2986581231600005,1.7704718208025,False
sunflow,EDP,1.6GHz,1600.0,1x,1.0,5,5.007795013,4.803348273495001,5.260851021374999,False
sunflow,EDP,1.6GHz,1600.0,2x,2.0,10,1.0722141438,0.96580727705,1.1698315138525,False
sunflow,EDP,1.6GHz,1600.0,3x,3.0,15,0.9984676007,0.8455076117650001,1.17440528353,False
sunflow,EDP,1.6GHz,1600.0,4x,4.0,20,0.9256327912,0.8186934704625,1.0409552799425,False
sunflow,EDP,1.6GHz,1600.0,5x,5.0,25,0.9749566463,0.8875949861475,1.0716961738375,False
sunflow,EDP,1.6GHz,1600.0,6x,6.0,30,0.9673559545,0.8430302737200002,1.081740715025,False
sunflow,EDP,2.0GHz,2000.0,1x,1.0,5,4.2693515172,4.0332050538125,4.517902913615,False
sunflow,EDP,2.0GHz,2000.0,2x,2.0,10,0.853167812,0.75033232387,0.9635314105,False
sunflow,EDP,2.0GHz,2000.0,3x,3.0,15,0.7272090311,0.6507292513624999,0.81943676784,True
sunflow,EDP,2.0GHz,2000.0,4x,4.0,20,0.8645973951,0.7492435314349999,0.9883397322575,False
sunflow,EDP,2.0GHz,2000.0,5x,5.0,25,0.7430378952000001,0.664968496135,0.8336282529999999,False
sunflow,EDP,2.0GHz,2000.0,6x,6.0,30,0.744055238,0.6597822901625,0.8361622993475001,False
sunflow,EDP,2.4GHz,2400.0,1x,1.0,5,3.7794110022,3.64521275809,3.9322685317899992,False
sunflow,EDP,2.4GHz,2400.0,2x,2.0,10,0.6383024936,0.5924338386275,0.6889701456925,True
sunflow,EDP,2.4GHz,2400.0,3x,3.0,15,0.6869195881000001,0.6117006360025001,0.7659478068375002,True
sunflow,EDP,2.4GHz,2400.0,4x,4.0,20,0.7091369028,0.6190245133774999,0.8043221029450001,True
sunflow,EDP,2.4GHz,2400.0,5x,5.0,25,0.6693364543,0.59478775069,0.7568546733425,True
sunflow,EDP,2.4GHz,2400.0,6x,6.0,30,0.6342500749,0.5594536430175,0.7216988789925,True
sunflow,EDP,2.7GHz,2700.0,1x,1.0,5,3.554346610600001,3.4535193318775,3.717826507202499,False
sunflow,EDP,2.7GHz,2700.0,2x,2.0,10,0.6263687704999998,0.5805849120349998,0.6707617123925,True
sunflow,EDP,2.7GHz,2700.0,3x,3.0,15,0.6233854964,0.5630588979825,0.6873586122925001,True
sunflow,EDP,2.7GHz,2700.0,4x,4.0,20,0.5926806521000001,0.5372028335524999,0.6540091152,True
sunflow,EDP,2.7GHz,2700.0,5x,5.0,25,0.653816198,0.5589989041774999,0.7534868268125,True
sunflow,EDP,2.7GHz,2700.0,6x,6.0,30,0.6712348109,0.600520137965,0.7524523151,True
sunflow,EDP2,400MHz,400.0,1x,1.0,5,434.5098049453318,403.5610836156536,467.22871673294304,False
sunflow,EDP2,400MHz,400.0,2x,2.0,10,38.933121006598356,33.20750046593938,45.93715664230885,False
sunflow,EDP2,400MHz,400.0,3x,3.0,15,42.3879055090877,36.20963931748677,49.1404451486108,False
sunflow,EDP2,400MHz,400.0,4x,4.0,20,35.458122398708596,32.279387360940994,39.911443105926736,False
sunflow,EDP2,400MHz,400.0,5x,5.0,25,39.864068698411856,34.42259111193354,46.83601426403549,False
sunflow,EDP2,400MHz,400.0,6x,6.0,30,38.35154750281462,33.56880078545639,44.40283195025104,False
sunflow,EDP2,800MHz,800.0,1x,1.0,5,72.36342607123811,71.03383849756872,73.94857068870893,False
sunflow,EDP2,800MHz,800.0,2x,2.0,10,7.59827180959886,6.235367571556694,9.036569435396528,False
sunflow,EDP2,800MHz,800.0,3x,3.0,15,5.975533110811286,5.176709331698128,7.008788305533662,False
sunflow,EDP2,800MHz,800.0,4x,4.0,20,7.013250291170597,5.948394465667463,8.239421878465214,False
sunflow,EDP2,800MHz,800.0,5x,5.0,25,7.135737851879609,6.089124354636119,8.3554200642966,False
sunflow,EDP2,800MHz,800.0,6x,6.0,30,7.148926713392993,5.97477943386284,8.378359611280514,False
sunflow,EDP2,1.2GHz,1200.0,1x,1.0,5,31.09737502774097,29.83749189449752,33.16579867713678,False
sunflow,EDP2,1.2GHz,1200.0,2x,2.0,10,2.606877246059386,2.3042909124183595,3.0033118041252007,False
sunflow,EDP2,1.2GHz,1200.0,3x,3.0,15,2.7297145050898184,2.2290909055730825,3.308917089873713,False
sunflow,EDP2,1.2GHz,1200.0,4x,4.0,20,2.481281104365567,2.1912111118350164,2.794959619180111,False
sunflow,EDP2,1.2GHz,1200.0,5x,5.0,25,3.0334569971918315,2.5099574863739,3.5682482730384764,False
sunflow,EDP2,1.2GHz,1200.0,6x,6.0,30,2.990910850791881,2.30519248557921,3.6964540550432186,False
sunflow,EDP2,1.6GHz,1600.0,1x,1.0,5,19.213726869516513,17.92854419048395,20.67877721461912,False
sunflow,EDP2,1.6GHz,1600.0,2x,2.0,10,1.904055969445708,1.6368831378833375,2.1840388914894184,False
sunflow,EDP2,1.6GHz,1600.0,3x,3.0,15,1.744457825240901,1.3571440127747574,2.168232512065586,False
sunflow,EDP2,1.6GHz,1600.0,4x,4.0,20,1.5285374173204949,1.2731200796738331,1.8221816632285912,False
sunflow,EDP2,1.6GHz,1600.0,5x,5.0,25,1.6499034872149507,1.4259638365939686,1.8869270900348336,False
sunflow,EDP2,1.6GHz,1600.0,6x,6.0,30,1.640228288270711,1.3696334744586138,1.927970319594279,False
sunflow,EDP2,2.0GHz,2000.0,1x,1.0,5,17.168058986670726,15.701240396204536,18.80198209999647,False
sunflow,EDP2,2.0GHz,2000.0,2x,2.0,10,1.5295925615013592,1.25242275387831,1.8106467916878644,True
sunflow,EDP2,2.0GHz,2000.0,3x,3.0,15,1.2050823948590184,1.014961628963612,1.4473785527409488,True
sunflow,EDP2,2.0GHz,2000.0,4x,4.0,20,1.575980040117558,1.2659765906222278,1.9259539710370717,True
sunflow,EDP2,2.0GHz,2000.0,5x,5.0,25,1.250240679352211,1.0435244937718902,1.4769265047458855,True
sunflow,EDP2,2.0GHz,2000.0,6x,6.0,30,1.2457957176807846,1.0445863041014505,1.477869834012825,True
sunflow,EDP2,2.4GHz,2400.0,1x,1.0,5,16.122232194149372,15.289173776624107,17.163743653432043,False
sunflow,EDP2,2.4GHz,2400.0,2x,2.0,10,1.1169320908682532,0.993329747387258,1.2545951596637943,True
sunflow,EDP2,2.4GHz,2400.0,3x,3.0,15,1.2561465709291535,1.0335370759459357,1.4664639108132875,True
sunflow,EDP2,2.4GHz,2400.0,4x,4.0,20,1.3198194413327138,1.0830229377310483,1.594818593478541,True
sunflow,EDP2,2.4GHz,2400.0,5x,5.0,25,1.208328656388661,1.0150132424066838,1.442665382974373,True
sunflow,EDP2,2.4GHz,2400.0,6x,6.0,30,1.126237330294234,0.914895740517412,1.4048678757560724,True
sunflow,EDP2,2.7GHz,2700.0,1x,1.0,5,16.07257811449471,15.353843025784272,17.20118025054175,False
sunflow,EDP2,2.7GHz,2700.0,2x,2.0,10,1.1857767318732069,1.0623730416486508,1.3032475954194425,True
sunflow,EDP2,2.7GHz,2700.0,3x,3.0,15,1.1908441497440037,1.0142960170475968,1.3869852676390844,True
sunflow,EDP2,2.7GHz,2700.0,4x,4.0,20,1.0985247989317624,0.9372064935886082,1.2716104566905542,True
sunflow,EDP2,2.7GHz,2700.0,5x,5.0,25,1.2905062726544716,1.00893378018512,1.6139107998847038,True
sunflow,EDP2,2.7GHz,2700.0,6x,6.0,30,1.3290513970071451,1.1191003658651075,1.567594163969778,True
xalan,Energy,400MHz,400.0,1x,1.0,5,4.161108499999999,4.011786775,4.3040020775,False
xalan,Energy,400MHz,400.0,2x,2.0,10,2.2766784,2.127007185,2.4198758075,False
xalan,Energy,400MHz,400.0,3x,3.0,15,2.4067567,2.2594474325,2.5362210975000004,False
xalan,Energy,400MHz,400.0,4x,4.0,20,2.4126831,2.2712151025,2.5499535024999997,False
xalan,Energy,400MHz,400.0,5x,5.0,25,2.3319640999999995,2.14139592,2.5036187150000004,False
xalan,Energy,400MHz,400.0,6x,6.0,30,2.3693909,2.2291998625,2.49834626,False
xalan,Energy,800MHz,800.0,1x,1.0,5,2.4741515,2.3509370200000004,2.6236562125,False
xalan,Energy,800MHz,800.0,2x,2.0,10,1.4399414,1.30932538,1.5901908025000002,False
xalan,Energy,800MHz,800.0,3x,3.0,15,1.3650755,1.2897428925,1.423364255,False
xalan,Energy,800MHz,800.0,4x,4.0,20,1.421637,1.3238992475,1.524805265,False
xalan,Energy,800MHz,800.0,5x,5.0,25,1.3872436,1.3047951625000005,1.457607255,False
xalan,Energy,800MHz,800.0,6x,6.0,30,1.3609008,1.271754925,1.4553994175,False
xalan,Energy,1.2GHz,1200.0,1x,1.0,5,1.9399476000000004,1.8622623425,2.0217684075,False
xalan,Energy,1.2GHz,1200.0,2x,2.0,10,1.0630309,0.9961548,1.13497503,True
xalan,Energy,1.2GHz,1200.0,3x,3.0,15,1.0883241,1.0154769025,1.1617539975,True
xalan,Energy,1.2GHz,1200.0,4x,4.0,20,1.1077027999999998,1.04119051,1.1801392999999998,False
xalan,Energy,1.2GHz,1200.0,5x,5.0,25,1.0639466,1.006413365,1.1214814625000002,True
xalan,Energy,1.2GHz,1200.0,6x,6.0,30,1.1360536,1.0757272424999995,1.1920578975,False
xalan,Energy,1.6GHz,1600.0,1x,1.0,5,1.9502868,1.7277756799999997,2.33365112,False
xalan,Energy,1.6GHz,1600.0,2x,2.0,10,0.9918028,0.930168685,1.056874035,True
xalan,Energy,1.6GHz,1600.0,3x,3.0,15,1.0205018,0.9585129200000002,1.0799452775,True
xalan,Energy,1.6GHz,1600.0,4x,4.0,20,0.9615723,0.8930801274999999,1.0330818825,True
xalan,Energy,1.6GHz,1600.0,5x,5.0,25,1.0068482,0.95938841,1.0489818225000005,True
xalan,Energy,1.6GHz,1600.0,6x,6.0,30,0.9652527,0.908677215,1.0187171625,True
xalan,Energy,2.0GHz,2000.0,1x,1.0,5,1.8737427,1.8288443825,1.925306725,False
xalan,Energy,2.0GHz,2000.0,2x,2.0,10,1.0277771,0.98234158,1.0729762424999998,True
xalan,Energy,2.0GHz,2000.0,3x,3.0,15,1.0511537,0.9828213825,1.1063397775,True
xalan,Energy,2.0GHz,2000.0,4x,4.0,20,1.0296387,0.97512113,1.077973365,True
xalan,Energy,2.0GHz,2000.0,5x,5.0,25,1.0415284,0.9868365725,1.092531995,True
xalan,Energy,2.0GHz,2000.0,6x,6.0,30,1.0465394,0.992313405,1.085280745,True
xalan,Energy,2.4GHz,2400.0,1x,1.0,5,2.0084656,1.92161686,2.1010475724999997,False
xalan,Energy,2.4GHz,2400.0,2x,2.0,10,1.1334472999999998,1.1054809425,1.1642790074999996,False
xalan,Energy,2.4GHz,2400.0,3x,3.0,15,1.0845398,1.0402553475000005,1.124635795,False
xalan,Energy,2.4GHz,2400.0,4x,4.0,20,1.0662107,1.0157319450000002,1.1228110475,True
xalan,Energy,2.4GHz,2400.0,5x,5.0,25,1.0995239,1.0355935175,1.15452322,False
xalan,Energy,2.4GHz,2400.0,6x,6.0,30,1.0448121999999995,0.9881201549999998,1.0952623825,True
xalan,Energy,2.7GHz,2700.0,1x,1.0,5,2.2377622999999995,2.1287987274999995,2.352708285,False
xalan,Energy,2.7GHz,2700.0,2x,2.0,10,1.1515745000000002,1.0859788224999998,1.21304579,False
xalan,Energy,2.7GHz,2700.0,3x,3.0,15,1.1610415,1.09619038,1.216931975,False
xalan,Energy,2.7GHz,2700.0,4x,4.0,20,1.1912414999999998,1.1626062325000002,1.226145525,False
xalan,Energy,2.7GHz,2700.0,5x,5.0,25,1.1735107,1.11259577,1.23351318,False
xalan,Energy,2.7GHz,2700.0,6x,6.0,30,1.156482,1.09802381,1.2076510699999998,False
xalan,Time,400MHz,400.0,1x,1.0,5,2298.7,2224.1874999999995,2379.4049999999997,False
xalan,Time,400MHz,400.0,2x,2.0,10,1260.5,1177.89,1352.9325,False
xalan,Time,400MHz,400.0,3x,3.0,15,1329.1,1235.09,1404.505,False
xalan,Time,400MHz,400.0,4x,4.0,20,1330.1,1251.2225,1404.4025,False
xalan,Time,400MHz,400.0,5x,5.0,25,1284.0,1186.0949999999998,1376.4,False
xalan,Time,400MHz,400.0,6x,6.0,30,1311.8,1232.275,1384.81,False
xalan,Time,800MHz,800.0,1x,1.0,5,1180.3,1129.5875,1242.0225,False
xalan,Time,800MHz,800.0,2x,2.0,10,650.9,604.2950000000001,700.8074999999999,False
xalan,Time,800MHz,800.0,3x,3.0,15,645.1,606.59,674.7075,False
xalan,Time,800MHz,800.0,4x,4.0,20,653.3,620.0999999999999,681.805,False
xalan,Time,800MHz,800.0,5x,5.0,25,662.3,619.9000000000001,698.0,False
xalan,Time,800MHz,800.0,6x,6.0,30,647.9,604.595,688.3199999999999,False
xalan,Time,1.2GHz,1200.0,1x,1.0,5,784.4,751.595,818.02,False
xalan,Time,1.2GHz,1200.0,2x,2.0,10,417.9,392.395,446.71,False
xalan,Time,1.2GHz,1200.0,3x,3.0,15,425.6,399.2975,450.9,False
xalan,Time,1.2GHz,1200.0,4x,4.0,20,420.2,400.8,440.5,False
xalan,Time,1.2GHz,1200.0,5x,5.0,25,424.8,399.0925,449.4,False
xalan,Time,1.2GHz,1200.0,6x,6.0,30,447.1,424.6,466.5025,False
xalan,Time,1.6GHz,1600.0,1x,1.0,5,700.0,584.6,917.6,False
xalan,Time,1.6GHz,1600.0,2x,2.0,10,326.7,308.0975,346.5075,False
xalan,Time,1.6GHz,1600.0,3x,3.0,15,331.1,313.6975,349.4025,False
xalan,Time,1.6GHz,1600.0,4x,4.0,20,317.5,296.2,340.005,False
xalan,Time,1.6GHz,1600.0,5x,5.0,25,333.3,319.595,345.9025,False
xalan,Time,1.6GHz,1600.0,6x,6.0,30,324.0,304.6975,343.5025,False
xalan,Time,2.0GHz,2000.0,1x,1.0,5,490.1,478.9975,500.1,False
xalan,Time,2.0GHz,2000.0,2x,2.0,10,265.8,253.995,277.705,False
xalan,Time,2.0GHz,2000.0,3x,3.0,15,270.9,253.495,284.4025,False
xalan,Time,2.0GHz,2000.0,4x,4.0,20,265.5,252.9975,277.705,False
xalan,Time,2.0GHz,2000.0,5x,5.0,25,269.5,255.5,283.2,False
xalan,Time,2.0GHz,2000.0,6x,6.0,30,274.7,259.195,285.8,False
xalan,Time,2.4GHz,2400.0,1x,1.0,5,418.2,400.9,437.8225,False
xalan,Time,2.4GHz,2400.0,2x,2.0,10,233.5,225.7,240.3025,False
xalan,Time,2.4GHz,2400.0,3x,3.0,15,223.4,213.7,233.3,False
xalan,Time,2.4GHz,2400.0,4x,4.0,20,220.4,209.2,231.6025,True
xalan,Time,2.4GHz,2400.0,5x,5.0,25,226.9,213.9975,238.0025,False
xalan,Time,2.4GHz,2400.0,6x,6.0,30,217.3,205.4975,228.2,True
xalan,Time,2.7GHz,2700.0,1x,1.0,5,392.4,375.3,412.91,False
xalan,Time,2.7GHz,2700.0,2x,2.0,10,199.1,189.2,209.605,True
xalan,Time,2.7GHz,2700.0,3x,3.0,15,202.3,191.3975,212.7,True
xalan,Time,2.7GHz,2700.0,4x,4.0,20,207.4,201.9975,213.0025,True
xalan,Time,2.7GHz,2700.0,5x,5.0,25,204.5,194.2975,214.8025,True
xalan,Time,2.7GHz,2700.0,6x,6.0,30,200.8,190.7,210.1,True
xalan,EDP,400MHz,400.0,1x,1.0,5,9.5968254782,8.91257156044,10.3257447608475,False
xalan,EDP,400MHz,400.0,2x,2.0,10,2.9037208486,2.5370522533874995,3.2528037467999997,False
xalan,EDP,400MHz,400.0,3x,3.0,15,3.2298351067,2.8603528768924997,3.5760473560749997,False
xalan,EDP,400MHz,400.0,4x,4.0,20,3.2363741731000006,2.86627469503,3.5632728509875005,False
xalan,EDP,400MHz,400.0,5x,5.0,25,3.0383272902000003,2.573545793885,3.47932326432,False
xalan,EDP,400MHz,400.0,6x,6.0,30,3.1345377479000005,2.7661632095925,3.46100280474,False
xalan,EDP,800MHz,800.0,1x,1.0,5,2.9406073627000007,2.65094716383,3.297267983295,False
xalan,EDP,800MHz,800.0,2x,2.0,10,0.9529270821,0.806019008075,1.13513782135,False
xalan,EDP,800MHz,800.0,3x,3.0,15,0.8867266974,0.7946231523275,0.95952752305,False
xalan,EDP,800MHz,800.0,4x,4.0,20,0.9350347761000002,0.8268393865150001,1.0313090643300002,False
xalan,EDP,800MHz,800.0,5x,5.0,25,0.9267939341000002,0.8199341027425,1.027513034385,False
xalan,EDP,800MHz,800.0,6x,6.0,30,0.8915535821999999,0.777025158025,0.999425752525,False
xalan,EDP,1.2GHz,1200.0,1x,1.0,5,1.5284973196,1.394750520905,1.6562218673050002,False
xalan,EDP,1.2GHz,1200.0,2x,2.0,10,0.4494579193,0.3908098287375,0.5116248237275,False
xalan,EDP,1.2GHz,1200.0,3x,3.0,15,0.4678350656,0.4117532793,0.524326620195,False
xalan,EDP,1.2GHz,1200.0,4x,4.0,20,0.4668674852,0.4284566637,0.5065583047875,False
xalan,EDP,1.2GHz,1200.0,5x,5.0,25,0.4558915601,0.40663344898,0.5071506678,False
xalan,EDP,1.2GHz,1200.0,6x,6.0,30,0.5111606958999999,0.460383569155,0.5581815782599999,False
xalan,EDP,1.6GHz,1600.0,1x,1.0,5,1.5453679202,1.0101907337699998,2.5606861037774995,False
xalan,EDP,1.6GHz,1600.0,2x,2.0,10,0.3273100765,0.2882143656575,0.3711040607275,False
xalan,EDP,1.6GHz,1600.0,3x,3.0,15,0.3403826505999999,0.3028854128575,0.3756370416149999,False
xalan,EDP,1.6GHz,1600.0,4x,4.0,20,0.3094557164,0.26562559212,0.3568990267399999,False
xalan,EDP,1.6GHz,1600.0,5x,5.0,25,0.3369492755,0.307516740835,0.3612826648225,False
xalan,EDP,1.6GHz,1600.0,6x,6.0,30,0.315449843,0.2794191523925,0.350473994425,False
xalan,EDP,2.0GHz,2000.0,1x,1.0,5,0.9194843075,0.8796150186875001,0.963461873525,False
xalan,EDP,2.0GHz,2000.0,2x,2.0,10,0.2745085027999999,0.25049478995,0.2997100871574999,False
xalan,EDP,2.0GHz,2000.0,3x,3.0,15,0.2871831217,0.25182104389,0.3145889860924999,False
xalan,EDP,2.0GHz,2000.0,4x,4.0,20,0.2749228447999999,0.248905682895,0.2982731072149999,True
xalan,EDP,2.0GHz,2000.0,5x,5.0,25,0.2826141555,0.254334130725,0.3064133567525,False
xalan,EDP,2.0GHz,2000.0,6x,6.0,30,0.2892310264,0.2605384911325,0.3103828965175,False
xalan,EDP,2.4GHz,2400.0,1x,1.0,5,0.8440332180000001,0.773961778025,0.91541505219,False
xalan,EDP,2.4GHz,2400.0,2x,2.0,10,0.2652090957,0.250074993105,0.279235773565,True
xalan,EDP,2.4GHz,2400.0,3x,3.0,15,0.2434443324,0.223470955035,0.2634124929975,True
xalan,EDP,2.4GHz,2400.0,4x,4.0,20,0.2366113964,0.2118855637824999,0.259762365175,True
xalan,EDP,2.4GHz,2400.0,5x,5.0,25,0.2513402841,0.22500784939,0.27622592308,True
xalan,EDP,2.4GHz,2400.0,6x,6.0,30,0.2286727948999999,0.2054868098799999,0.2504836895325,True
xalan,EDP,2.7GHz,2700.0,1x,1.0,5,0.8832597414000001,0.8019972347900001,0.967748292325,False
xalan,EDP,2.7GHz,2700.0,2x,2.0,10,0.2309510872999999,0.2049785729549999,0.2536737871675,True
xalan,EDP,2.7GHz,2700.0,3x,3.0,15,0.2365685417,0.2106215626349999,0.2608002501849999,True
xalan,EDP,2.7GHz,2700.0,4x,4.0,20,0.2475073451,0.2350736077725,0.2614495834749999,True
xalan,EDP,2.7GHz,2700.0,5x,5.0,25,0.2415337047,0.2179859057625,0.2631899774675,True
xalan,EDP,2.7GHz,2700.0,6x,6.0,30,0.2336153742,0.212193911905,0.25427553229,True
xalan,EDP2,400MHz,400.0,1x,1.0,5,40.20325870941098,35.989648431432656,44.51623014838767,False
xalan,EDP2,400MHz,400.0,2x,2.0,10,6.764481014111631,5.459541266663213,8.267916527945598,False
xalan,EDP2,400MHz,400.0,3x,3.0,15,7.915616482616254,6.583764310490978,9.239566143614867,False
xalan,EDP2,400MHz,400.0,4x,4.0,20,7.937995815165213,6.598669447100857,9.081336584805696,False
xalan,EDP2,400MHz,400.0,5x,5.0,25,7.287231579655514,5.722968578854658,8.769884785450262,False
xalan,EDP2,400MHz,400.0,6x,6.0,30,7.548038783470206,6.2718717891703735,8.625588423577364,False
xalan,EDP2,800MHz,800.0,1x,1.0,5,7.389089831446974,6.2169749461598025,8.682474414937664,False
xalan,EDP2,800MHz,800.0,2x,2.0,10,1.4330273522344403,1.069244867183778,1.8654358733582763,False
xalan,EDP2,800MHz,800.0,3x,3.0,15,1.2258210362653874,1.04546928177678,1.3758949058919516,False
xalan,EDP2,800MHz,800.0,4x,4.0,20,1.3563810718381937,1.1267448693637074,1.6206438656982394,False
xalan,EDP2,800MHz,800.0,5x,5.0,25,1.3073621042761316,1.0741791822350053,1.5023873822949616,False
xalan,EDP2,800MHz,800.0,6x,6.0,30,1.240128493692957,1.006879471629395,1.4769600722874108,False
xalan,EDP2,1.2GHz,1200.0,1x,1.0,5,2.9911545351935303,2.6391944284218702,3.3573220853818264,False
xalan,EDP2,1.2GHz,1200.0,2x,2.0,10,0.4893430661484174,0.3938442226205104,0.6063271865807776,False
xalan,EDP2,1.2GHz,1200.0,3x,3.0,15,0.5198574017592996,0.4247714148769472,0.617280165651555,False
xalan,EDP2,1.2GHz,1200.0,4x,4.0,20,0.5234082401424238,0.4496064071169441,0.5982813374976143,False
xalan,EDP2,1.2GHz,1200.0,5x,5.0,25,0.4931818241160359,0.4086416611577734,0.5716346623557421,False
xalan,EDP2,1.2GHz,1200.0,6x,6.0,30,0.5882710122372353,0.5054669881567597,0.6706741550512336,False
xalan,EDP2,1.6GHz,1600.0,1x,1.0,5,3.860616485638426,1.7417214966984478,7.949795216789216,False
xalan,EDP2,1.6GHz,1600.0,2x,2.0,10,0.3311742322494369,0.2740680386543522,0.399017261924383,True
xalan,EDP2,1.6GHz,1600.0,3x,3.0,15,0.3528264050055052,0.3000336307163883,0.4064041571510854,False
xalan,EDP2,1.6GHz,1600.0,4x,4.0,20,0.3058375455574497,0.2406749703578008,0.3699306468299599,True
xalan,EDP2,1.6GHz,1600.0,5x,5.0,25,0.3420937749775613,0.3010049723132179,0.37845654735166,False
xalan,EDP2,1.6GHz,1600.0,6x,6.0,30,0.309493886700821,0.2592170897193583,0.3558607545567595,True
xalan,EDP2,2.0GHz,2000.0,1x,1.0,5,1.7281552984576525,1.6144756938848166,1.8528562296811728,False
xalan,EDP2,2.0GHz,2000.0,2x,2.0,10,0.2850291104408072,0.2482237702960824,0.3245048648378191,True
xalan,EDP2,2.0GHz,2000.0,3x,3.0,15,0.3067795268125485,0.2592407069255626,0.3491336335159148,True
xalan,EDP2,2.0GHz,2000.0,4x,4.0,20,0.2863944543852894,0.2443709858037594,0.3237706871745023,True
xalan,EDP2,2.0GHz,2000.0,5x,5.0,25,0.2982715309621325,0.2562407184707694,0.3371296739230124,True
xalan,EDP2,2.0GHz,2000.0,6x,6.0,30,0.3059852027837544,0.2648258565955155,0.3372855746595189,True
xalan,EDP2,2.4GHz,2400.0,1x,1.0,5,1.7122379189025403,1.5065539884894137,1.9335273431613804,False
xalan,EDP2,2.4GHz,2400.0,2x,2.0,10,0.3017935864376663,0.2789002348202919,0.3267692600428509,False
xalan,EDP2,2.4GHz,2400.0,3x,3.0,15,0.2664279912117168,0.2332199135132882,0.29891174761453,True
xalan,EDP2,2.4GHz,2400.0,4x,4.0,20,0.2556676922684388,0.2210204019174155,0.2948108889735009,True
xalan,EDP2,2.4GHz,2400.0,5x,5.0,25,0.2802968215854864,0.2398027425384472,0.3217450582623202,True
xalan,EDP2,2.4GHz,2400.0,6x,6.0,30,0.2422440906993691,0.2055384576856132,0.2775114089583069,True
xalan,EDP2,2.7GHz,2700.0,1x,1.0,5,1.9999688252291392,1.729006733536144,2.3047134464435226,False
xalan,EDP2,2.7GHz,2700.0,2x,2.0,10,0.2699554975083852,0.2262033803724977,0.3136250621474303,True
xalan,EDP2,2.7GHz,2700.0,3x,3.0,15,0.2785435511432689,0.2318590978597415,0.3196858731078894,True
xalan,EDP2,2.7GHz,2700.0,4x,4.0,20,0.2959818428167065,0.2742865200796043,0.3224868696884579,True
xalan,EDP2,2.7GHz,2700.0,5x,5.0,25,0.2871427841589212,0.244137321660734,0.3259119218179108,True
xalan,EDP2,2.7GHz,2700.0,6x,6.0,30,0.2732962388069856,0.2372643750345172,0.3086617040986977,True
zxing,Energy,400MHz,400.0,1x,1.0,5,6.772784199999999,6.1453277150000005,7.746327179999999,False
zxing,Energy,400MHz,400.0,2x,2.0,10,4.314269999999999,4.015010087499999,4.677474855000001,False
zxing,Energy,400MHz,400.0,3x,3.0,15,4.3177246,3.9951969825,4.71649489,False
zxing,Energy,400MHz,400.0,4x,4.0,20,4.0410520000000005,3.8708432,4.2243238775,False
zxing,Energy,400MHz,400.0,5x,5.0,25,4.231323099999999,3.8692800825,4.7285422824999985,False
zxing,Energy,400MHz,400.0,6x,6.0,30,4.0652465,3.8795656775,4.301693987499999,False
zxing,Energy,800MHz,800.0,1x,1.0,5,3.7330139,3.5942943775,3.9307710724999994,False
zxing,Energy,800MHz,800.0,2x,2.0,10,2.3541321,2.27279134,2.4421792850000004,False
zxing,Energy,800MHz,800.0,3x,3.0,15,2.8945619,2.4859994275,3.32042688,False
zxing,Energy,800MHz,800.0,4x,4.0,20,2.5092529999999997,2.3455927875,2.73770464,False
zxing,Energy,800MHz,800.0,5x,5.0,25,2.4736938,2.3240700175,2.6511280375,False
zxing,Energy,800MHz,800.0,6x,6.0,30,2.5459655,2.2413901675,2.957077552499999,False
zxing,Energy,1.2GHz,1200.0,1x,1.0,5,3.0950074,2.9909837199999996,3.2295015650000005,False
zxing,Energy,1.2GHz,1200.0,2x,2.0,10,1.9996277,1.8347904900000005,2.2092762824999994,True
zxing,Energy,1.2GHz,1200.0,3x,3.0,15,1.8478574,1.7825006975,1.922999685,True
zxing,Energy,1.2GHz,1200.0,4x,4.0,20,1.9767946,1.77761774,2.2964568125,True
zxing,Energy,1.2GHz,1200.0,5x,5.0,25,2.1892335,1.9418091,2.51233872,True
zxing,Energy,1.2GHz,1200.0,6x,6.0,30,2.0637147,1.8497513375,2.3175368300000003,True
zxing,Energy,1.6GHz,1600.0,1x,1.0,5,2.4183654,2.3653689924999997,2.4806062549999996,False
zxing,Energy,1.6GHz,1600.0,2x,2.0,10,1.7377625,1.56862765,1.95667328,True
zxing,Energy,1.6GHz,1600.0,3x,3.0,15,1.811493,1.6150145075000002,2.0707352675,True
zxing,Energy,1.6GHz,1600.0,4x,4.0,20,2.0369265,1.7588679850000002,2.3308391349999997,True
zxing,Energy,1.6GHz,1600.0,5x,5.0,25,2.0112734,1.7034770575000002,2.33317586,True
zxing,Energy,1.6GHz,1600.0,6x,6.0,30,1.9775636,1.6775593749999995,2.2884147675,True
zxing,Energy,2.0GHz,2000.0,1x,1.0,5,2.9101135000000005,2.6569221525000004,3.2094732625000004,False
zxing,Energy,2.0GHz,2000.0,2x,2.0,10,1.9723998,1.68773879,2.3001195725,True
zxing,Energy,2.0GHz,2000.0,3x,3.0,15,2.2276,1.9009946,2.55661322,True
zxing,Energy,2.0GHz,2000.0,4x,4.0,20,1.8569458,1.6348448775000004,2.1186634025,True
zxing,Energy,2.0GHz,2000.0,5x,5.0,25,1.9398194,1.7302985,2.2028367025,True
zxing,Energy,2.0GHz,2000.0,6x,6.0,30,1.8990296,1.7351469224999998,2.0901154175000003,True
zxing,Energy,2.4GHz,2400.0,1x,1.0,5,2.8955627,2.742343925,3.045909245,False
zxing,Energy,2.4GHz,2400.0,2x,2.0,10,1.8631228,1.6760053075,2.1503616975,True
zxing,Energy,2.4GHz,2400.0,3x,3.0,15,2.3971922,2.02867809,2.755097882499999,False
zxing,Energy,2.4GHz,2400.0,4x,4.0,20,2.1075805,1.886324275,2.3388716499999997,True
zxing,Energy,2.4GHz,2400.0,5x,5.0,25,2.1213132999999997,1.8113559999999995,2.5288209625,True
zxing,Energy,2.4GHz,2400.0,6x,6.0,30,2.1026429,1.80899737,2.393480915,True
zxing,Energy,2.7GHz,2700.0,1x,1.0,5,3.1837648,2.9565224975,3.389971405,False
zxing,Energy,2.7GHz,2700.0,2x,2.0,10,2.2556703,2.0879125924999995,2.4830215575000003,False
zxing,Energy,2.7GHz,2700.0,3x,3.0,15,2.0540833,1.81947283,2.3826545649999997,True
zxing,Energy,2.7GHz,2700.0,4x,4.0,20,2.4019654,2.0404488725000003,2.7829824975,False
zxing,Energy,2.7GHz,2700.0,5x,5.0,25,2.1701354000000004,1.96784294,2.42260106,False
zxing,Energy,2.7GHz,2700.0,6x,6.0,30,2.3717832999999997,2.0295521250000004,2.7677122475,False
zxing,Time,400MHz,400.0,1x,1.0,5,3774.2,3503.5575000000003,4194.92,False
zxing,Time,400MHz,400.0,2x,2.0,10,2434.8,2266.785,2656.495,False
zxing,Time,400MHz,400.0,3x,3.0,15,2449.6,2259.3925,2698.565,False
zxing,Time,400MHz,400.0,4x,4.0,20,2299.0,2204.5950000000003,2402.015,False
zxing,Time,400MHz,400.0,5x,5.0,25,2395.8,2194.5899999999997,2662.52,False
zxing,Time,400MHz,400.0,6x,6.0,30,2297.0,2195.0975,2412.82,False
zxing,Time,800MHz,800.0,1x,1.0,5,1821.2,1756.6950000000002,1901.2025,False
zxing,Time,800MHz,800.0,2x,2.0,10,1156.5,1118.8925,1206.315,False
zxing,Time,800MHz,800.0,3x,3.0,15,1406.2,1205.55,1628.4,False
zxing,Time,800MHz,800.0,4x,4.0,20,1224.4,1145.785,1342.245,False
zxing,Time,800MHz,800.0,5x,5.0,25,1204.8,1130.2875,1287.0175000000002,False
zxing,Time,800MHz,800.0,6x,6.0,30,1245.0,1095.1925,1433.2175,False
zxing,Time,1.2GHz,1200.0,1x,1.0,5,1266.7,1217.9975,1317.8025,False
zxing,Time,1.2GHz,1200.0,2x,2.0,10,832.4,762.095,928.805,False
zxing,Time,1.2GHz,1200.0,3x,3.0,15,766.7,740.8,794.21,False
zxing,Time,1.2GHz,1200.0,4x,4.0,20,821.4,740.1975,951.005,False
zxing,Time,1.2GHz,1200.0,5x,5.0,25,901.4,794.0625,1027.6625,False
zxing,Time,1.2GHz,1200.0,6x,6.0,30,857.5,767.795,977.9125,False
zxing,Time,1.6GHz,1600.0,1x,1.0,5,847.2,830.5875000000001,865.61,False
zxing,Time,1.6GHz,1600.0,2x,2.0,10,616.5,560.9975,692.8149999999999,False
zxing,Time,1.6GHz,1600.0,3x,3.0,15,647.0,575.4550000000002,736.0025,False
zxing,Time,1.6GHz,1600.0,4x,4.0,20,719.1,628.2950000000001,821.7025,False
zxing,Time,1.6GHz,1600.0,5x,5.0,25,716.9,605.575,823.3,False
zxing,Time,1.6GHz,1600.0,6x,6.0,30,699.1,588.8925,800.01,False
zxing,Time,2.0GHz,2000.0,1x,1.0,5,796.0,726.4,875.325,False
zxing,Time,2.0GHz,2000.0,2x,2.0,10,548.6,467.8925,643.7175,False
zxing,Time,2.0GHz,2000.0,3x,3.0,15,620.8,539.1925000000001,711.8274999999999,False
zxing,Time,2.0GHz,2000.0,4x,4.0,20,517.7,452.4975,594.6,False
zxing,Time,2.0GHz,2000.0,5x,5.0,25,538.5,484.6675,600.4,False
zxing,Time,2.0GHz,2000.0,6x,6.0,30,523.9,474.375,579.015,False
zxing,Time,2.4GHz,2400.0,1x,1.0,5,621.1,589.7975,655.2025000000001,False
zxing,Time,2.4GHz,2400.0,2x,2.0,10,404.6,364.5975,466.4075,True
zxing,Time,2.4GHz,2400.0,3x,3.0,15,513.6,440.5975,588.81,False
zxing,Time,2.4GHz,2400.0,4x,4.0,20,456.8,411.19,505.2025,True
zxing,Time,2.4GHz,2400.0,5x,5.0,25,460.8,393.6975,543.4075,True
zxing,Time,2.4GHz,2400.0,6x,6.0,30,456.8,396.8825,515.905,True
zxing,Time,2.7GHz,2700.0,1x,1.0,5,574.5,535.8925,612.0025,False
zxing,Time,2.7GHz,2700.0,2x,2.0,10,408.7,377.6,449.1025,True
zxing,Time,2.7GHz,2700.0,3x,3.0,15,370.6,328.8975,433.1,True
zxing,Time,2.7GHz,2700.0,4x,4.0,20,434.1,368.8,502.4025,True
zxing,Time,2.7GHz,2700.0,5x,5.0,25,394.8,358.9975,444.7125,True
zxing,Time,2.7GHz,2700.0,6x,6.0,30,429.7,367.19,498.3025,True
zxing,EDP,400MHz,400.0,1x,1.0,5,26.386698341,21.5286459498525,34.2851449200075,False
zxing,EDP,400MHz,400.0,2x,2.0,10,10.671715658599998,9.209194951070002,12.713011035835,False
zxing,EDP,400MHz,400.0,3x,3.0,15,10.7748329122,9.02832948114,12.990376686824998,False
zxing,EDP,400MHz,400.0,4x,4.0,20,9.3363020546,8.6005253202,10.148739027612502,False
zxing,EDP,400MHz,400.0,5x,5.0,25,10.3966066107,8.5835641225625,13.143258870579997,False
zxing,EDP,400MHz,400.0,6x,6.0,30,9.3963211905,8.5138805533775,10.4379394294,False
zxing,EDP,800MHz,800.0,1x,1.0,5,6.8295334267,6.335542902035001,7.527824783252499,False
zxing,EDP,800MHz,800.0,2x,2.0,10,2.7331454924,2.5331725027474996,2.9674341097099997,False
zxing,EDP,800MHz,800.0,3x,3.0,15,4.293768677599999,3.0561457972475,5.506308798295,False
zxing,EDP,800MHz,800.0,4x,4.0,20,3.1245209876,2.6983688019575003,3.7750058161000006,False
zxing,EDP,800MHz,800.0,5x,5.0,25,3.0167657259999996,2.630729686025,3.4808892446999997,False
zxing,EDP,800MHz,800.0,6x,6.0,30,3.3246610648,2.4477470890724997,4.458571951799999,False
zxing,EDP,1.2GHz,1200.0,1x,1.0,5,3.9360922431,3.63966251008,4.2582832449075,False
zxing,EDP,1.2GHz,1200.0,2x,2.0,10,1.7099316412,1.4224603718625002,2.146171427325,False
zxing,EDP,1.2GHz,1200.0,3x,3.0,15,1.4218155956999998,1.3175719548125,1.5352491441374998,False
zxing,EDP,1.2GHz,1200.0,4x,4.0,20,1.7108948535000004,1.3211821850675,2.4133906966425,False
zxing,EDP,1.2GHz,1200.0,5x,5.0,25,2.0605907287000003,1.5425995982749998,2.7259935747974997,False
zxing,EDP,1.2GHz,1200.0,6x,6.0,30,1.8401318181999995,1.4160724737675,2.4215902560725,False
zxing,EDP,1.6GHz,1600.0,1x,1.0,5,2.0514585566,1.966155373895,2.1431631272824996,False
zxing,EDP,1.6GHz,1600.0,2x,2.0,10,1.1069613603,0.8826611305500002,1.4239372523624998,True
zxing,EDP,1.6GHz,1600.0,3x,3.0,15,1.2206450361,0.94297404301,1.5705213108024996,True
zxing,EDP,1.6GHz,1600.0,4x,4.0,20,1.5384001455,1.1472492763075002,2.024548429785,False
zxing,EDP,1.6GHz,1600.0,5x,5.0,25,1.5332634382,1.053538674265,1.99985939447,True
zxing,EDP,1.6GHz,1600.0,6x,6.0,30,1.4714317451,1.0474291071325,1.958118604325,True
zxing,EDP,2.0GHz,2000.0,1x,1.0,5,2.369222877,1.96939823361,2.8727207752375006,False
zxing,EDP,2.0GHz,2000.0,2x,2.0,10,1.1537396569,0.8175476264625,1.5963064289700002,True
zxing,EDP,2.0GHz,2000.0,3x,3.0,15,1.4601454862,1.0526422500175,1.8513434276525005,True
zxing,EDP,2.0GHz,2000.0,4x,4.0,20,1.0078303714,0.7392631837125001,1.3357952220949996,True
zxing,EDP,2.0GHz,2000.0,5x,5.0,25,1.0810201142,0.8532233769900001,1.359761493455,True
zxing,EDP,2.0GHz,2000.0,6x,6.0,30,1.0206870147,0.8284460139650001,1.2418448530925,True
zxing,EDP,2.4GHz,2400.0,1x,1.0,5,1.8114615563,1.62576648229,2.01624095301,False
zxing,EDP,2.4GHz,2400.0,2x,2.0,10,0.7947906986000001,0.6098509692449999,1.1070586619749998,True
zxing,EDP,2.4GHz,2400.0,3x,3.0,15,1.304884096,0.9427383693225,1.7071635160249998,True
zxing,EDP,2.4GHz,2400.0,4x,4.0,20,0.9915787986,0.7796147856600001,1.21970303731,True
zxing,EDP,2.4GHz,2400.0,5x,5.0,25,1.0506334369,0.6853914323575001,1.4365251607724998,True
zxing,EDP,2.4GHz,2400.0,6x,6.0,30,1.0073723105,0.7594971260325001,1.3280451638175002,True
zxing,EDP,2.7GHz,2700.0,1x,1.0,5,1.8508327855,1.6230815745475002,2.0938746210100003,False
zxing,EDP,2.7GHz,2700.0,2x,2.0,10,0.9429083365,0.7860039720399999,1.1724040663649995,True
zxing,EDP,2.7GHz,2700.0,3x,3.0,15,0.8062006913000002,0.5982515505275,1.1217293988,True
zxing,EDP,2.7GHz,2700.0,4x,4.0,20,1.1055702184,0.7804379417775,1.4514134413199995,True
zxing,EDP,2.7GHz,2700.0,5x,5.0,25,0.8834653134999998,0.7077871106699999,1.1148922995125,True
zxing,EDP,2.7GHz,2700.0,6x,6.0,30,1.0889286566999998,0.765444805275,1.4752904500724997,True
zxing,EDP2,400MHz,400.0,1x,1.0,5,194.5018050691315,134.57356661867323,298.8081446971779,False
zxing,EDP2,400MHz,400.0,2x,2.0,10,47.62257875967144,36.93268880311541,61.704121578650046,False
zxing,EDP2,400MHz,400.0,3x,3.0,15,48.36510709422161,36.168630151753064,64.51870179954845,False
zxing,EDP2,400MHz,400.0,4x,4.0,20,38.101938948603895,33.402474327639446,43.61520783694585,False
zxing,EDP2,400MHz,400.0,5x,5.0,25,46.496460314292975,33.669165336692274,64.81135846549734,False
zxing,EDP2,400MHz,400.0,6x,6.0,30,38.69607373641452,33.17393715910144,44.885001907745945,False
zxing,EDP2,800MHz,800.0,1x,1.0,5,25.753327712123458,22.819985159645352,29.97821984805667,False
zxing,EDP2,800MHz,800.0,2x,2.0,10,6.4862916351991045,5.802539308930355,7.4132472174040975,False
zxing,EDP2,800MHz,800.0,3x,3.0,15,13.78180931051148,8.433674277716145,19.837834296454176,False
zxing,EDP2,800MHz,800.0,4x,4.0,20,8.132421691412768,6.26489631502052,10.86793168709884,False
zxing,EDP2,800MHz,800.0,5x,5.0,25,7.657576358818287,6.150910210427673,9.56548552752106,False
zxing,EDP2,800MHz,800.0,6x,6.0,30,9.370132686213925,5.472216804807629,14.25764830797125,False
zxing,EDP2,1.2GHz,1200.0,1x,1.0,5,12.281994867929438,10.918391890285312,13.96261720879926,False
zxing,EDP2,1.2GHz,1200.0,2x,2.0,10,3.628884775902524,2.572495185124961,5.220412907290258,True
zxing,EDP2,1.2GHz,1200.0,3x,3.0,15,2.646900219629593,2.361316843614099,2.9530861636502,True
zxing,EDP2,1.2GHz,1200.0,4x,4.0,20,3.824053553794029,2.3537223309141813,6.400914568779118,True
zxing,EDP2,1.2GHz,1200.0,5x,5.0,25,4.93999067413204,3.1262813305688453,7.437958490398289,False
zxing,EDP2,1.2GHz,1200.0,6x,6.0,30,4.13475284860919,2.629369998564911,6.194639815396627,True
zxing,EDP2,1.6GHz,1600.0,1x,1.0,5,4.974398460123153,4.642040474409196,5.3077379110103315,False
zxing,EDP2,1.6GHz,1600.0,2x,2.0,10,2.0681815619309023,1.412346026669208,3.0334156602371354,True
zxing,EDP2,1.6GHz,1600.0,3x,3.0,15,2.410275904071752,1.543811807931624,3.5442947939769036,True
zxing,EDP2,1.6GHz,1600.0,4x,4.0,20,3.456204806150292,2.0633933096838737,4.969738127353551,True
zxing,EDP2,1.6GHz,1600.0,5x,5.0,25,3.469926924728006,1.9806607891012025,5.035170556703986,True
zxing,EDP2,1.6GHz,1600.0,6x,6.0,30,3.296616845697124,1.8351466411921944,5.05294566874196,True
zxing,EDP2,2.0GHz,2000.0,1x,1.0,5,7.222352262498815,5.32268046785153,9.774685574129396,False
zxing,EDP2,2.0GHz,2000.0,2x,2.0,10,2.598536681006768,1.4040548045063674,4.190286736762506,True
zxing,EDP2,2.0GHz,2000.0,3x,3.0,15,3.606847687638603,2.244514106867021,5.116763611110101,True
zxing,EDP2,2.0GHz,2000.0,4x,4.0,20,2.067593898803124,1.2275842789648768,3.083325943345499,True
zxing,EDP2,2.0GHz,2000.0,5x,5.0,25,2.255447044721838,1.4731970843188202,3.294632620461527,True
zxing,EDP2,2.0GHz,2000.0,6x,6.0,30,2.037944538413407,1.456834079605127,2.6815561708792988,True
zxing,EDP2,2.4GHz,2400.0,1x,1.0,5,5.322844160023081,4.537692926047967,6.2614033013810655,False
zxing,EDP2,2.4GHz,2400.0,2x,2.0,10,1.679294837381968,1.017639816146346,2.8201594832482733,True
zxing,EDP2,2.4GHz,2400.0,3x,3.0,15,3.4897718061781537,2.1367269002546,4.9492047912242585,True
zxing,EDP2,2.4GHz,2400.0,4x,4.0,20,2.219483708010002,1.5563040740207466,3.0478429586753997,True
zxing,EDP2,2.4GHz,2400.0,5x,5.0,25,2.572153415400878,1.3276788674420914,3.992518490063219,True
zxing,EDP2,2.4GHz,2400.0,6x,6.0,30,2.336799089414107,1.3381301622700448,3.4230043642710637,True
zxing,EDP2,2.7GHz,2700.0,1x,1.0,5,6.028170821425585,4.903360060944002,7.107434019296583,False
zxing,EDP2,2.7GHz,2700.0,2x,2.0,10,2.2342422460743405,1.6468225713124314,3.076840522970547,True
zxing,EDP2,2.7GHz,2700.0,3x,3.0,15,1.8900860702876896,1.1031893612032202,3.1834338090694705,True
zxing,EDP2,2.7GHz,2700.0,4x,4.0,20,2.9766053044043668,1.7806200445341789,4.370218486801435,True
zxing,EDP2,2.7GHz,2700.0,5x,5.0,25,2.0478605826873784,1.3862974537903912,2.8821030304983166,True
zxing,EDP2,2.7GHz,2700.0,6x,6.0,30,2.946480599967668,1.624179640070362,4.608694125651208,True
