Benchmark,Heap Size,CPU Frequency (MHz),Time Elapsed Mean (ms),DRAM Joules Mean,CPU Joules Mean,Package Joules Mean,Elapsed Time CI 95% Low,Elapsed Time CI 95% High,DRAM Joules CI 95% Low,DRAM Joules CI 95% High,CPU Joules CI 95% Low,CPU Joules CI 95% High,Package Joules CI 95% Low,Package Joules CI 95% High,EDP Mean,EDP CI 95% Low,EDP CI 95% High,EDP2 Mean,EDP2 CI 95% Low,EDP2 CI 95% High
avrora,10m,1.2GHz,8631.3,3.8580994000000004,9.7049135,22.7075805,8476.205,8827.3575,3.7521798574999994,4.0045145625,9.5345773975,9.942047585,22.1908067475,23.3150871625,196.2744176121,188.9707845005125,207.10250385868247,4471.1999323587215,4193.507696450898,4848.714026412306
avrora,10m,1.6GHz,6319.9,3.0297669,9.414361600000001,19.1926391,6249.28,6394.455,2.9914121875,3.073517615,9.312148925,9.532747340000002,18.964574882500003,19.4267046425,121.3416838839,118.48308926815501,124.56733477064002,2330.6817721888924,2248.514961487746,2418.664727662249
avrora,10m,2.0GHz,5022.8,2.6355345,11.035016100000002,19.0233093,4984.3,5063.4,2.6103692974999997,2.663204495,10.943645884999999,11.1318244675,18.8710389975,19.1866930925,95.56619023200001,93.99974693246251,97.09541831419251,1818.6166432569485,1776.3902944477256,1865.2236744334418
avrora,10m,2.4GHz,4183.8,2.0743715,13.1095213,19.2127197,4140.8949999999995,4236.535,2.0510372924999998,2.1035983025000005,12.979455484999999,13.294983959999998,19.0290411075,19.451765635,80.41072637250002,78.66847312921001,82.61846945228,1546.041402298207,1497.818922272466,1605.714549478109
avrora,10m,2.7GHz,3707.8,1.9292907,14.732250800000003,20.210852,3674.295,3744.6,1.9117368475,1.9509226675000002,14.570457315,14.893718815000001,20.02210546,20.4323714325,74.9567614104,73.58041885024498,76.552477576255,1515.7618524333734,1471.759575687521,1565.1098817557445
avrora,10m,400MHz,25574.9,8.550946000000001,14.135449100000002,47.994457999999995,25220.585,26008.287500000002,8.134358462500002,8.99907444,13.460868967500002,15.362133852500001,46.568151930000006,49.90818455750001,1228.96687346,1177.8560365823523,1299.5961155247326,59243.09677619798,54920.77090695909,65393.63626219667
avrora,10m,800MHz,12977.8,5.2914002,10.234491100000001,28.766644299999996,12824.375,13185.77,5.216929615000001,5.39596815,10.115486555000002,10.3945832675,28.436279842499992,29.206885727499998,373.5103890789,365.0718726912125,385.0782592693475,10755.470736301655,10378.433682838815,11275.455112677046
avrora,15m,1.2GHz,8221.3,3.0938721,9.2511902,19.9373537,8167.9,8280.710000000001,3.0740524275000003,3.11711673,9.1870088475,9.325442915,19.8125137625,20.071487852500002,163.9301940997,161.82525002044997,166.16739540666998,3269.1091756727974,3207.6903656427917,3340.0301256565535
avrora,15m,1.6GHz,6175.3,2.6603392,9.8332701,18.4686402,6123.7875,6224.8175,2.5108927725,2.9297817999999998,9.148393729999999,11.108239519999998,17.6560609,19.900600125000004,114.164529585,107.9966793767475,124.44565070960749,2138.087705542762,1907.3276040192884,2536.4946429013744
avrora,15m,2.0GHz,4891.9,2.2404173999999997,10.8252504,17.825000199999998,4842.495,4947.3025,2.2188214774999997,2.2678151724999998,10.741245712500001,10.9241889625,17.6862752775,17.981751524999996,87.21939505610001,85.54409414743749,88.93548682007248,1555.3927455385399,1511.4365391346307,1604.8301680135658
avrora,15m,2.4GHz,4093.3,2.0233703,12.8150266,18.7813357,4028.1924999999997,4203.3175,1.9722620924999998,2.0939170574999997,12.599211412499999,13.150008974999999,18.47249373,19.26501924,76.9664481294,74.32096936855498,80.68380525279,1449.1076775474157,1372.1041898134854,1556.891237127081
avrora,15m,2.7GHz,3621.4,1.8743531999999998,14.3573608,19.7047061,3592.795,3659.42,1.8548449175000001,1.8977372700000001,14.228900750000001,14.511542807499996,19.528600722500002,19.912234092499997,71.3754817189,70.14207931765,72.7934503851475,1407.1401600803324,1368.8951536720085,1448.113768566132
avrora,15m,400MHz,24945.0,7.938147000000001,13.295208500000001,45.678656000000004,24701.579999999998,25181.7425,7.865706932499998,8.009507132500001,13.1752874525,13.41991465,45.33426257250001,46.01552893,1139.5577842155,1123.8838706235051,1157.0422428674551,52066.61426255472,51049.13735741985,53266.5558004727
avrora,15m,800MHz,12514.9,4.335845999999999,9.877008199999999,26.070074300000005,12400.9725,12628.5075,4.29013537,4.380115365000001,9.792082769999999,9.948679307499999,25.815903289999998,26.30247806,326.3330761407,319.9651027903349,331.61842144816,8511.09120923424,8283.065931151436,8745.995400189124
avrora,20m,1.2GHz,8211.3,3.0899598,9.241674900000001,19.922766400000004,8143.88,8299.202500000001,3.0608826999999996,3.1278480699999998,9.165043245,9.34096406,19.749161200000003,20.131986555,163.62859021539998,160.74209022002748,167.03840165394251,3261.440260791652,3179.3295011322957,3368.698066055572
avrora,20m,1.6GHz,6097.1,2.5090944,9.1350034,17.5179138,6040.097500000001,6158.0025,2.478124445,2.5421676275,9.0547586575,9.224074395,17.320027535,17.748514465000007,106.8379049975,104.63068657306749,109.13076944030752,1872.8008360112703,1816.1466766563822,1936.0768480194815
avrora,20m,2.0GHz,4852.7,2.2159180000000003,10.737109400000001,17.6750672,4826.797500000001,4875.3,2.1960391550000002,2.2363554574999998,10.664290982499997,10.806311017499999,17.569867154999997,17.783437359999997,85.7789230623,84.8332741656325,86.6880824835575,1516.432165337484,1490.1322648486487,1540.0585994386536
avrora,20m,2.4GHz,4068.2,2.0120117,12.717303500000002,18.664135499999997,4024.28,4116.2074999999995,1.9903006775,2.0330790725,12.573662105000002,12.870406875,18.446228297500003,18.8719659525,75.95454823309998,74.1404408192225,77.59120623395499,1418.5394007422935,1370.4491505259357,1465.7103469891315
avrora,20m,2.7GHz,3592.7,1.8665892,14.235986299999999,19.557476899999997,3559.1949999999997,3632.5,1.84519295,1.8946655175,14.096902445000001,14.400833927499999,19.370955322500002,19.7958075425,70.2831711249,68.95843394356501,71.81996559248499,1375.3341875181973,1335.9539385208725,1423.2529096792266
avrora,20m,400MHz,25064.4,7.984435700000001,13.345355399999999,45.8173644,24768.355000000003,25329.109999999997,7.88984757,8.0863355275,13.193242985,13.5080386375,45.20106156000001,46.4599025175,1148.8224013052,1120.36454425352,1178.1083337424052,52683.04869566774,50702.89094260917,54801.397264906846
avrora,20m,800MHz,12576.0,4.3616150000000005,9.9487427,26.207068,12405.06,12737.53,4.29562801,4.420595605,9.82499897,10.071132217499999,25.880418959999997,26.503703179999995,329.72043440870004,320.75050547426997,338.175644920435,8648.236017177562,8310.197275745357,8984.636446432762
avrora,25m,1.2GHz,8203.8,3.5597228999999997,9.1575623,21.3774598,8132.6775,8277.4175,3.5303283425,3.5921876,9.081832684999998,9.235261877500003,21.0781313225,21.6347236875,175.4270348054,171.76017582236997,179.3436481791575,3753.005306654088,3627.6921262443598,3886.8168814280293
avrora,25m,1.6GHz,6120.3,2.934088,9.100140300000001,18.5835816,6052.8949999999995,6202.3175,2.8934684975,2.9737643575000003,8.989352440000001,9.217646327499999,18.357293792500002,18.7960581225,113.78083844989999,111.03501542814499,116.62295976319248,2116.11194413778,2040.932511740447,2194.4807973927727
avrora,25m,2.0GHz,4906.4,2.5565491000000002,10.7234375,18.5132872,4843.69,4970.4175,2.520027075,2.59493527,10.5830239075,10.872358587499999,18.284473055,18.781950709999997,90.87380225900002,88.52909541956751,93.48972005371502,1683.9111572619768,1618.1930915881755,1750.1757277537665
avrora,25m,2.4GHz,4065.1,2.2751463999999997,12.5951294,19.185315,4042.1974999999998,4087.4,2.2627129925,2.28610946,12.520973607500002,12.666755225000001,19.075648455,19.295039389999996,77.9963616178,77.19875138719,78.86086247026252,1496.6256027813001,1472.578536002894,1522.7970087217209
avrora,25m,2.7GHz,3605.8,2.1064758,14.177990900000001,20.0993773,3567.0,3660.5125,2.07663458,2.1446072999999997,14.0102195175,14.39822266,19.8564443575,20.4078967025,72.50677040289999,70.83952808007749,74.58229355149251,1458.7199015305482,1406.202270223325,1525.9674694084783
avrora,25m,400MHz,25168.3,9.257263100000001,13.890374900000001,49.3703857,24899.094999999998,25429.785,8.884992415000001,9.66880682,13.230945365,15.0398510675,48.257596795,51.046439275000004,1243.4230914698,1203.1614762222875,1297.7488885678727,61571.23138927639,58125.255485541355,66536.77114990244
avrora,25m,800MHz,12560.0,5.0292664,9.8392151,27.695300300000003,12403.859999999999,12722.0,4.96750292,5.1100350924999995,9.73143186,9.96688376,27.380929274999996,28.117193399999998,348.0037468268,340.490799910185,357.932325730985,9646.412747926315,9298.907781850756,10047.839501854487
avrora,30m,1.2GHz,8208.4,3.5717837,9.1626221,21.5695983,8132.0725,8279.935,3.5345875275000003,3.6080131925,9.079312747499998,9.2386416575,21.364494592499998,21.770847779999997,177.09161615739998,173.853729351435,180.21457209111003,3821.531328960463,3713.7299387497283,3928.295618317444
avrora,30m,1.6GHz,6142.2,3.071289,9.7886904,19.373046900000002,6088.092500000001,6199.1025,2.9193643525,3.3171634825000003,9.1139714825,10.863742355,18.542576815,20.69686965,119.0589846764,113.491883635225,127.606189813505,2327.550493586135,2103.019174217567,2661.46341614135
avrora,30m,2.0GHz,4855.5,2.5328858999999997,10.648315400000001,18.3632754,4832.0,4879.702499999999,2.5181698900000002,2.547849465,10.5970377575,10.6994625075,18.2797582275,18.455838265,89.1680377975,88.29702686100502,90.036563185365,1637.6108657019042,1613.5729227826212,1661.9801068633715
avrora,30m,2.4GHz,4073.7,2.2747743000000002,12.6073364,19.209204,4026.4975,4128.0225,2.2483517425,2.3039859550000004,12.4662704275,12.760815599999999,18.9773940675,19.4422560225,78.2824908885,76.5116195140575,80.16441867097001,1504.8785325733902,1454.7655518628103,1558.671933245222
avrora,30m,2.7GHz,3615.5,2.1117493,14.2147156,20.150677699999996,3562.385,3670.8250000000003,2.0781958599999997,2.1495389475,14.052399815,14.41757368,19.8959412325,20.461888492499998,72.89652486819999,70.92684471361,75.0448513653175,1470.5602935103636,1406.3063213690507,1540.361095963533
avrora,30m,400MHz,25011.9,9.2127381,13.3095641,49.153595,24802.225,25260.809999999998,9.131298842500001,9.321984854999998,13.1968763175,13.467194217499998,48.600874395,49.828416335,1229.7107877990002,1206.5453138262326,1258.3687049204227,60485.611592423076,58580.31303815526,62742.06095301672
avrora,30m,800MHz,12454.4,4.975378399999999,9.7631957,27.4627319,12331.5725,12572.0825,4.923588165,5.025165985,9.6634586,9.864127417500002,27.2068823475,27.6987576725,342.1125485383,335.67036625390494,348.287901008175,9399.736498870056,9108.717170561817,9664.83702547791
avrora,5m,1.2GHz,10471.0,4.7966247,11.7820741,27.699761799999997,10303.387499999999,10658.1075,4.69923918,4.913539739999999,11.579387085000002,12.017346362499998,27.219838875,28.244181595000004,290.2790122931,280.59508896836,301.1120817431275,8054.97315132584,7633.485622550595,8493.51474628135
avrora,5m,1.6GHz,7695.3,3.8959354999999993,11.4860597,23.5246706,7619.587500000001,7798.415,3.8348382649999997,3.9711974475000003,11.355255025,11.642798712499998,23.255192714999996,23.871874305000002,181.0994594406,177.3285285489275,185.6840228301875,4263.920644298748,4114.922712431456,4446.241723204132
avrora,5m,2.0GHz,6197.6,3.4751035999999997,13.6283387,23.624102800000003,6109.092500000001,6328.005,3.39639498,3.5889589825,13.424077254999998,13.935397997499999,23.234448835,24.1719423,146.56659501439998,141.89962318742252,153.94337423428996,3470.2927515320443,3308.5348777870395,3722.3723485600517
avrora,5m,2.4GHz,5115.7,2.8509031,16.0012572,23.8952332,5083.8975,5154.905,2.7400051724999996,2.9679408625,15.890046729999998,16.11773233,23.585010979999996,24.226411974999998,122.25567383139999,120.049456034565,124.412038478505,2923.065774402499,2836.2535225389393,3012.4068338984616
avrora,5m,2.7GHz,4592.2,2.5945007,18.1845092,25.087029899999997,4535.99,4666.764999999999,2.54787635,2.6653890500000004,17.949075642500002,18.5388672975,24.751204482499997,25.5606563225,115.28253926739998,112.3794086052425,119.64163436905251,2896.268649422617,2782.4792126423727,3063.7199214748207
avrora,5m,400MHz,31093.1,11.701080300000001,16.567419499999996,60.5254516,30865.33,31281.962499999998,11.623119735,11.774111715,16.456407565000003,16.682040147499997,60.1184523325,60.8967399825,1882.1467306710997,1855.99502920594,1903.9814667701326,113944.72253040233,111540.56753072885,116082.97719547115
avrora,5m,800MHz,15602.6,6.451776199999999,12.2954287,34.5700074,15482.46,15718.710000000001,6.3965628825,6.502134469999999,12.2090038125,12.3721742,34.33032205,34.816284360000004,539.4576162782,531.3119807074225,546.64626716387,18654.17264734149,18241.94028002688,19081.15313930379
batik,114m,1.2GHz,1314.9,0.487213,1.4833127999999998,3.280786,1268.5925,1357.1025,0.4666625450000001,0.50408351,1.43321848,1.5335547125,3.1581177800000004,3.3892989774999998,4.3270069622000005,4.009948805705,4.598453171759999,14.280914567563036,12.77425035738491,15.509433498907388
batik,114m,1.6GHz,1389.5,0.6784117999999999,2.1102967,4.104010099999999,1309.2975,1493.71,0.6339667550000001,0.7326231525,1.9777446625000001,2.2745060525,3.8613893999999993,4.4022756325,5.7736800596,5.0530287165425,6.683532867077499,24.32922180132561,19.78919853276619,31.439027523369823
batik,114m,1.8GHz,813.9,0.3474061,1.5068116,2.6522095,771.785,856.7075,0.32193528250000003,0.3744457749999999,1.4240142725000002,1.593259675,2.5138739500000002,2.801487925,2.1746431761,1.9579421977525,2.40683998544,5.856966896524308,4.954300403591409,6.842519988777846
batik,114m,2.0GHz,775.3,0.3310242,1.7387146000000002,2.823773,715.5875000000001,828.11,0.29427899,0.37212809999999996,1.5949725449999999,1.8500077849999998,2.6108666675,3.0135785975,2.2212272033,1.9005881772750002,2.52390382929,6.444096740836765,5.101363224918486,7.659426420722055
batik,114m,2.4GHz,629.9,0.2862367,2.011841,2.9004757999999997,598.28,660.8025,0.26626960250000004,0.31096936750000004,1.898963405,2.118596755,2.741206575,3.04107608,1.8403961386000003,1.63537794408,2.0025534565125,5.414050697557198,4.554732429164517,6.158203731596397
batik,114m,2.7GHz,585.4,0.28585809999999995,2.4048219,3.2476438,551.8974999999999,616.4,0.25757978750000005,0.31525509749999997,2.28136157,2.5386011424999997,3.0574750624999996,3.420367535,1.9163497615999998,1.7142943652675,2.1176503173974996,6.322245158226712,5.358908303214687,7.35040177044614
batik,114m,400MHz,3869.1,1.2359863,2.1128785,7.3106202,3632.0375,4186.327499999999,1.153532795,1.3499278725,1.9516277775,2.3054384525,6.842875542500001,7.885965664999999,28.6674042112,25.077258044459995,33.657183656002495,215.76203229499725,172.31018441238047,276.758445166022
batik,114m,800MHz,1962.4,0.6740784,1.5135804,4.1671143,1895.3875,2044.2125,0.6444071749999999,0.7032179175000001,1.4554120025,1.5688085699999998,4.0122027325,4.3299626125,8.209000875200001,7.6159364135975,8.85379740425,34.47667139335645,31.1046188273264,39.2363546275266
batik,38m,1.2GHz,1839.8,0.7585632,2.1049315999999996,4.6156678,1776.6,1894.5125,0.72874099,0.7872852874999999,2.035953505,2.1758428324999994,4.451800564999999,4.7789867049999994,8.516723154400001,7.952593192140001,9.069369757265,39.54569758394237,35.8465215815465,43.24338466764813
batik,38m,1.6GHz,2025.3,1.0388979,3.1015136999999995,6.0210997,1960.165,2089.6025,1.0106777724999998,1.0703459049999997,2.9990026575,3.2103234550000006,5.8447317325000006,6.214690490000001,12.227576842099998,11.456614280819998,13.060831488477499,74.02266106058869,67.26084352124455,82.07416300336064
batik,38m,1.8GHz,1400.5,0.7036134,2.586969,4.6048705000000005,1308.67,1462.805,0.6493276875,0.7487454550000001,2.44320933,2.703912205,4.328808970000001,4.819392285,6.4991337156,5.7869403586125,7.0558844968675,30.354635431350196,25.939446114358276,34.204945919333845
batik,38m,2.0GHz,1019.9,0.509558,2.2705930000000003,3.7448549,802.8225,1222.9775,0.39384993999999995,0.6366680750000001,1.8047727000000002,2.7165960300000003,2.9616806024999995,4.51961065,4.2362318107,2.7671082331475,5.741191172227499,18.864365443504756,10.742342686008186,27.325302104963118
batik,38m,2.4GHz,1149.8,0.6414246999999998,3.6278321000000004,5.3287962,1080.275,1203.7175,0.6059550674999999,0.6714681849999999,3.4006253450000004,3.8056688025,5.0267703475,5.57044143,6.1740225332,5.50057447686,6.7597700477475,33.37392477163748,28.01657105799128,37.7249234109657
batik,38m,2.7GHz,1068.8333333333333,0.6383668333333333,4.259663833333334,5.8664755,1048.0,1092.0125,0.6103719999999999,0.6741743333333333,4.180745333333333,4.357859,5.756285908333334,5.9947048375,6.274520991333333,6.025764434666667,6.542778418975001,36.859627577669855,34.66495941823424,39.31637249032756
batik,38m,400MHz,3946.9,1.2697999999999998,2.0862486999999996,7.2453063,3655.56,4211.5275,1.1778823499999997,1.3597061275,1.9260919925000002,2.2387790575,6.7396399625,7.8061442625,28.981944974099996,24.739326521895006,33.333770028874994,215.80199747830525,173.48552289558813,263.8956212008576
batik,38m,800MHz,2525.7,0.8982785999999999,1.9795472000000003,5.249645800000001,2406.6724999999997,2649.445,0.8566131100000001,0.9431257325,1.8876194925,2.0739507625,5.0190527625,5.4912097499999994,13.338546051999998,11.972556424482498,14.76242366356,70.86567666024192,61.464457950866326,82.28841073660188
batik,57m,1.2GHz,1715.1,0.7021545,1.9760190999999998,4.355981399999999,1539.04,1874.1,0.6262571149999999,0.7802408275,1.7751081199999998,2.166442455,3.9130116275000004,4.7746067225,7.661892690499999,6.1631874761350005,9.121010991595002,35.04996666364966,25.248452511211386,44.91797195632478
batik,57m,1.6GHz,1743.0,0.8604370999999998,2.660571,5.1565553,1562.2875,1927.505,0.7633417775000001,0.9570709049999999,2.3907491200000006,2.9220937124999997,4.581538365,5.7138958625,9.2545744189,7.145231917089999,11.03286382572,50.39642225864882,36.483881940112845,65.23555922891568
batik,57m,1.8GHz,1036.0,0.4775265,1.9313781000000003,3.4047487000000003,971.87,1101.7025,0.4291793675,0.5251394075000001,1.8087143600000002,2.0694453,3.1609802449999997,3.6398931474999996,3.5694182269000003,3.1226842347024997,4.0917799372275,12.453264155266448,10.056365416387786,15.265329101119415
batik,57m,2.0GHz,947.2,0.5557005,2.1491578000000002,3.7434019,905.4975,990.545,0.5171650375,0.6019297225000001,2.0230897975,2.2885100174999997,3.5219357700000002,4.01585711,3.5711513698,3.2040458871350004,3.9748445388499998,13.61125692194488,11.254986030422316,16.153492363056976
batik,57m,2.4GHz,923.1,0.5714417,2.9696594,4.534967099999999,815.0825,1021.4425,0.48982553750000013,0.6512780149999999,2.5865549874999996,3.3339032749999995,3.989246455,5.10288139,4.3447084541,3.3983355373200004,5.4187545963375,21.128678984496027,14.608877983201541,28.703810534164994
batik,57m,2.7GHz,773.7,0.49382929999999997,3.1568361,4.4773621,650.245,902.8249999999999,0.40152568499999997,0.5866373225,2.5971176600000003,3.6992429049999997,3.7559740724999995,5.246210577500001,3.7269852098,2.5316419303849997,4.8860685706325,19.034168049365014,11.202828566487927,28.371607575553362
batik,57m,400MHz,3743.6,1.2227601,2.0745909000000005,7.0133362,3292.8675000000003,4155.8,1.0780342025,1.35760634,1.7912203200000003,2.3645076525,6.1552625175,7.7836648825,27.157775184899997,21.589304265065003,33.12305066253,203.36547938451545,136.6465804552915,277.1664014138984
batik,57m,800MHz,2112.7,0.7670350000000001,1.6482544000000001,4.3990234,1966.395,2284.005,0.712400875,0.8267415899999999,1.526518165,1.7736000724999998,4.05687788,4.719402415,9.434931651300001,7.998815420414999,10.908339742314999,42.724873609096065,33.65097035377224,52.41232281878889
batik,76m,1.2GHz,1348.8,0.5954043,1.5222228999999998,3.5700439000000004,1239.395,1446.6125,0.5414001549999999,0.6436895675,1.405062565,1.6298562575,3.3072161675,3.819641055,4.888094661799999,4.20667093939,5.5883562417474995,17.941705211047125,14.045915335579217,21.40463513937181
batik,76m,1.6GHz,1409.7,0.6824709,2.1594911000000003,4.1744568,1307.6925,1501.9175,0.6311760375000001,0.7308826350000001,1.9922912375000001,2.3063518124999995,3.85396183,4.456832755,5.9622691159,5.081132292177501,6.711917758525,25.51110527705694,20.59086160507032,30.24557685849678
batik,76m,1.8GHz,965.8,0.47606209999999993,1.7864685999999999,3.2965695999999993,847.0825,1071.4250000000002,0.40409987,0.53500879,1.5284963925,1.9806697899999997,2.8568736275,3.6681857250000003,3.3102898564,2.5487422950750003,3.9195628522324997,11.643709168343843,8.182702083706568,14.573899407593657
batik,76m,2.0GHz,828.2,0.4138673,1.8820312000000001,3.1789186000000003,760.195,897.41,0.38330145000000004,0.44095537000000007,1.7400314849999998,2.0470304125000003,2.9265412175000005,3.4161137774999997,2.6754494851999997,2.2889224792650005,3.08300913883,8.770928533121875,6.828610340855248,10.888036745802896
batik,76m,2.4GHz,729.7,0.417682,2.3420104999999998,3.5195254,660.595,801.9025,0.36344560500000006,0.47436087,2.09836519,2.5960238124999995,3.165414385,3.8569536825,2.639721034,2.1184302602125,3.1687420560025,9.819639051840191,6.74703020097757,13.10233465176106
batik,76m,2.7GHz,606.2,0.3384766,2.4735535,3.4504517999999997,554.8,660.2125000000001,0.3057141225,0.3715271,2.2362858599999997,2.712703635,3.117827315,3.752607109999999,2.1387219426,1.7385934817725002,2.5190963280224996,7.698407926974696,5.841584495891683,9.588054896623195
batik,76m,400MHz,3883.2,1.4435058,2.0661683,7.809185699999999,3660.0825,4152.34,1.3584864300000001,1.5363829999999998,1.9462767125000002,2.1979868175,7.3581006250000005,8.318111805000001,30.642153306,27.05883644635,34.984624907925,244.43613786260272,199.24100805810073,298.7868508975003
batik,76m,800MHz,2003.1,0.8144776,1.5846312999999999,4.5740967,1852.89,2176.8125,0.7588583849999999,0.8775287724999999,1.4806674925,1.7298127399999998,4.25290083,4.942455947499999,9.311110564700002,7.936297385297499,10.98450939724,44.045358190041966,34.53245291769001,55.94026900485019
batik,95m,1.2GHz,1213.2,0.4530639000000001,1.3664856,3.0337829999999997,1162.895,1270.315,0.4305435775,0.48047977750000004,1.3070071950000002,1.4337968200000004,2.9028454175,3.1800181224999995,3.7003884109000005,3.3793344215875005,4.077460626492499,11.350232371612323,9.909851345665205,13.274438717377887
batik,95m,1.6GHz,1465.0,0.7168031000000001,2.2279846,4.3242554,1374.28,1563.435,0.6653520725000001,0.7705331175,2.070504235,2.3945466699999995,4.03138088,4.659342430000001,6.4157323360000005,5.533201501215001,7.353404746390001,28.499184811022225,22.58701533502625,35.75947011152916
batik,95m,1.8GHz,825.5,0.3489684,1.5231932999999998,2.6777649,799.0,849.205,0.32734943499999997,0.3745425100000001,1.4715051799999999,1.5690405199999997,2.5730082525000006,2.768347515,2.2168316049000003,2.0698614627825,2.3510901145250003,5.971252771353639,5.40103246463149,6.556568812524703
batik,95m,2.0GHz,790.9,0.34095470000000005,1.7761536,2.8899108,754.4825,830.9025,0.32637290249999995,0.3547021975,1.6978994225000001,1.8659309624999998,2.7592373525,3.0333045275,2.3004815361000004,2.0749912991575004,2.5335393472875003,6.733944916810967,5.78366161778389,7.780033775566085
batik,95m,2.4GHz,644.1,0.3166992,2.0600403,2.9880676,609.9775000000001,682.0,0.28304850500000006,0.3566875325,1.946931675,2.1809953,2.8202704025,3.1614786299999995,1.9411833354000003,1.7300048648125004,2.168292793745,5.900315925551366,4.90609022478799,6.910852087154869
batik,95m,2.7GHz,544.0,0.25714089999999995,2.2268431,3.0068055,514.395,572.3025,0.2401939725,0.27377371999999994,2.09106058,2.3518018699999996,2.8260701650000004,3.16041916,1.649638909,1.47089642442,1.83065667244,5.0438322771049915,4.219956544094134,5.829198854632467
batik,95m,400MHz,4031.3,1.4160521,2.1249879,7.920556700000001,3756.9025,4331.4375,1.3116960800000002,1.5300276075,1.9877481625,2.2823066725,7.411160347499999,8.5361126225,32.35021361610001,28.234917692252495,37.340625338025,263.44639569636604,208.2285863422288,337.6937666609485
batik,95m,800MHz,1978.9,0.6894043999999999,1.5442261,4.238201899999999,1867.8,2083.6025,0.6455479475,0.7289092524999999,1.4546437275000001,1.63580754,3.9982617324999996,4.4937243375,8.460819822000001,7.5727931662775,9.461975585939998,36.48851095984921,30.564561656839725,42.812606922531
biojava,14m,1.2GHz,708.3,0.28322129999999995,0.8547366000000001,1.8255983,670.79,755.1025000000001,0.2634516975,0.30508653999999996,0.8018002424999999,0.9105500449999999,1.7103708450000001,1.9471652474999996,1.3067822803999998,1.1510917458249998,1.4824184128274998,2.4390006928417627,1.9891676948534607,2.944362623751288
biojava,14m,1.6GHz,904.0,0.6800781,1.6523501,3.5638245,870.195,943.21,0.654976335,0.70732034,1.5979629675,1.7126148350000001,3.4436281,3.6978582824999995,3.2335267924,3.0086765463325,3.4738084503049995,11.608876911554237,10.412372194739092,13.116042934720978
biojava,14m,1.8GHz,525.6,0.23901979999999998,1.0115662,1.7465757,485.39,575.015,0.21234699,0.2728587425,0.9336767525,1.0997265699999998,1.6106774300000002,1.9267522250000007,0.9361622481000001,0.7826176488200001,1.1179218547299998,1.7064214948562388,1.2554789558989132,2.271694126226686
biojava,14m,2.0GHz,478.4,0.21766959999999996,1.1117247,1.7772947,435.995,521.4025,0.19247703000000002,0.24451295249999994,1.0169138074999997,1.206636045,1.6166616175,1.9334801925000002,0.8688812175,0.7140575628025001,1.0256973830899998,1.611706135576307,1.2148555340699576,2.044143343835791
biojava,14m,2.4GHz,456.5,0.23259890000000003,1.5165161,2.1699401000000003,420.3925,488.7025,0.20649801,0.25741600750000004,1.4032089674999997,1.6248561549999998,2.0018286025,2.3271755075,1.0054550906,0.8555304599150001,1.1540313777375,2.2452017549458336,1.7723043391584103,2.712443003541049
biojava,14m,2.7GHz,383.4,0.1910522,1.6367245000000001,2.1807311,359.2,406.2025,0.176581655,0.20522034,1.5449295075,1.7257431375000003,2.0603537699999994,2.3086110174999996,0.8445545251000001,0.7450453110975,0.9528068477474999,1.8776694985903095,1.5279035884246939,2.254789613715761
biojava,14m,400MHz,2160.7,0.7699707,1.2374573,4.2420042,1975.9550000000002,2389.31,0.67617287,0.91820138,1.100273465,1.4009228399999998,3.804474565,4.8554668874999996,9.44558906,7.5549486590849995,11.943623269507501,43.157753884437895,29.466519901225464,63.31981824960755
biojava,14m,800MHz,1061.5,0.3983031,0.8606627,2.3097168,973.695,1191.3725,0.359421105,0.45952019,0.7906191025000001,0.9543623775000001,2.1225802474999997,2.5850516924999996,2.5242159041999996,2.06991265262,3.2304977017199996,6.225903847248134,4.389655648010682,9.01959000725477
biojava,21m,1.2GHz,421.3,0.17034320000000003,0.5169861,1.0987121,347.3975,498.6,0.13976301750000003,0.20214133499999998,0.4358022250000001,0.61272941,0.9237340575,1.2995290299999998,0.4989407999,0.3533903003900001,0.68241948136,0.6373201588320212,0.2863507364638079,0.9975271944708035
biojava,21m,1.6GHz,626.4,0.5067504,1.1681886,2.506769,577.575,672.6125,0.468145335,0.550167595,1.07435219,1.2674944549999998,2.27183278,2.7117678025000003,1.5990751473,1.32398250107,1.8870705616449996,4.164327681928883,3.1608600528738924,5.2524037684201135
biojava,21m,1.8GHz,242.5,0.1088315,0.4945373999999999,0.8352845,232.9,255.9025,0.10284929500000001,0.11588160500000001,0.47088299249999993,0.5219972524999998,0.7978458075,0.8819356875000001,0.2038249017,0.1870072464625,0.229531616315,0.17262828005532108,0.149480773526276,0.2052943605489226
biojava,21m,2.0GHz,236.9,0.1072753,0.5714904,0.9023194999999999,213.2,268.2075,0.09396136249999999,0.12443937750000002,0.516640845,0.642631505,0.81211925,1.0170673625,0.22154435799999997,0.17373963244,0.28556491560499997,0.21583182660074018,0.1411942794424967,0.3151369736436348
biojava,21m,2.4GHz,206.2,0.09915769999999999,0.71297,1.003015,183.995,233.405,0.0871686675,0.11399215249999999,0.64480336,0.7935301275,0.9030695725000001,1.1147202850000002,0.2136198448,0.16745232130499998,0.26551328775,0.228913238645015,0.14996820228521998,0.3187525191268932
biojava,21m,2.7GHz,198.9,0.1037171,0.8889404000000001,1.1769715,173.88000000000002,228.6025,0.08656828750000001,0.12334411749999998,0.7649760600000001,1.0392529874999998,1.0068183425000001,1.3691260849999998,0.24748335049999995,0.1794924610875,0.33466395278499994,0.32752380435558975,0.18865084617688782,0.5097279583564344
biojava,21m,400MHz,1238.3,0.4171386999999999,0.6813111,2.3682678000000004,1091.8,1392.025,0.364090965,0.4693166475,0.6009547925,0.7634716099999999,2.0924025425,2.6783405674999994,3.0490099715,2.3731533451975007,3.9386520096000006,7.809877241466033,4.968486066159218,11.145659685608788
biojava,21m,800MHz,621.9,0.2292114,0.5162171,1.366394,553.1775,690.0275,0.20451913500000005,0.2571048575,0.46574554999999995,0.5734727825,1.2301015700000002,1.5156233849999998,0.8774059958999999,0.6760452088000001,1.06446663481,1.277326316560491,0.8710246399340689,1.7431031981371257
biojava,28m,1.2GHz,409.8,0.1661073,0.5012026,1.0651612999999998,340.69,491.405,0.13688903750000003,0.20142652249999998,0.42535664,0.5931651225000001,0.892875215,1.2596017524999998,0.47286745740000014,0.30165939546,0.65779361709,0.5926721525918508,0.29274508788983894,0.9587074652033788
biojava,28m,1.6GHz,651.9,0.5231444999999999,1.1876281,2.4308349,607.6975,692.7075,0.4864035775,0.55392176,1.1039377625,1.2683878524999999,2.2598232975,2.578753365,1.6030450615,1.3865746078225,1.8104645268925,3.9822931773295176,3.219440713243418,4.70119336192705
biojava,28m,1.8GHz,290.1,0.1297118,0.5798096000000001,0.9823547000000001,248.28500000000003,335.1025,0.10946010750000001,0.15082365499999997,0.4981101925,0.6733956175,0.8347353275,1.1307747325,0.3021138926,0.21731616477250004,0.38817853207749997,0.3315328942150748,0.19788378687193653,0.4692819680538203
biojava,28m,2.0GHz,204.0,0.0924316,0.4970765999999999,0.784314,199.3,208.4025,0.08966655250000001,0.09494010249999998,0.4861425525,0.50700217,0.7669974850000001,0.8013859700000001,0.16017600240000002,0.15339532383,0.16692054233999995,0.1259194379422602,0.11768584968540746,0.13370895895352297
biojava,28m,2.4GHz,222.4,0.11005259999999999,0.7707398,1.0865478999999998,186.2975,262.5125,0.089956905,0.1330264475,0.650627915,0.9032040075000001,0.9163164250000001,1.2744275325000003,0.2593031856,0.17523425149250005,0.3410645674425001,0.322471393178229,0.17561729815630803,0.48685976960823263
biojava,28m,2.7GHz,177.0,0.0916199,0.7874513,1.0414673,159.9975,197.605,0.08053565249999999,0.1049881725,0.7155911975,0.8698584149999999,0.9472251999999999,1.1506698725000002,0.18972810320000003,0.15135658000250002,0.23189324514499998,0.20942225243350582,0.1445908229657955,0.2833943987600373
biojava,28m,400MHz,1196.3,0.40018940000000003,0.662555,2.287439,987.99,1449.525,0.3309805275,0.4914363975,0.5459335275,0.8198215150000001,1.8885880725,2.8782418475,3.0431951894,1.8811061253449999,4.623523989209999,8.74051285372817,3.482143288581535,15.745861672670685
biojava,28m,800MHz,620.9,0.2308471,0.5111022999999999,1.3576723000000002,527.8,733.9224999999999,0.19401416999999999,0.2842478125,0.43807766000000004,0.6068962474999999,1.1603639100000003,1.5971717425000003,0.9047946975000002,0.614762342455,1.2494065479524998,1.4219018343429632,0.7306061875527265,2.2664531651329085
biojava,35m,1.2GHz,385.4,0.2877137,0.5892822000000001,1.4385376,338.4975,446.41249999999997,0.255631415,0.32656920749999996,0.5315397475000001,0.66532332,1.3016982625,1.6268062025,0.5773461222,0.44369498983000005,0.7571749047625,0.8980786533992997,0.5776219182471929,1.3786450543277102
biojava,35m,1.6GHz,549.2,0.4523925999999999,1.0245056000000001,2.0864746,502.09250000000003,601.9025,0.4142902275,0.4971956025,0.9442766649999998,1.1109037,1.922242125,2.2874291075,1.1686712805,0.9660564147125003,1.3883350253075,2.535816420625441,1.8913979876017422,3.303605056273959
biojava,35m,1.8GHz,313.5,0.2574342,0.7714719000000001,1.5769349,266.3975,359.4025,0.21907734,0.294287455,0.6713080875,0.8738590275000001,1.386614855,1.76045218,0.5168253787,0.3947969222425,0.6421005548825001,0.879578936946541,0.5824854279104251,1.180462691402345
biojava,35m,2.0GHz,233.7,0.19688089999999997,0.6846249999999999,1.3210875999999998,202.2975,269.90749999999997,0.1683113625,0.2270534075,0.6076177025,0.779722285,1.1767835025,1.5089318074999998,0.32339689429999996,0.2436931416225,0.43227897367499996,0.46771688598591366,0.2868046497526151,0.6777277508387877
biojava,35m,2.4GHz,229.4,0.20585320000000001,0.9084839,1.5411131,196.0,268.405,0.171535235,0.24184844249999998,0.7685125899999999,1.0643259749999998,1.31626893,1.7784767725,0.37684023610000006,0.26433758111000005,0.5054101887,0.6572825765846312,0.3547506473616522,0.9905536194944253
biojava,35m,2.7GHz,200.7,0.19058819999999999,1.1504517,1.6946412000000002,158.39000000000001,255.905,0.14279693500000004,0.25191467999999995,0.81924155,1.5997652224999999,1.2312087324999998,2.3348187350000003,0.4138220641,0.19907144732249996,0.7570516255899999,1.105986797937393,0.3013630479121666,2.4849370753964957
biojava,35m,400MHz,1210.9,0.4338317,0.6827027000000001,2.3821226999999996,1007.78,1435.96,0.3369740325,0.57777683,0.5542055,0.8374133825,1.9702974500000001,2.9300406125,3.1821280199,2.0786715462875014,4.762135467415,9.481791728619008,3.9484155294401178,16.863348066962537
biojava,35m,800MHz,693.8,0.4451416999999999,0.7232605,1.9845152999999995,565.28,815.9,0.36840249250000007,0.5205453725,0.6125174800000001,0.8333575449999998,1.6660705925000001,2.3068681850000003,1.4855137754999999,1.005385715235,1.9815635153100002,3.3695457389017895,1.8977466508250407,4.927918060806713
biojava,42m,1.2GHz,432.3,0.3218626,0.6586366,1.5827575,376.2825,499.6025,0.2831109975,0.36760048,0.587898875,0.738779575,1.4148728099999999,1.7706611749999996,0.7125773053,0.5437228265650002,0.9209845445624998,1.2141584365236597,0.7680128842661131,1.6924315560312808
biojava,42m,1.6GHz,601.6,0.4877199000000001,1.0838866999999999,2.2371764,547.195,658.8075,0.4481673125000001,0.53510284,0.9995716199999999,1.1743628175,2.0366083775,2.4249735274999997,1.3741751457,1.12935455248,1.6197666587374997,3.1976236762760477,2.3809479406694636,4.046398022808752
biojava,42m,1.8GHz,269.1,0.2218691,0.6745606000000001,1.4033265,231.2,311.7175,0.1909040225,0.2586069625,0.600265395,0.7599068725000001,1.2514746625000002,1.5828353974999998,0.39657550820000004,0.29009531629250007,0.53114589591,0.6103081450469268,0.36141832700775,0.892765876050013
biojava,42m,2.0GHz,231.7,0.1939394,0.6841735999999999,1.3151490000000001,204.395,265.605,0.17182431499999998,0.22057901500000002,0.6184453475,0.7748274199999999,1.1880387675000004,1.4886648374999996,0.31676077099999994,0.24688011370250001,0.41631545686,0.44989936167581546,0.2963181670532995,0.6601833285167199
biojava,42m,2.4GHz,212.9,0.1899597,0.8516663999999998,1.4427856999999997,186.2,242.905,0.16450747750000003,0.21670712999999997,0.7555643325000001,0.9585422025,1.27997827,1.627837355,0.3204829667,0.23753860675750002,0.39856536263,0.49956250058737856,0.3331192331159078,0.710284472995818
biojava,42m,2.7GHz,229.0,0.2112609,1.1581359,1.7907351000000002,201.0925,259.605,0.18089467999999997,0.24083976999999995,1.0034938825000002,1.3198179849999998,1.5740682975,2.0134903075,0.428098866,0.3197588000125,0.5332433020599999,0.8303325829593184,0.5534326448085702,1.1393705420393634
biojava,42m,400MHz,1197.1,0.5973326999999999,0.8035095999999999,2.8086366000000003,998.59,1414.585,0.5155106524999999,0.7011197499999999,0.6925128899999999,0.9264278374999999,2.3935196974999995,3.2627110825,3.5901855949000003,2.3911411081500007,4.923695383245,11.471329688266078,6.918658650758186,17.158699917111676
biojava,42m,800MHz,611.3,0.40048829999999996,0.6336791999999999,1.7623658,513.1600000000001,719.0,0.344400355,0.4635924575,0.54660568,0.73120181,1.51461789,2.046272885,1.147183154,0.8277564628875,1.5125040650175,2.2791020937367206,1.3246575561143132,3.4643881617406604
biojava,7m,1.2GHz,5806.7,2.8767028,6.6866333,15.710162400000002,5754.59,5870.2225,2.849053595,2.9064416950000003,6.62839212,6.760491772499999,15.578313642500001,15.8718028225,91.2453172817,89.623833364015,93.18203067137749,1434.1394197467887,1395.684253233957,1475.9461024288764
biojava,7m,1.6GHz,8449.6,5.417346199999999,12.9841858,27.156622400000003,8394.9625,8501.1325,5.3722947825,5.4528657475,12.908085517500002,13.067102875,26.99086065,27.327375047500002,229.48748722680003,226.6240470548975,232.66499475501254,6233.46484617194,6122.69560763277,6350.663440938632
biojava,7m,1.8GHz,4100.0,2.4114012000000002,7.659472699999999,14.403692700000002,4064.2875000000004,4140.3,2.3791291475,2.4434138549999997,7.58369957,7.7363483875,14.233274862500002,14.5771710875,59.067826036300005,57.917177152202505,60.144302490955006,851.291536230553,822.9454269732836,879.3451743857141
biojava,7m,2.0GHz,3804.4,2.3798464,8.5340635,14.861737,3768.8875000000003,3843.8025000000002,2.3402665175,2.4205947200000004,8.438606337500001,8.6340484825,14.692784227499997,15.030082820000004,56.5578805076,55.3158915259025,57.82459353401,841.1244730808825,812.1155161898732,867.0307942747371
biojava,7m,2.4GHz,3331.5,2.3303526000000003,10.6102905,16.422723400000002,3304.5,3359.6,2.3075875225,2.3546344825,10.5090674025,10.706599834999999,16.275354552499998,16.5588945,54.721530764600004,53.7786536253525,55.60433795129249,898.9989360824454,877.4826317695739,920.1340150547989
biojava,7m,2.7GHz,3028.0,2.2291015999999995,12.266559000000003,17.6540282,2986.485,3076.205,2.1951328049999996,2.2656520025,12.080814100000001,12.4748212225,17.3972984375,17.9343516525,53.487261513,51.9615633041875,55.1039698422725,945.389169713984,905.1080856449099,993.5190189787129
biojava,7m,400MHz,15832.2,6.281878600000001,8.595391699999999,32.161792,15676.5,15998.7525,6.22104795,6.351025255,8.500887794999999,8.686369187499999,31.858594757499997,32.513007267499994,509.3405164281,499.15294388020254,520.9538682888375,16390.726788114924,15913.66050710289,16945.634721154
biojava,7m,800MHz,8463.2,3.788183600000001,6.8039489,19.5940979,8360.6975,8590.725,3.7219932100000004,3.8730863,6.698629895000001,6.950033402500001,19.317337640000005,19.976454155,165.9271802472,161.7497821508275,171.97689229837,3255.8290877593745,3123.773624782565,3442.9355347811593
fop,18m,1.2GHz,466.0,0.2558104,0.5151796999999999,1.1991637999999998,434.39,499.7,0.24014869750000004,0.27498185999999997,0.48221408000000004,0.552243215,1.12113075,1.2850272099999998,0.5659465814,0.48895503639499993,0.6494797995674999,0.6965868699926955,0.5541127505830031,0.863423502162226
fop,18m,1.6GHz,345.4,0.21904910000000002,0.5137575,1.0414248000000002,330.695,362.2075,0.21094802,0.22656402749999993,0.4902099899999999,0.538941155,0.9934547174999999,1.0891807924999999,0.3616772584,0.32932706352,0.39828654644499994,0.38089691381872,0.3297292819611049,0.4416822933288087
fop,18m,2.0GHz,298.0,0.2094299,0.6713745,1.1449036,274.295,320.31,0.1925011025,0.22645757999999996,0.61650487,0.728833365,1.0512213300000002,1.2506141550000003,0.34728950489999993,0.29159867169500003,0.41349441098749995,0.41296794534702963,0.31246921222518514,0.5323672404206473
fop,18m,2.4GHz,249.7,0.18410020000000002,0.788391,1.1890382,237.9975,264.3025,0.176043495,0.1935304525,0.7505583575,0.8320742624999998,1.1385793325,1.2567350624999998,0.29908684539999997,0.26962606235,0.336385719265,0.36106518950120137,0.3112405204068348,0.4286084583997306
fop,18m,2.7GHz,230.3,0.17872939999999998,0.9345705000000001,1.30932,218.0,244.8,0.1699954,0.18789365249999995,0.8832749000000001,0.9880037050000001,1.2431754325,1.388647255,0.3040078943999999,0.27394194633,0.34035600105,0.4047686130688698,0.3345440861496154,0.4821344167645438
fop,18m,400MHz,1266.4,0.4614928,0.6732179000000001,2.3936645,1214.695,1326.2075,0.440853445,0.4862715250000001,0.6430420375000001,0.71047391,2.295816915,2.503722705,3.0464199609,2.8026895924549997,3.3395034448625003,7.367742576038944,6.423107474159016,8.48271190833135
fop,18m,800MHz,652.2,0.2808592,0.5041504000000001,1.3997621,616.29,699.7225,0.26365777,0.3036195575,0.4767448325,0.5416809049999999,1.3220694325,1.5097534500000003,0.9243423242000001,0.82112626781,1.0835631458725,1.329535276573106,1.091048850561275,1.7086165519897745
fop,27m,1.2GHz,335.7,0.1867433,0.3742373,0.8677003000000001,314.58750000000003,358.9025,0.17713329,0.19667980250000003,0.35032349000000007,0.40248923750000004,0.8123368674999999,0.928850255,0.2945347977,0.25657075378750005,0.33573829544000006,0.2612381876499283,0.2141125628634112,0.31473955457833735
fop,27m,1.6GHz,267.0,0.1737794,0.39479369999999997,0.8058166999999999,248.395,286.8025,0.1617479175,0.1858039175,0.36448334250000003,0.424779655,0.7423113650000001,0.8659266050000001,0.2181299701,0.18900931929750003,0.2502315776675,0.1806275679788469,0.14288414835898477,0.22250143821199964
fop,27m,2.0GHz,216.2,0.1572204,0.4781003999999999,0.8181517999999999,198.1,236.91,0.14780139500000003,0.16936701249999997,0.4342103025,0.5269122425,0.7506932949999999,0.8992766575,0.18073389210000004,0.1500369701875,0.218986508395,0.15461602497096288,0.11208280070711515,0.20490621843831583
fop,27m,2.4GHz,194.4,0.14325559999999998,0.6113341,0.9200744000000001,179.9975,210.3025,0.13406883,0.1534764625,0.567000225,0.6581865950000001,0.8532278825,0.9891614725000001,0.1815972425,0.156162624535,0.21189335478,0.1722119907993609,0.1338157817390332,0.21276249034743613
fop,27m,2.7GHz,161.6,0.1309997,0.6496337999999999,0.9118774999999999,153.495,171.2,0.12482752999999999,0.13829441,0.6176436625,0.6901348275000001,0.86375652,0.9693956875,0.1485656092,0.13271675053499996,0.16650280618000002,0.13784170231769102,0.11595548892859604,0.16641838542188683
fop,27m,400MHz,918.9,0.3446838,0.49301140000000004,1.7443543000000001,873.5975,951.71,0.3287016875,0.35761226500000004,0.46734331249999994,0.5156449775,1.6616382674999999,1.8157511675,1.6106554306,1.456102024385,1.718305599145,2.8360408491858236,2.495319897897867,3.1373538212996768
fop,27m,800MHz,489.8,0.22178979999999998,0.3811278,1.0593933000000002,477.4975,500.2025,0.2123151625,0.23072266249999998,0.37086047999999994,0.389044255,1.0344349250000002,1.0834421600000002,0.5195999274,0.49293606017249997,0.5416422509850001,0.552015148608709,0.5128190920267743,0.5846384673851401
fop,36m,1.2GHz,319.2,0.1900511,0.3572265,0.8371278999999999,302.0,338.9025,0.18091169750000002,0.19928595500000001,0.33643073,0.3817698125,0.7946249850000001,0.8875456549999999,0.2696557168,0.23948820464749998,0.30696842835999993,0.22983711594901282,0.19241609337242618,0.2772820978776369
fop,36m,1.6GHz,249.1,0.1666811,0.3699768,0.7559571999999999,238.4,257.3,0.15839066750000003,0.17289068250000003,0.35461679,0.38227002000000004,0.722515995,0.7817682450000001,0.1890281084,0.17454839075499998,0.20123823365500002,0.1439529459230358,0.12792737680926125,0.15717698026179935
fop,36m,2.0GHz,207.6,0.15001210000000004,0.46273810000000004,0.7920349,198.5,216.7025,0.14304480249999998,0.15753165249999998,0.4398325575,0.48756755749999997,0.754279415,0.8334953975,0.16526837519999998,0.1505356999925,0.18203523342499997,0.13241758147036958,0.11463320477047648,0.15243111713854593
fop,36m,2.4GHz,177.5,0.136859,0.5729495,0.8600584999999998,162.8925,194.405,0.1273196025,0.14863340499999997,0.520829805,0.6308839999999999,0.788867945,0.9503217399999999,0.15577770600000002,0.13117288495749999,0.18742704239999997,0.1399612954232642,0.10315871740777523,0.18532805393628352
fop,36m,2.7GHz,150.3,0.1223391,0.6088319,0.8547306000000001,139.2975,159.2025,0.11546604,0.12787697750000002,0.5592809474999999,0.6481629499999999,0.7890546500000001,0.9137041725,0.13009594489999998,0.11401119948750002,0.14479311961999997,0.1139010050476665,0.09332775228823988,0.1326753023985284
fop,36m,400MHz,923.9,0.344165,0.49374389999999996,1.7535155,890.3,953.105,0.333755915,0.35352445,0.4783334799999999,0.5068853975000001,1.6928644149999998,1.8014811150000003,1.6247236629,1.5100537132199998,1.7201407041674996,2.864386131447628,2.566080257855312,3.1203018594024363
fop,36m,800MHz,490.4,0.214874,0.37967539999999994,1.0522095000000002,468.4925,509.1,0.20389186750000002,0.22293100249999998,0.36033254000000003,0.39493029,0.995000165,1.09622993,0.5186457797000001,0.47048497428749997,0.5564566690325,0.5512514258526375,0.47452522151735804,0.6110798804116325
fop,45m,1.2GHz,338.4,0.19462290000000002,0.3784120000000001,0.8809142,322.3,354.1025,0.185717135,0.2038278725,0.3614289975,0.39789083750000004,0.8402451299999999,0.928598265,0.29986315680000003,0.27247886725,0.3298752227975,0.267331859498904,0.23256860197066773,0.3106531662133349
fop,45m,1.6GHz,251.0,0.16732760000000002,0.37741110000000005,0.7647703000000001,235.695,264.6025,0.15720469750000002,0.17603755000000001,0.35408701749999993,0.3983717225000001,0.7170381,0.807937805,0.1934911633,0.1723469348225,0.21474885501,0.15033127965082288,0.12704242175086902,0.1748111132705586
fop,45m,2.0GHz,200.6,0.1425782,0.4425966,0.7580444,190.4975,209.0,0.1361258225,0.14779772,0.41929746749999997,0.4614974325,0.7151109299999999,0.79193319,0.15300725509999996,0.13849857644,0.1655862098575,0.11736177429462369,0.10085806462610793,0.13248068340075705
fop,45m,2.4GHz,181.9,0.1393066,0.5743593,0.8667845999999999,168.195,196.0,0.13136294499999998,0.14790274500000003,0.5313354925,0.62077686,0.8080601974999999,0.9302049475,0.1599895652,0.13640285997499998,0.18805773022000002,0.1427370417298298,0.11219218772763799,0.17749686200401507
fop,45m,2.7GHz,166.3,0.13060909999999998,0.6718139,0.9413452999999998,152.2,182.0025,0.12169179749999999,0.1415608875,0.6143602775,0.733874655,0.8641191675000001,1.0271297475,0.15983374560000002,0.13191095740000003,0.1936088248575,0.1570860009728976,0.11520678871582243,0.2057459153493143
fop,45m,400MHz,918.1,0.3483094,0.4998718999999999,1.7510438000000002,891.895,944.505,0.336681535,0.3598203525,0.4797787325,0.5218486125,1.697539685,1.8034122175000005,1.6114165167999999,1.51812523649,1.7050513892499999,2.835461715759576,2.577637210026354,3.0865751806664563
fop,45m,800MHz,477.0,0.21072379999999996,0.37060529999999997,1.0290773,458.8975,494.6,0.20461984499999997,0.2173714175,0.3572504975,0.38314857250000006,0.9892332799999999,1.0638726525,0.4925696204,0.45437730260000003,0.5277750827225,0.5102615344985691,0.45355231461024803,0.5629211580867293
fop,54m,1.2GHz,337.7,0.19180290000000003,0.3779479,0.8772460000000001,315.3,357.7,0.1819874325,0.201264575,0.355934325,0.3993660175,0.826253485,0.9233020925,0.29883957969999997,0.26520575996750007,0.3309029329875,0.2665551976249187,0.22358710021699438,0.3132221138006862
fop,54m,1.6GHz,245.2,0.172821,0.3839844,0.7676756000000001,223.7,270.0,0.16233398250000003,0.184468835,0.36070401999999996,0.41531501499999995,0.7220710124999999,0.8293368725000001,0.1912219772,0.163183359075,0.22577628850249995,0.15128022739506003,0.11949827734193938,0.19763873344403873
fop,54m,2.0GHz,210.9,0.15347889999999997,0.4712892,0.8038695,200.3975,223.0025,0.14658154499999998,0.16097583000000001,0.4489972574999999,0.49638818,0.7701514675000001,0.8441060325,0.1706846466,0.1542948997375,0.19077504320000002,0.13907302130867039,0.11837739978608772,0.1639215999642511
fop,54m,2.4GHz,187.5,0.1411684,0.5945313000000001,0.8939514999999998,176.7,201.3,0.133061015,0.1516729075,0.55818938,0.6415084325,0.8397468950000001,0.9611830225,0.16968171189999998,0.14844063069,0.198207438845,0.1556452146592669,0.12677608409876862,0.19788422991676902
fop,54m,2.7GHz,161.2,0.1290039,0.6507873,0.9122926,153.0,169.9,0.1231559275,0.13559291500000004,0.6192983825,0.6853388524999999,0.8669783174999999,0.9641680949999999,0.1481001123,0.13376816498,0.16634815214999998,0.1370852249984275,0.11544324720398454,0.16284565584515612
fop,54m,400MHz,929.7,0.34957270000000007,0.49506829999999996,1.7608519999999999,902.195,952.6075,0.340697285,0.35780852999999996,0.4802719275000001,0.5087940425,1.710872885,1.80606858,1.6403252306999998,1.544338294365,1.7210092074574999,2.8995505612911003,2.649684846926835,3.128096915838046
fop,54m,800MHz,485.7,0.21496549999999998,0.375061,1.043396,469.3975,501.7,0.20611794,0.22387238500000003,0.36181777249999997,0.38941950000000003,1.0032584324999998,1.0805627475000001,0.5083717915000001,0.47772263110499996,0.542493787555,0.5339585247753476,0.4762628019880144,0.5915847484662264
graphchi,141m,1.2GHz,5724.9,2.3162049,6.3192385,13.737347300000001,5500.42,5943.2,2.2095884349999997,2.41302963,6.0716523525,6.583209277500002,13.1540759275,14.2569878075,78.96993914880002,72.87670503218001,85.360786994995,1093.8122031930047,960.286258566656,1220.8389325061453
graphchi,141m,1.6GHz,8080.9,4.2775329,12.0943849,23.730597,7838.875,8304.702500000001,4.1368895949999995,4.4183335999999995,11.7411371225,12.428504375,23.00526054,24.425046254999998,192.21230781719999,181.1078505545275,203.05883934180247,4582.618324548731,4186.039541535185,5009.418751286155
graphchi,141m,1.8GHz,4107.9,1.9778197000000002,7.3820983,13.207470800000001,4001.6924999999997,4201.6175,1.9140853225,2.0340819024999997,7.2093784025,7.5436833925,12.88798737,13.5122215725,54.336489324,51.62694652420501,56.675572182802505,719.7736737542615,666.1167196555098,767.4713260656105
graphchi,141m,2.0GHz,3857.3,2.1955076999999994,8.303656100000001,14.2805115,3779.1775,3931.615,2.06015437,2.3385637075,8.11943409,8.463299810000002,13.8716096975,14.7231780375,55.1616775733,52.47868800240251,57.775795334775,790.8149607162011,729.1296772928271,851.610658597176
graphchi,141m,2.4GHz,3437.8,2.320392,11.226904200000002,17.0900758,3373.3925,3498.31,2.2462444500000003,2.42211668,10.330801184999999,12.802789149999999,16.1161189925,18.76007779,58.818768451300016,54.4371459890425,64.8255082359825,1024.6660188527792,879.4853195319536,1251.6926661947075
graphchi,141m,2.7GHz,3171.4,2.2787716999999996,12.7053714,18.4136232,3117.18,3224.3225,2.20345512,2.3734712274999996,12.344733895000001,13.117943627500003,17.8664684975,19.1007025125,58.4347447481,56.1116511325175,61.07355967432,1079.598324918539,1002.9657582084811,1165.0479029662904
graphchi,141m,400MHz,15987.8,5.3751586,8.2994569,28.995422299999994,15362.772500000001,16490.57,5.190746730000001,5.555804557500001,7.9857789875,8.578921845,27.731957815,29.963753862500003,465.1934569450999,428.2985180988824,494.403311549175,13583.27250720317,12059.096472979645,14814.640374237955
graphchi,141m,800MHz,8406.0,3.1302674,6.446124300000001,17.2740659,8118.8975,8650.6175,3.021636625,3.2242325275,6.2162129775,6.6380622675000005,16.704799670000003,17.7639427275,145.57310897229996,136.7478693104475,154.070043575935,2527.0125547496564,2296.2766134742883,2731.26711235077
graphchi,282m,1.2GHz,2052.3,0.9138059999999999,2.1077882999999997,5.2147581,2048.2975,2056.2,0.9094722424999999,0.9194889225000001,2.093508495,2.124756765,5.1968225825,5.236260805,10.702322780900001,10.651590296679998,10.754275046975001,55.812514118642206,55.38460735303923,56.34851644121586
graphchi,282m,1.6GHz,2941.4,1.4629516999999999,4.273345900000001,8.489581300000001,2936.395,2946.7,1.450882255,1.4762276125,4.247365490000001,4.302177585,8.450895407500001,8.526979942499999,24.971625308500002,24.821232008455,25.127528076075002,212.01345758194958,209.83727003755985,214.34729841375406
graphchi,282m,1.8GHz,1377.9,0.6930419000000001,2.3085265,4.445922899999999,1373.8,1382.6,0.6910641574999999,0.695446405,2.2953289749999994,2.32694654,4.426274887500001,4.4698949075,6.126249168799999,6.084056114062501,6.179642368522501,27.239354867901255,26.946422254860067,27.58433389844596
graphchi,282m,2.0GHz,1250.2,0.6556580999999999,2.5186523000000003,4.4780212,1246.5,1253.5,0.65186632,0.6601079125000001,2.50924857,2.5281400450000002,4.4595986624999995,4.494512905000001,5.5985540271,5.5639322321075,5.6317059318525,25.071983233541257,24.827751417216742,25.297306747558597
graphchi,282m,2.4GHz,1047.7,0.5938233,3.0714110999999997,4.7328371,1041.4,1054.4,0.5692238625,0.6230659574999999,2.98847993,3.200126135,4.6143505099999995,4.9077117325,4.960467577000001,4.8145179792374995,5.1705750217675,23.546838834861838,22.24862566661647,25.354771558215482
graphchi,282m,2.7GHz,928.5,0.49197379999999996,3.4008787,4.7567870999999995,925.2,931.4025,0.48835902750000004,0.4959289024999999,3.3803202674999997,3.42603014,4.731423795,4.7898255574999995,4.416817142899999,4.381145188802499,4.4563971545725005,21.012498557411327,20.72659173666219,21.344536363007812
graphchi,282m,400MHz,6018.2,2.2838563,3.0904359,11.894927999999998,5956.3,6087.9175,2.2367628675000004,2.34268554,2.960720335,3.3131136175,11.608065625000002,12.3098856425,71.6351997044,69.148894486815,74.71240267110001,854.7227874597911,805.9349496345471,923.1347138399639
graphchi,282m,800MHz,3082.0,1.2613526,2.2559692000000005,6.829308899999999,3068.9975,3095.0075,1.2550654450000003,1.2676339575000002,2.237426555,2.275771235,6.793251989999999,6.8724716475,21.0487611502,20.860683888505,21.263216381725,143.76757866203974,141.7683929179431,146.1153771065413
graphchi,423m,1.2GHz,1845.5,0.7970276000000001,1.8799559000000001,4.6555722,1839.2,1852.3,0.7936516375,0.8008365575,1.8652018650000002,1.896667605,4.6333670924999995,4.675744857500001,8.592060415099999,8.531524615735002,8.648925389367498,40.00404324565991,39.540122059306256,40.48197677783526
graphchi,423m,1.6GHz,2760.3,1.3776429000000001,3.986858999999999,7.956903,2755.7,2765.6,1.3665031000000003,1.3875139225000002,3.9636603575000007,4.01573139,7.924119177500001,7.990729362499998,21.9637106008,21.850820465605,22.091813297772504,174.77333373996737,173.1903685712542,176.50370720776695
graphchi,423m,1.8GHz,1236.9,0.6010924000000001,2.0545106,3.9558714999999998,1232.6975,1241.6,0.5960992400000001,0.6085832274999999,2.038955595,2.073232595,3.9333116274999997,3.9819710699999997,4.8931934826,4.8459877584,4.937796905852499,19.35941433187282,19.08848878621866,19.65685279514849
graphchi,423m,2.0GHz,1108.4,0.520453,2.2119081,3.8364380000000002,1103.4,1114.2,0.4982039825,0.545283675,2.1984715525,2.2266020575,3.7685956825,3.9108109225,4.2532871273,4.15899615138,4.360189341822501,16.33536588645559,15.690403607343756,17.026305164161
graphchi,423m,2.4GHz,926.9,0.44247440000000005,2.6279355000000004,3.9467165,924.6,929.6025000000001,0.4400078375,0.44474612,2.6200472125000003,2.6360189475,3.9365906450000003,3.9596160575,3.6582818360000005,3.638737061635,3.6800018005024997,14.438797011964564,14.326805408059256,14.56054187955971
graphchi,423m,2.7GHz,827.3,0.4140868999999999,2.9765075999999997,4.1598632,824.0,831.2025,0.4111191325,0.417059605,2.95712854,2.9984397899999995,4.1342827275,4.188556875000001,3.4417110721,3.4088886328375,3.4842083203449996,14.319728656553448,14.094240015798974,14.605680354460873
graphchi,423m,400MHz,5581.9,2.0992675,2.7464905999999996,10.9005188,5556.695,5609.73,2.0906845875,2.1101028250000002,2.7367428475000004,2.7574957675,10.782223949999999,11.0130125625,60.8509911475,60.0012875718075,61.706141757699996,663.5708651615126,646.1550477559585,679.2853304750871
graphchi,423m,800MHz,2789.9,1.1476929999999999,2.0480408999999997,6.1043946,2778.3925,2800.4,1.1387633025000004,1.1554894875000001,2.0264433075,2.0708408125,6.070168990000001,6.135472175,17.0312324541,16.8893517339425,17.180548037495,103.97658903734116,102.56986518551446,105.36644135718348
graphchi,564m,1.2GHz,1836.2,0.7015504,1.8761900999999999,4.3479063,1828.5974999999999,1843.4025000000001,0.6960870925,0.7088946775,1.8610031200000001,1.8927245024999995,4.3083820325,4.390137520000001,7.9842088179,7.8846976157825,8.082365318452501,34.72542270450068,33.968010705022216,35.48001512385161
graphchi,564m,1.6GHz,2759.8,1.3629152,3.9943483,7.947192200000001,2753.2,2766.405,1.3520551675,1.3725969275,3.9740715799999995,4.014483899999999,7.913823435,7.9779793175,21.9331015041,21.7967183322275,22.0736186593175,174.3177563795834,172.47887094583263,176.1472137187024
graphchi,564m,1.8GHz,1224.8,0.5248046,2.0423156,3.7569334,1221.9,1227.8,0.5199327949999999,0.5323219575,2.0325976724999997,2.05191819,3.7388431125000006,3.7770796325,4.6015946775,4.5669270150075,4.633683456427501,17.289551691671072,17.08095479972671,17.508061965481883
graphchi,564m,2.0GHz,1107.1,0.4941956,2.2222595,3.7840272000000006,1102.8,1111.0,0.48955410749999995,0.4994328075,2.2072068725,2.2383608625,3.762244505,3.8027836525000005,4.189456105700001,4.149045670325001,4.219595600417501,15.854909493269059,15.614607387706123,16.047799638377136
graphchi,564m,2.4GHz,921.7,0.43782360000000003,2.6111084,3.9199767999999997,918.6975,924.6,0.4354978425,0.44012591250000005,2.5976683400000002,2.6243236149999998,3.9026562625,3.9373995574999996,3.6131672902000007,3.5879543164024996,3.6408559875875,14.164753598187923,13.992332558593546,14.329900938146482
graphchi,564m,2.7GHz,824.3,0.416101,2.9760131999999997,4.1632568,821.6,826.9,0.41179149500000006,0.42086210500000004,2.962523685,2.9894762850000003,4.1433344425000005,4.1838796375,3.4318717591000003,3.406739625155,3.457556837955,14.289131006901187,14.107129920201203,14.4750367131085
graphchi,564m,400MHz,5538.5,1.7752626000000002,2.7231078999999996,9.9969728,5517.4975,5558.3125,1.757292265,1.7942881775,2.6834777450000002,2.7622747199999997,9.8758361175,10.138904665,55.3727552301,54.498289967422494,56.2907140417625,553.8837322211416,538.294346985888,571.3732540677746
graphchi,564m,800MHz,2772.0,0.9733523,2.012909,5.6278258999999995,2761.6974999999998,2783.5,0.9666620924999999,0.980609615,1.9953872624999998,2.0349947575,5.59634186,5.661701115,15.6011075543,15.463140372804999,15.7530378950225,87.81266186516771,86.47914965222928,89.19016047383823
graphchi,705m,1.2GHz,1828.6,0.6983153000000001,1.8608888000000001,4.3022646,1821.8975,1834.6,0.6909296325,0.706311155,1.8515661650000002,1.8700873125,4.2661866475,4.35011138,7.867524313200001,7.777978633760001,7.976500374317501,33.85856245187274,33.17956437207795,34.64667550726143
graphchi,705m,1.6GHz,2748.0,1.3757812,3.9907043,7.9473204,2741.4975,2755.1025,1.3651259675,1.38650108,3.9596469599999997,4.0361680425,7.9040504075,7.99839699,21.839869919899996,21.692617694915,22.0358754302275,173.5902483863479,171.38205825809973,176.37913718568478
graphchi,705m,1.8GHz,1216.9,0.5200744,2.0206969,3.7235289000000003,1212.7975,1220.6025,0.5149159299999999,0.5270948775,2.0096425425,2.0322326074999997,3.7023040025,3.7464175175,4.5313803746,4.491299887832501,4.574625509587501,16.875108640720306,16.62540530839672,17.12896779010855
graphchi,705m,2.0GHz,1098.6,0.4857971,2.1988160000000003,3.741864300000001,1092.7,1104.8,0.48257425000000004,0.4895885675,2.1839769700000007,2.2167369075,3.7204127775,3.7639315075000006,4.1110453545,4.06727792862,4.15531364928,15.385161458785172,15.150946582249142,15.62347930741451
graphchi,705m,2.4GHz,922.2,0.44285300000000005,2.6346678999999997,3.9512818999999992,917.8,927.0025,0.43590014250000003,0.44990463999999997,2.6107483950000003,2.6627918874999996,3.9176809325,3.9865683825000002,3.6442673057999997,3.598667749915,3.699321751465,14.404355432683465,14.080024659922564,14.804551261518725
graphchi,705m,2.7GHz,819.5,0.41168820000000006,2.9587281,4.1357971000000004,817.3,821.8,0.40758598749999997,0.41678587250000004,2.9420629075000004,2.97823094,4.1148761275000005,4.16239752,3.3893733362999994,3.3654204224075004,3.4175150338925,14.019310964599857,13.850053675779115,14.210486879642126
graphchi,705m,400MHz,5531.1,1.762622,2.7110474000000004,9.9536988,5510.3925,5553.1025,1.753671655,1.7711149499999999,2.6863692199999996,2.7351432374999995,9.8542058025,10.084611690000001,55.056670856,54.345944080095,55.7818087409825,548.2169747176682,536.1944658817732,561.0184170926848
graphchi,705m,800MHz,2753.4,0.9606935,2.0023804,5.5814025,2748.0975,2760.105,0.9580562925000001,0.963873655,1.9863637775,2.02625192,5.5605853825,5.605395335,15.3680222243,15.283790614269998,15.453033701445,85.77980354562223,85.01195852631047,86.66813115304286
graphchi,846m,1.2GHz,1831.5,0.6936646000000001,1.8726257999999998,4.3036313,1828.4,1834.6,0.6906922975,0.6968943624999999,1.8588180749999998,1.8885517850000002,4.2760191475000005,4.338971927499999,7.882156863600001,7.8241736856025,7.949756057709999,33.92722232594931,33.47054102221984,34.495928420895396
graphchi,846m,1.6GHz,2750.7,1.3611206,3.9765562,7.9206053999999995,2745.4,2756.3,1.3534321799999998,1.3704656675,3.9607029999999996,3.9942391125000003,7.899143105,7.9457419924999995,21.7873962151,21.694522056154998,21.883977199185004,172.57492964265035,171.37270095726564,173.88065807633996
graphchi,846m,1.8GHz,1221.0,0.5182068,2.0349428,3.7377318,1216.8,1225.8,0.513816465,0.5231821625,2.020025645,2.0544276825000005,3.7157832924999994,3.7614291074999997,4.563984034300001,4.5199250987449995,4.608041401115,17.06141661593165,16.81041864163235,17.32322739910331
graphchi,846m,2.0GHz,1102.0,0.4915648,2.2199645000000006,3.773345999999999,1099.2975,1104.7,0.4872001550000001,0.4959730725,2.202206705,2.2402531575,3.7524498875,3.7957916524999993,4.158291386099999,4.128418166614999,4.1892044578525,15.692408447379057,15.500773708680786,15.904348679259648
graphchi,846m,2.4GHz,920.5,0.4378907000000001,2.6159730000000003,3.9254211,916.2,924.5,0.43330562,0.4434298975,2.5992474675,2.6347001275,3.899040475,3.9489092849999996,3.6136196511999996,3.5762907402,3.652790590685,14.187633733736613,13.927100615228154,14.437389466457914
graphchi,846m,2.7GHz,1820.9,0.6908507,3.0308593,5.561401200000001,818.7,3823.1075,0.40590124499999997,1.2579172724999999,2.9454317074999996,3.1732544574999997,4.114893725,8.422932285,22.954959067300003,3.3701845567349995,62.09124646033249,378.5253621151886,13.85718560929787,1107.5769042844515
graphchi,846m,400MHz,5531.5,1.7621031999999999,2.7205383000000003,9.9619506,5514.9925,5549.7125,1.7536616500000002,1.7703588074999999,2.7031956125,2.7382575125000006,9.863187750000002,10.073835837499997,55.10697662470001,54.4505201024675,55.77410540748001,549.1582952431193,537.8086004301898,561.6542418938076
graphchi,846m,800MHz,2749.8,0.9641295,2.006952,5.5863893000000004,2743.3975,2756.5,0.9591422875,0.969452755,1.9886112925,2.0263929225000004,5.5603629325,5.6125636524999996,15.3618255499,15.2679164785575,15.45900376777,85.82402303470715,84.88643505252656,86.75893815238068
h2,138m,1.2GHz,696.7,0.3442687000000001,0.8214295,1.7564148000000004,683.2,710.605,0.33045914249999997,0.3618361,0.8066606175,0.8374805925,1.7302001,1.7872868625,1.2245559244,1.1847339087675,1.2665969708324998,2.15391534547324,2.04849479532913,2.2647873020608422
h2,138m,1.6GHz,771.5,0.45083,1.1956054000000003,2.3316773,763.8974999999999,778.8025,0.43459175749999995,0.4698161725,1.18115632,1.2079374925000002,2.3042327525,2.35676302,1.7992902711999998,1.7624629118075,1.8326035116400001,4.197621063177796,4.066133699493176,4.313966993112163
h2,138m,1.8GHz,500.7,0.43851310000000004,1.0862791,2.0507019000000004,485.8,513.1175,0.4038723975,0.4629178575,1.027961825,1.1280282125000003,1.9113176675,2.1351985475000004,1.0302535944,0.9511054388275,1.0927996934425,2.134702001543848,1.8524732602257679,2.3640100219774345
h2,138m,2.0GHz,448.4,0.4156371,1.2041013,2.0998291,435.1,464.2025,0.398495245,0.43224048249999997,1.1673065,1.2459691675,2.0365138050000002,2.1661134675,0.944125237,0.8892611399100001,1.0065683688099998,1.9932074373064559,1.809665944188193,2.1927452848533555
h2,138m,2.4GHz,364.8,0.3595457,1.3971804,2.1411746000000003,348.7975,377.305,0.34138653750000003,0.37418902,1.3286832450000001,1.4445687624999999,2.05089963,2.2117858099999994,0.7842402181,0.7192521805475001,0.8342036380150001,1.691697980394937,1.4938637457895259,1.8420781949316796
h2,138m,2.7GHz,328.7,0.3460878,1.6438658,2.3259523,310.9,346.6025,0.31711952500000007,0.37614826999999995,1.525059785,1.782382585,2.1640626299999997,2.529642125,0.7716293492999999,0.6811259642975,0.8685992703999998,1.8377391659403326,1.5043148938675766,2.2479196652740927
h2,138m,400MHz,2110.9,0.987378,1.2648928,4.4821290000000005,2043.3200000000002,2191.115,0.9088543124999999,1.04617331,1.2141895725,1.31428972,4.2552788725,4.687076105,9.5000919224,8.7570708912925,10.278004140292499,43.016675284883036,37.79132761510243,49.255072740100985
h2,138m,800MHz,1122.0,0.6390076,1.0098999,2.768744,1088.6975,1156.815,0.5655472225,0.6966292749999999,0.9527689550000001,1.0647895575000002,2.5786606475000005,2.934186,3.1188441408000003,2.84554110219,3.3948678993525,8.760690598853245,7.391476751669922,9.981675643137313
h2,207m,1.2GHz,689.2,0.49315800000000004,0.9146726999999999,2.1436521999999996,658.085,721.305,0.4174451725,0.5534536375000001,0.86082307,0.9654577200000002,1.98039277,2.2803493274999997,1.4869911723999998,1.3210848970624998,1.6411876888799999,3.2534028428692734,2.6845018583873235,3.8239445519446242
h2,207m,1.6GHz,786.5,0.47491469999999997,1.2252743999999998,2.3963685000000003,771.7975,799.9025,0.45092742500000005,0.4980358675,1.2047399124999996,1.246224445,2.3476205925,2.44100253,1.8864942417,1.8158356659999997,1.9554505651524998,4.5295641737720524,4.275202055477304,4.765095561871028
h2,207m,1.8GHz,464.3,0.2897952,0.8880735999999999,1.5892944999999998,451.8,477.51,0.26536070500000003,0.3155652575,0.8586667975,0.9184471525000001,1.5340228100000002,1.6544868125,0.7398514338,0.69291171337,0.7880839834625001,1.1831479954153885,1.0663579645976242,1.3045382208537462
h2,207m,2.0GHz,431.4,0.3191833,1.0806701999999997,1.8152954000000001,415.4975,446.9025,0.2596735150000001,0.3814643175,0.986150125,1.1713023200000001,1.6348070700000001,1.9949315175,0.7902936423,0.6857102282075,0.8996527803075,1.485333464144794,1.174724927520485,1.8367784703300176
h2,207m,2.4GHz,380.6,0.37808230000000004,1.4657288,2.2423583000000002,370.9,390.105,0.36866627750000003,0.38811772499999997,1.426957525,1.5063301100000002,2.190127185,2.30424388,0.8549529477,0.812254219745,0.9015656662375001,1.9239340930335935,1.7697200747986768,2.0812451410115385
h2,207m,2.7GHz,340.3,0.3385621,1.6569581,2.3538696000000003,331.6975,348.8,0.32645702249999997,0.350886175,1.6148200075,1.7073883449999998,2.2979351525,2.4266148224999995,0.8024706514,0.76457413475,0.8442866937949999,1.8963002404321252,1.7547982763729035,2.07600601867791
h2,207m,400MHz,2120.8,1.0209716,1.2835081000000002,4.585406600000001,2009.5725,2191.8025000000002,0.9671080450000001,1.0564579649999999,1.2211305475,1.3322516675,4.344070650000001,4.75846795,9.776740861300002,8.852068398259998,10.448553233804999,45.27809018368916,39.007218389962624,49.65061634214258
h2,207m,800MHz,1141.8,0.6889222,1.0305849,2.9039304,1113.4,1176.1,0.653708865,0.7247877199999999,1.0115043199999998,1.0515777525,2.838371075,2.9867459625000006,3.321299966,3.1805118014475,3.5185533087849996,9.677272695637601,9.024182340362804,10.52416789887646
h2,276m,1.2GHz,753.5,0.5873229999999999,1.0474791,2.4482850000000003,733.7,776.3075,0.552458015,0.6346793399999999,0.9824326650000001,1.1598123224999999,2.3361364,2.6100581275,1.8518037923999997,1.7214006161674997,2.0374928100124996,4.594382613057363,4.05545150017697,5.405637951706324
h2,276m,1.6GHz,776.3,0.4668031,1.1956605999999999,2.3481995,767.5,784.8025,0.4505902225,0.48203775249999997,1.1821559425000001,1.2083133025,2.3278179724999997,2.367561125,1.8233150560999998,1.7887426150825,1.8596565636400002,4.283238825216109,4.1734040140743405,4.398895827272462
h2,276m,1.8GHz,493.6,0.4407896,1.1152404,2.0913695999999997,488.1,498.8,0.43065612,0.45113733000000006,1.0890925925000001,1.1461885074999998,2.0565246475,2.1292183674999996,1.0326978815999999,1.0058299058674998,1.0610179986749997,2.1622072971321753,2.073414900339937,2.252684410658616
h2,276m,2.0GHz,450.8,0.41740750000000004,1.2096066999999997,2.1109374999999995,442.0,460.7,0.41217583249999995,0.4249090575,1.1806379274999996,1.2379926749999999,2.06642704,2.1584611174999995,0.9527292295,0.9092771811,0.99590754789,2.0160699823077097,1.8861846501147193,2.1483163714262146
h2,276m,2.4GHz,386.2,0.3791688999999999,1.4726991000000003,2.2566346000000004,376.5,397.4,0.36366391750000004,0.39818334,1.4328589525000002,1.51453474,2.1992494049999998,2.3217100774999997,0.8731620676000003,0.8292749443950003,0.92654715864,1.97802943759839,1.8173126480147974,2.138921461491305
h2,276m,2.7GHz,330.3,0.29146700000000003,1.4971679999999998,2.1007813,318.1,341.7,0.2532877225,0.32902739500000006,1.38216631,1.616232115,1.9305799699999997,2.2779673375,0.6985328788,0.6113574994550001,0.7746763527549998,1.5048596159785455,1.2153498937211198,1.7712225162829485
h2,276m,400MHz,2179.1,1.0300473,1.3105224999999998,4.6883056000000005,2132.895,2218.7,1.0044457974999996,1.0535273,1.2805569525000002,1.3334745000000001,4.561275537499999,4.790581595,10.227838319,9.77602218844,10.631312060099999,48.07435667047082,44.78244246508259,51.18201701282925
h2,276m,800MHz,1179.8,0.7695007,1.1071169,3.1208985,1116.885,1249.6225,0.6981621874999999,0.8639453325,1.0169036375,1.2223476425000002,2.9154472924999997,3.3620238925,3.7221175092000003,3.2899134971599997,4.2831622563575,11.930268003262638,9.637917853091762,14.885819119236533
h2,345m,1.2GHz,685.0,0.33633409999999997,0.8055358,1.7378294,656.9975,708.8075,0.3087428375,0.3672066175,0.7693180525,0.8450758924999999,1.6676492675,1.8168507024999998,1.1952753790000001,1.1037995116700001,1.2878490533975002,2.0954103283131587,1.8521755598880802,2.348618201386259
h2,345m,1.6GHz,779.3,0.47056280000000006,1.2005005,2.3571107,753.88,801.7075,0.4473230375000001,0.49161244500000006,1.1636443399999998,1.23261827,2.2778843974999994,2.4249879675000003,1.8413343121,1.7244215883575,1.9411659783499997,4.361000280510936,3.938529382758974,4.7238130579591004
h2,345m,1.8GHz,473.1,0.28394790000000003,0.9017760000000001,1.6076048,454.1975,495.105,0.2692666125,0.29870010249999995,0.8656625525,0.9441248525,1.5504110324999998,1.673103015,0.7639425688000001,0.7072969237800001,0.833121545815,1.2389873742117383,1.0961120951706402,1.409080291016489
h2,345m,2.0GHz,419.7,0.2789854,0.9621400000000001,1.6097837,408.8875,430.7,0.26429343750000006,0.29597520250000003,0.9361081375000001,0.9862920074999999,1.5651242499999998,1.65550161,0.6768261237,0.6443485013149999,0.7147872928725,1.093712542090155,1.0091608404400285,1.1905290473787709
h2,345m,2.4GHz,343.0,0.23913580000000004,1.1302308,1.6674255000000002,327.1,356.4025,0.22491744000000002,0.2544433025,1.0758567875,1.1763092124999999,1.5882127575,1.7365132775000003,0.5747163881,0.5243497637900001,0.616418207705,0.9674206250182342,0.8442196035362619,1.0794457342707826
h2,345m,2.7GHz,319.1,0.2384887,1.3393924,1.8500366,314.0,324.9,0.2296186725,0.246372865,1.3157434975,1.3621229149999998,1.8216937300000002,1.877733835,0.5907449712000001,0.5722320394725,0.6124458243075,1.094380187786204,1.0409216633977803,1.149077928387149
h2,345m,400MHz,2073.8,0.7336058999999999,1.1426573000000002,3.8832214,1976.1925,2165.515,0.6892990674999999,0.7689083524999999,1.08743249,1.1949295875,3.6715171175000005,4.0853513999999995,8.1019391324,7.347473956970001,8.864300804327502,31.859034344527423,27.409720307506372,36.01971875902922
h2,345m,800MHz,1059.2,0.42045899999999997,0.8610658000000001,2.2418763,1022.0975,1099.605,0.39995105000000003,0.4432371999999999,0.8313738199999999,0.8912802399999998,2.1652640749999996,2.3263774225,2.3826146705999998,2.2174067721625006,2.5601653886949998,5.377133928708405,4.83414213247859,5.992840524932782
h2,414m,1.2GHz,671.3,0.31796250000000004,0.8432740000000001,1.7544677,652.7,687.8,0.30192113,0.33249820250000006,0.782326485,0.9345547900000001,1.6800439875000002,1.8451364375,1.1780715485000002,1.1136058196324998,1.231261152085,2.0776438581520735,1.8747869195421203,2.2763633116828563
h2,414m,1.6GHz,785.2,0.49353020000000003,1.2149717,2.3986571000000003,772.695,797.21,0.46901185000000006,0.5196459824999999,1.194851145,1.2335707275,2.357555135,2.4438634125000007,1.8848080461999999,1.8187577587799997,1.9515973893324998,4.528294179149161,4.295824820890364,4.783887593716097
h2,414m,1.8GHz,466.6,0.2726746,0.8945924,1.5844605,451.1975,485.2075,0.2535780225,0.2923555125,0.8612109775000001,0.9355357124999999,1.5264250350000002,1.6408413525000003,0.7417285133999999,0.6919850150825,0.7995950386749999,1.1832951843501691,1.053226330746022,1.3116114291529344
h2,414m,2.0GHz,421.2,0.2554017,0.9743652,1.6054993999999998,413.4,427.9025,0.24338873500000002,0.26739088000000005,0.9514585449999999,0.9983288875000002,1.574669685,1.6337703950000002,0.67665179,0.652105852375,0.6960983079324998,1.0879128761285304,1.0311331461090099,1.1381550943780947
h2,414m,2.4GHz,341.8,0.23678000000000005,1.1160463,1.6466919,331.8975,350.2025,0.22254486249999997,0.25441976,1.0681448225,1.15297311,1.578268295,1.6926722400000003,0.5641837727000001,0.5295343616199999,0.5923943017950002,0.9337998376532879,0.8439833064191823,1.0042051945880903
h2,414m,2.7GHz,309.8,0.2276001,1.3098145,1.8043030999999998,301.59250000000003,317.6025,0.21404719,0.24085756749999998,1.2666742974999998,1.3582255225,1.7391496599999998,1.8656929249999998,0.5601471354,0.5235254804824999,0.592315086945,1.015764458082446,0.9244025743375934,1.1024528229246426
h2,414m,400MHz,2148.7,0.7508481999999999,1.1590148,3.9817199000000008,2112.7850000000003,2190.4075000000003,0.7365235575000001,0.7682135075,1.13932698,1.181208065,3.912669275,4.04340902,8.561340790500001,8.28980095784,8.863679751235,34.137321226543534,32.443200706249804,36.019809381917305
h2,414m,800MHz,1078.7,0.4432618,0.8864015999999999,2.2956723,1042.8925000000002,1118.3,0.424645695,0.461085425,0.8450728625000001,0.9368002324999999,2.212178095,2.3897588725000003,2.4848747126000004,2.3280984117599997,2.6728946307075,5.747755829997708,5.149929549444143,6.434075534393987
h2,69m,1.2GHz,1317.5,0.5657899,1.5600403000000003,3.2907960000000003,1224.4775,1385.2050000000002,0.5183429725,0.6010465525,1.443140355,1.6360562474999998,3.0578560825,3.4609073799999996,4.3856430523,3.8368221352350003,4.778370517140001,14.72711018899154,12.231910970334571,16.603670000240736
h2,69m,1.6GHz,1381.4,0.7529603,2.1420228000000003,4.1501831,1336.3975,1421.3,0.7223309125,0.7821293625,2.07086151,2.21668543,4.02219738,4.2709849275,5.746331436699999,5.41253509726,6.0636798048825,23.95979011984879,21.74259654252283,26.051782202100412
h2,69m,1.8GHz,885.7,0.4778992000000001,1.6814024,2.9407105,808.7874999999999,933.9075,0.417485045,0.5436100625,1.5484004800000004,1.7816426975000004,2.6860483075,3.1081094724999994,2.6440325719999995,2.26055967374,2.9097228476175,7.980484630886016,6.431327598110426,9.04900093926239
h2,69m,2.0GHz,846.2,0.43175660000000005,1.9691223999999998,3.1813903999999997,834.3,859.6,0.4060965375,0.45662809500000007,1.931582285,2.0106691525000002,3.1253988300000004,3.246307555,2.6938638807,2.6076365440949996,2.7838513009400003,8.584050166927579,8.177758700022252,9.041934059776388
h2,69m,2.4GHz,709.1,0.43804299999999996,2.3355896,3.4085391,691.995,725.805,0.419195495,0.45986712499999993,2.2454148624999997,2.4104802700000003,3.3156616125,3.4885941324999994,2.4207845248999997,2.2918329347725,2.5259418842200008,8.277744123892134,7.647862067439419,8.829961774437324
h2,69m,2.7GHz,607.3,0.37592180000000003,2.5364624,3.4591554,557.475,641.005,0.336999085,0.4136791675,2.3254834575,2.6743767,3.13352942,3.65638912,2.1299479182,1.8131890515525004,2.348334745995,7.54603089215845,6.17545540372818,8.589532183969167
h2,69m,400MHz,4085.9,1.5985535,2.2949463000000003,7.9459777,4007.99,4155.2125,1.5042225249999999,1.7031703000000002,2.2494351425,2.3448205399999997,7.72853287,8.198864245,32.470409074399996,31.319691427340008,33.7304669170175,258.6422088772453,242.7848255406757,277.22974148852825
h2,69m,800MHz,1990.1,0.7730286000000001,1.6190612000000002,4.206042399999999,1926.1775,2057.9025,0.7405191175,0.80390808,1.5584341400000001,1.6778513175000003,4.059587097500001,4.338272974999999,8.394431056199998,7.84995933665,8.950880392802501,35.510980417999875,31.87291893008273,38.86850572811135
h2o,116m,1.2GHz,2622.4,1.7250855,3.0066222999999996,7.3685057,2493.3,2822.6349999999998,1.6417051500000002,1.83902348,2.8554331074999997,3.2486732900000006,7.015645997500001,7.9692596049999995,19.5524858619,17.535641565002503,22.945979768137498,147.86603133965465,123.21483611253551,189.2475281309952
h2o,116m,1.6GHz,2121.9,1.5982726999999999,3.2433471000000003,6.9353453,1887.8475,2485.72,1.45078613,1.7941580425,2.88365388,3.7421642175,6.192257357500001,7.9470467724999985,15.4477989901,11.67620167441,20.868619080475,119.33693339591414,72.24995525627567,198.99146087482
h2o,116m,2.0GHz,1661.2,1.3394164,3.7903381000000005,6.7485108,1526.8300000000002,1844.3174999999999,1.2391132725000003,1.4687049625,3.481732805,4.187195005,6.192989687500001,7.4861592225,11.481790485300001,9.403995295665,13.785552751725,81.52933541188321,58.19481030213722,113.89129157166248
h2o,116m,2.4GHz,1387.5,1.2113464,4.4234375,6.930761799999999,1296.9875,1511.7725,1.1466156025,1.29660412,4.1309214825,4.8104872975,6.4850460975,7.477398474999999,9.7670471062,8.391056823355001,11.48738900661,69.96265790634568,54.367220728145725,93.12775475437049
h2o,116m,2.7GHz,1281.8,1.1525389000000001,5.2458434,7.5830261,1171.995,1411.5025,1.0617149849999998,1.2598781999999997,4.7842060625,5.7428953475,6.9225156375,8.332370339999999,9.9376000414,8.0323157508175,11.8802029794525,78.81083162112824,55.85120244844585,104.42282301219169
h2o,116m,400MHz,7760.1,3.4752261000000004,4.1367431,15.824255399999998,7663.889999999999,7865.945,3.3635070875,3.6015091225,4.0815534175,4.192242205,15.552047892500003,16.127034027500002,122.86515353819998,119.16620341080001,126.53458710755251,1946.943605089765,1858.861529091953,2049.749935326615
h2o,116m,800MHz,3881.7,2.1823791,3.0655943,9.2380064,3834.2925,3934.505,2.1170623450000003,2.2534436874999995,3.0184011325,3.11029744,9.133830735,9.3540365875,35.86981174399999,35.040753161807494,36.68192310549,331.5762132876047,320.38115679254685,343.35956594837734
h2o,145m,1.2GHz,2487.7,1.4438417000000001,2.8380491,6.582238800000001,2463.0924999999997,2515.105,1.3715064499999998,1.5223660374999999,2.8085253325,2.8670394299999997,6.428306265000001,6.766307257499999,16.3849556475,15.826602186385001,16.95305734119,108.11186746308724,101.99338445825936,114.72241791262395
h2o,145m,1.6GHz,2260.8,1.4903991,3.4421203,6.9239012,2037.565,2489.3025000000002,1.3270437025,1.6488446274999997,3.1058402799999993,3.7629659474999997,6.231017187500001,7.579805145000001,16.0622134239,13.009526984892501,19.24810527363,116.90024214212137,84.66840762851484,148.53018533632184
h2o,145m,2.0GHz,1688.8,1.2444092,3.8411011000000004,6.531005899999999,1468.6775,1999.9525,1.113529715,1.4363697949999998,3.3401315075,4.589137442499999,5.724421502499999,7.808096209999999,11.8118743897,8.456682794775,17.413708861974996,90.05892293380144,48.22326450969846,160.5395397240495
h2o,145m,2.4GHz,1303.5,1.0631591999999999,4.212884600000001,6.3474851999999995,1270.4875,1324.7025,1.040383235,1.0864182774999998,4.126996087500001,4.290948854999999,6.217195305000001,6.4547772750000005,8.2816045192,7.916230739915001,8.523816744255,52.66442317089369,49.5464080299382,55.130880802121425
h2o,145m,2.7GHz,1292.0,1.079541,5.281183,7.4070497,1174.2949999999998,1420.84,0.9927718174999999,1.1823566175,4.7856322325,5.828355519999999,6.7081759625,8.187163787500001,9.8201043462,7.87900341763,12.136901087264999,76.60505977353489,52.89603120862315,103.10540240343262
h2o,145m,400MHz,8897.7,3.5905761,4.776916399999999,17.396569699999997,7709.0225,10465.8475,3.08721999,4.302958729999999,4.14375769,5.648524194999999,14.947956645,21.199791405000003,167.26797516540003,115.7363574705125,247.06665484835992,3483.2763458194518,1729.172302041025,6516.280073277958
h2o,145m,800MHz,4251.7,2.2909363,3.4268248,10.0970277,3918.29,4650.0025,2.1001337875000003,2.5655634000000003,3.1603768050000003,3.821966127499999,9.3157071,11.103394089999998,43.853079060000006,36.455681852430004,53.623526914257496,464.4147966202433,338.60930741890616,618.8817908583436
h2o,174m,1.2GHz,2827.2,1.5678159999999999,3.2785279000000003,7.4131473,2531.19,3118.3925,1.4059399124999998,1.7452631525,2.9228789400000004,3.6695880775,6.603361850000001,8.240810075,21.613589497200003,17.0294757017725,26.23658398909,170.4077790913864,115.07140909970923,228.15810360642473
h2o,174m,1.6GHz,1939.1,1.2552,2.9773071,5.93949,1837.275,2099.3225,1.1719519950000001,1.353791065,2.8109099324999995,3.2439028825,5.6133357324999995,6.432457149999999,11.6830190158,10.34717675341,13.945921277824999,71.65679600416823,58.07295142547489,93.83644624821814
h2o,174m,2.0GHz,1779.1,1.3193908000000003,4.021295199999999,6.8576538,1583.8500000000001,1984.645,1.1817241475,1.4699985725,3.5847183375,4.488777904999999,6.0495269775,7.6917943675,12.6245377431,9.788655790495,15.678537087117501,92.59837773826823,61.77015765352823,127.42175036567717
h2o,174m,2.4GHz,1372.5,1.1133118,4.45094,6.6882019999999995,1274.4875,1486.3225,1.04297362,1.189696235,4.165940007500001,4.8155764325,6.222923922500001,7.2366797875,9.3169689779,8.020053314265,10.907675631917499,64.2901321113837,50.91870109078013,82.77052587340542
h2o,174m,2.7GHz,1308.0,1.0748473,5.350933700000001,7.4973877,1192.2,1434.3075,0.9929414524999999,1.1727326050000002,4.857330654999999,5.8850955575,6.86547813,8.2369163225,10.0312837321,8.2785122120825,12.022462519745,78.77186100081988,58.09518973532195,103.11655041424915
h2o,174m,400MHz,8551.4,3.3169253,4.6813232000000005,16.3305358,7764.1849999999995,9516.710000000001,3.0005235775,3.7197799149999997,4.1969116,5.1854981725,14.76218478,18.432697769999997,143.9027082307,114.41408911802749,181.71796251613495,2506.7473954877014,1688.9714242594619,3553.174534915637
h2o,174m,800MHz,3891.9,1.807056,3.1179261,8.569293,3678.6974999999998,4256.424999999999,1.685855655,1.9970660375000002,2.9393040525,3.420709665,8.080110610000002,9.3927169375,33.9614180493,29.824444047352497,41.2744785010875,303.47206164229493,240.18592170390326,414.25909910775687
h2o,58m,1.2GHz,3724.7,2.3478024,4.3125734,10.4303344,3402.8925,4084.4,2.156860455,2.5552337224999997,3.9418848625000003,4.6957013275,9.518748285000001,11.42319824,39.6817752745,32.7637729472875,47.00663657683,431.5801671635548,318.93471208485937,557.4605523330534
h2o,58m,1.6GHz,2493.0,1.8497679999999999,3.8591797999999997,8.2317689,2455.5,2537.3450000000003,1.8014123349999995,1.8942283425000002,3.8043632749999996,3.9222374724999995,8.105822085,8.362375427500002,20.5347791928,19.904832551682503,21.18933346386,169.25361695674192,161.66080507355687,177.60420443041636
h2o,58m,2.0GHz,2156.7,1.7436952,4.9189819,8.8309937,1952.8925000000002,2401.4375,1.5990222775000003,1.9242735124999997,4.4514251175,5.519040525,8.018382927500001,9.897340847499999,19.657611694,15.599867135914998,25.3315665970125,185.69196940054252,124.41264209718744,264.6593625575286
h2o,58m,2.4GHz,1858.1,1.5879455999999998,5.976831,9.3238769,1717.5674999999999,2023.635,1.4790523825000002,1.7050176575,5.5355286900000005,6.500023495000001,8.6391715375,10.072811705,17.6229044613,14.765016697700002,20.670201790255,170.22433373284176,130.49240598837522,215.1870959715133
h2o,58m,2.7GHz,1636.9,1.4499509,6.6667541,9.632556000000003,1516.465,1790.915,1.3498090575000001,1.571551975,6.1556151,7.341241577500002,8.909228195,10.5385009075,16.063800019200002,13.46195131038,19.35952429019,160.99883125037488,120.78593889637085,214.8943890022881
h2o,58m,400MHz,10659.5,4.659369,5.7438047,21.0281555,9887.9925,11705.467499999999,4.334202685,5.110692255,5.294729892500001,6.2558128225,19.437094565000002,22.854259315,228.68957396780002,192.9010398307625,272.429360107425,5022.1912407026875,3770.857150042412,6987.461822679052
h2o,58m,800MHz,5047.8,2.6341309,4.0300477,11.812787,4950.4975,5140.81,2.59108294,2.6774933474999996,3.9357264275,4.1104511975,11.596053585,12.009847964999999,59.677179961,57.52094059214751,61.6384731118575,706.0580704939642,669.5392256873826,740.1336792274608
h2o,87m,1.2GHz,2640.5,1.7564515,3.0527466,7.461535499999999,2490.89,2887.7149999999997,1.64873416,1.9225786774999998,2.8701709925000003,3.373281825,7.035650242499999,8.206544017499999,20.0644257451,17.499123843452498,24.324935199135002,156.13571529363463,123.34504462839315,214.2335742427138
h2o,87m,1.6GHz,2433.3,1.7786621999999999,3.7421816,7.937683099999999,1994.5025,2932.51,1.486789645,2.1395208424999996,3.0769952175,4.5542607475,6.5882992125,9.6625041475,21.3346125793,13.279071785374999,31.578947542007494,208.62849617687297,95.99679696621726,375.3545661082021
h2o,87m,2.0GHz,1692.0,1.3802491,3.8589663,6.8747861,1554.4,1859.2024999999999,1.28253632,1.4878343825,3.5658147099999997,4.26553151,6.336727815,7.551675462499999,11.8886114956,9.793666425167498,14.391814828392496,85.53315671425435,62.82894351232185,116.62458733407493
h2o,87m,2.4GHz,1430.6,1.2487914999999998,4.679754600000001,7.2653992,1315.195,1582.1125,1.1512260775,1.372385075,4.301079395,5.1885607574999995,6.665698399999999,8.0832733025,10.634237696700001,8.817713793952501,13.10612553012,81.12601944007505,58.90337017460954,108.83263178817141
h2o,87m,2.7GHz,1217.7,1.1027587,4.9713808,7.1906005,1149.185,1317.91,1.0512234999999999,1.18251673,4.69434635,5.345926355,6.7968679550000015,7.770648694999999,8.874539090599999,7.830014485385,10.387167370414998,65.69335697508617,52.650702747039674,85.87091977018608
h2o,87m,400MHz,7866.2,3.5161499,4.2131226,16.0421448,7621.88,8154.837500000001,3.38839181,3.67149921,4.100404569999999,4.3661888075,15.55806836,16.65434058,126.5684201205,119.23492940173251,136.70213443797,2043.2464942350907,1854.711622226834,2300.51719037416
h2o,87m,800MHz,5062.4,2.7092166,4.0614685,11.9927003,4524.695,5549.895,2.4288637525,2.9594048525,3.6256705775000007,4.4073583775000005,10.719162299999999,13.05316418,62.239022252,50.3852450798,73.1636912711025,781.0294806505395,584.409440199967,955.9013084086417
jme,116m,1.2GHz,1106.8,0.47717289999999996,1.2137086,2.7841673000000005,1047.1975,1164.5025,0.4384539675,0.5148791325,1.12207415,1.296060715,2.5999395375,2.9608844325000003,3.1093717671,2.7635892125874997,3.4486257298175,8.822534820637689,7.410007051253295,10.227349005800273
jme,116m,1.6GHz,779.4,0.3711976,1.0828980000000001,2.2145998000000002,685.9825,867.0,0.3150692425,0.4256676875,0.9309198249999999,1.2312393275,1.9065544850000002,2.4736313925,1.7907825698,1.3960434800025003,2.1682957726825007,4.260566046147228,2.9661241482996115,5.603788531542325
jme,116m,2.0GHz,616.0,0.31218880000000004,1.2107115,2.1230347000000003,574.995,656.61,0.2828063425,0.34270747,1.1155749175000003,1.3126446749999998,1.9510115999999997,2.28127166,1.3246450644999999,1.1516617942925,1.51613676327,2.8897465984070623,2.3400161297800057,3.523905914014689
jme,116m,2.4GHz,490.0,0.2551818,1.3403812,2.0763734000000005,450.0,532.2,0.22649560000000005,0.28683745750000006,1.1737653425,1.53875536,1.8423299450000004,2.33130542,1.0425190656,0.8445443418975,1.256785592355,2.295670160169467,1.659812688084915,3.0885568853677614
jme,116m,2.7GHz,446.6,0.240033,1.4260802999999997,2.1006654,402.7925,490.1025,0.20850931000000003,0.2759735075,1.2171967399999999,1.6371412799999998,1.8308889824999999,2.3808750825,0.9704173597000001,0.7530827672649999,1.2014464033899996,2.1942188569806147,1.5270975718998039,3.0104476716662885
jme,116m,400MHz,2685.0,0.8929197,1.4228942,5.0937072,2250.9025,3107.6625,0.745092595,1.0452780975,1.1788402975,1.6616997875,4.303908577500001,5.9608303375,14.643605377999998,10.208493546447501,19.1260143350775,84.54536996053773,49.031199716990365,124.28819515265842
jme,116m,800MHz,1430.9,0.5507936000000001,1.156653,3.1404053,1270.7825,1574.0025,0.466653545,0.6408046925,0.9625088175,1.3959456625,2.7151807150000002,3.5659308225000004,4.6616616143,3.6657585639850003,5.6830704162525,15.839584657259067,10.658325649100172,22.008202368529787
jme,145m,1.2GHz,1139.6,0.5148072000000001,1.2430786,2.8757510999999996,1080.4775,1183.7,0.47063857750000004,0.5555911075000001,1.1540380575,1.3069787375000002,2.695445625,3.0137169399999997,3.2993897442,2.9446003900949997,3.5701639530824996,9.619497364934821,8.339963151196901,10.7602663219722
jme,145m,1.6GHz,709.2,0.322687,0.975238,1.9976378999999997,635.4675000000001,791.735,0.282523665,0.36463976249999996,0.8539301625,1.0921400350000001,1.76435111,2.24166751,1.4633330424,1.1717062498800002,1.7762368629224998,3.1176830031588336,2.1444925276060984,4.154180069369323
jme,145m,2.0GHz,639.3,0.3261352,1.2728697,2.2213196,572.4825,706.115,0.2814949525,0.3717112275,1.0967862849999999,1.44778985,1.9478061400000004,2.4938507575,1.467660645,1.1496420658375002,1.7719446021624996,3.4935256337414713,2.4070007257632824,4.73600222751526
jme,145m,2.4GHz,477.1,0.2502991,1.2789734,1.9986144,422.57750000000004,546.8125,0.21328273,0.29268368499999997,1.0465789825,1.5272696475,1.6861784875,2.3557602250000005,1.0061465971999999,0.7367599493225,1.3415810121475,2.2859552393882643,1.2559714672354632,3.5514192497817523
jme,145m,2.7GHz,453.8,0.24866939999999998,1.535565,2.2233823999999998,403.39,513.7,0.2025131825,0.29772396,1.254255495,1.8606864025000003,1.8664426950000002,2.6634681650000003,1.0719184823999999,0.7630805617975,1.467950727085,2.7571520557360465,1.379301305160615,4.25281008604988
jme,145m,400MHz,2741.7,0.9098510000000001,1.4527282,5.1947875,2350.595,3063.2,0.7785811675000001,1.0353745950000002,1.2395746800000003,1.6453159324999997,4.512443,5.871580585,14.881087612599998,11.1373058541775,18.417358287877498,83.57952436510561,57.02544304187159,109.56880780075637
jme,145m,800MHz,1613.2,0.6075378,1.2381103999999998,3.465625,1522.38,1705.7025,0.5642491550000001,0.64822928,1.1569892425,1.3122650575,3.2646048399999996,3.6899977424999992,5.6429120647,4.975706977110001,6.369268703562499,19.92685712679549,16.77202500341969,23.2958577553508
jme,174m,1.2GHz,1081.9,0.47662950000000004,1.1806458000000002,2.7143922,971.9925000000001,1167.915,0.41700701500000004,0.532216915,1.0381251325,1.29218009,2.4113855900000005,2.9677130725,3.0072038029000003,2.4606394565925003,3.4939428478425,8.53485475457207,6.455475485160137,10.555913537709346
jme,174m,1.6GHz,826.0,0.4117858000000001,1.1841307,2.391394,747.0975,891.8025,0.35513411,0.46359596249999996,1.031462275,1.301956365,2.13526958,2.6141300774999996,2.022408756,1.6289785555675003,2.35320878558,5.0627856881500595,3.7341213524588874,6.314645434022532
jme,174m,2.0GHz,529.8,0.24937749999999997,0.9853453999999999,1.7612730999999997,485.3925,574.605,0.2255032925,0.27303506,0.8788516350000002,1.089153345,1.5833850525000002,1.93697349,0.9531876260999997,0.7813845548724999,1.1323066957849999,1.754975210942288,1.2818057023407443,2.2422337191476682
jme,174m,2.4GHz,524.6,0.28454579999999996,1.4659545999999999,2.2593203,483.195,566.2275,0.25044758250000004,0.3239518325,1.2994782950000001,1.632958715,2.0165554775,2.495700245,1.2113456842,0.9982585465275001,1.4203182609999996,2.868748974705351,2.0175883636184198,3.676576102099995
jme,174m,2.7GHz,520.3,0.29222420000000005,1.8173585000000003,2.6075562,486.395,554.8075,0.26242963750000003,0.32844459499999995,1.65067988,1.9903753474999997,2.39542505,2.8722135575,1.3755593935000001,1.1739316437900003,1.5750169783474999,3.7076952342718457,2.847824700752764,4.570176086782791
jme,174m,400MHz,2976.6,0.9991151,1.5802615000000002,5.6524293,2651.945,3224.645,0.875551975,1.0906932725,1.3887816025,1.7239560899999997,4.9687630575,6.160916195,17.3302675249,14.0287094630275,19.98640101472,102.73531782805239,76.82578918256074,123.96053144796078
jme,174m,800MHz,1567.2,0.6050842000000001,1.2060670999999998,3.3841677,1406.5674999999999,1720.6325,0.5271453075,0.67965955,1.0580321475,1.3266916925,3.0128602,3.7210601325,5.450809121499999,4.39383195452,6.422157277554999,19.422242870159657,13.499140024332899,24.623480503351253
jme,29m,1.2GHz,1557.1,0.8269776,1.7565795999999998,4.2606567,1483.2825,1645.7025,0.77810111,0.8822808850000001,1.6630691625,1.8572768775000004,4.0448254225,4.475153509999999,6.6855254788,5.9872091588075005,7.4887754036850005,28.93614173542246,24.44162245501432,34.28230177252213
jme,29m,1.6GHz,1212.7,0.5767028000000001,1.7379882000000002,3.4664977,1110.5974999999999,1320.8325,0.5096895375,0.6439870200000001,1.57645675,1.9216654400000002,3.1786742324999997,3.8203696074999995,4.3016600161,3.5250556264375,5.2155638912925,15.656995147485002,11.731077649598314,20.660091190474812
jme,29m,2.0GHz,1150.5,0.6238157000000001,2.4217956000000003,4.1179565,1050.3725000000002,1247.5275,0.5455050575,0.6837949074999999,2.1563111850000003,2.666384565,3.7197536775000004,4.5257744925,4.8437041027,4.018016828297499,5.635738844577501,20.84282061752914,15.717399329922872,26.066769504330075
jme,29m,2.4GHz,923.1,0.535553,2.6767884,4.078210700000001,836.285,1014.3299999999999,0.47573395500000004,0.6004348525,2.35532697,3.0081916074999997,3.623465395,4.54968779,3.8741929135,3.1210716565300007,4.698060956367499,16.795598163826696,11.555802618921824,22.6531945706987
jme,29m,2.7GHz,829.0,0.5137754999999999,3.0223205,4.307788100000001,755.4925000000001,907.5374999999999,0.463390635,0.5719988274999999,2.6714459575000005,3.4055358524999995,3.8296824974999994,4.801354525000001,3.6631943082,2.9563134823175004,4.4662994206225,16.707086400377612,11.824857788575345,21.91127609724268
jme,29m,400MHz,4121.5,1.6888491,2.2540347,8.5073241,3769.2625000000003,4477.5475,1.5472024174999999,1.8321691075,2.0706203249999997,2.4401174100000005,7.823109007500001,9.267748195000001,35.70811858990001,30.112806996207496,41.874545595639994,315.09037995743546,233.76204143777937,404.72591469750375
jme,29m,800MHz,2732.3,1.2991391,2.1778808000000005,6.4191284,2535.8975,2939.335,1.1987972800000002,1.4007344525000003,2.01942479,2.3218389575000002,5.942116052500001,6.8563764250000006,17.773354609900004,15.291450957567498,20.290303726420003,117.08986928365584,93.47314429141962,143.3080827661751
jme,58m,1.2GHz,1058.2,0.4578672999999999,1.1503478999999999,2.6487548,962.495,1150.4325000000001,0.4030894175,0.5150772349999999,1.0310592575,1.2749105625000001,2.3737618975,2.9031954675000002,2.8704681953,2.3270583631900004,3.375617486755,7.96645428591854,5.753992212741254,9.910536305234855
jme,58m,1.6GHz,903.7,0.45340579999999997,1.3135069,2.6310972,834.7975,962.5074999999999,0.39576268000000003,0.5065565124999999,1.1909103800000003,1.421958575,2.4007117925,2.831341105,2.4149555571,2.0458932935400003,2.741121038575,6.558825115763765,5.158973271025262,7.974270670653202
jme,58m,2.0GHz,598.7,0.3070189,1.185968,2.0730837,531.6975,674.4075,0.25632884,0.3598822125,1.001084665,1.375173295,1.7818487925,2.3814879275,1.2987559801,0.9713284358775001,1.6415746644400002,2.9673917897818263,1.820051961749168,4.32762764493908
jme,58m,2.4GHz,467.8,0.2411621,1.2105959000000002,1.9086977,427.395,522.3225,0.21302829750000002,0.27530571249999997,1.05681351,1.4089782524999999,1.6956216649999998,2.17335301,0.9221850629,0.7236979294975001,1.1624610681375,1.9023001980257424,1.2624455680671838,2.786249027165504
jme,58m,2.7GHz,476.6,0.26082150000000004,1.5979247,2.318976,430.595,528.5025,0.22669618999999996,0.30449074249999997,1.350355475,1.9018689475,1.9902438800000002,2.6919378775,1.1511873261,0.8707189446424999,1.51097870429,2.949336573200824,1.8302192422678019,4.39430261602776
jme,58m,400MHz,3389.7,1.1409605999999999,1.8019652000000002,6.425591899999999,3110.1499999999996,3616.31,1.038116985,1.2226881474999998,1.6549130374999999,1.928149965,5.89271641,6.848668710000001,22.122227103900002,18.784061480085004,24.7621813345,146.1356416525654,115.64724217013146,169.42719435746903
jme,58m,800MHz,1575.3,0.5869813,1.2020507999999999,3.3770812999999995,1427.445,1694.8075,0.5262514,0.6384030475,1.0813510800000001,1.3060228325,3.0373981725,3.6396407999999996,5.4292049953,4.560624932825,6.2007558110875,19.013541142919017,15.009810189444805,22.681453504997517
jme,87m,1.2GHz,1026.7,0.43165890000000007,1.1057067999999999,2.5549866,915.58,1116.605,0.3734716174999999,0.485947875,0.969927515,1.2225981650000002,2.247883385,2.8174886449999996,2.6946842451000004,2.1539056934425,3.1453924106850004,7.240027201267887,5.314078221479681,9.025165258141639
jme,87m,1.6GHz,721.4,0.3206298,0.9592837,1.9956969,665.595,774.4,0.288868215,0.354656915,0.8725797325000002,1.0456110575,1.8340523975,2.159669855,1.4633990601,1.226369225915,1.6803797351125,3.0196821206212823,2.3007530222608445,3.7646328658639225
jme,87m,2.0GHz,652.3,0.33098150000000004,1.2965209999999998,2.258368,591.895,703.105,0.29363853250000005,0.37302275250000005,1.1303532500000002,1.450877125,2.0124483725,2.4897047700000003,1.5096711366000002,1.2079350794100001,1.7898144628274997,3.591770460255181,2.598143421793953,4.66172134301163
jme,87m,2.4GHz,495.7,0.25235599999999997,1.3046264,2.0470398,458.175,534.305,0.23010178749999996,0.27581393750000005,1.1868877025000002,1.440795425,1.8675899950000001,2.223563165,1.0339882035,0.8601433710574999,1.2065118260999996,2.20114353814261,1.6731898935381055,2.7622270337519566
jme,87m,2.7GHz,484.5,0.2697206,1.6542967000000002,2.3928038999999997,430.595,541.425,0.2335192225,0.30783452499999997,1.3907026025,1.9475000574999999,2.0361635025000004,2.81501915,1.2112783300000003,0.8915594246525002,1.520198923695,3.206474176061942,2.0293934136335574,4.66071540830476
jme,87m,400MHz,2991.3,1.0020569,1.5948425,5.684777599999999,2656.18,3311.3025,0.8808181849999999,1.1145677875000002,1.4044660275,1.7606135875,5.025826984999999,6.290175749999999,17.541259872699996,13.870727691934999,20.793079365952494,105.4660350502505,76.4668504571372,134.41465506627844
jme,87m,800MHz,1418.8,0.5373718000000001,1.0834779,3.0431152,1211.9875,1631.9125000000001,0.44456926,0.629503165,0.9059010650000002,1.2574626300000002,2.5614123474999997,3.5440966875,4.5892817745,3.26998788526,5.84606152893,15.53628258943468,10.102025184363436,21.089048872740875
jython,100m,1.2GHz,1625.8,0.6556152,1.9107238,4.118280199999999,1594.2875,1655.4,0.627808205,0.6815495525,1.8757942125,1.9446173625000003,4.02126382,4.206017467500001,6.7031143047,6.408716372805001,6.9563488414125,27.6743183787871,25.877968048776108,29.33917506274749
jython,100m,1.6GHz,1826.5,0.9623167,2.8450378,5.511981199999999,1806.49,1850.505,0.9347246149999999,0.9831340825000001,2.8092331775000003,2.8800139549999995,5.436244332500001,5.583224102500001,10.0714665749,9.840087316447498,10.319371522924998,55.55944140430164,53.459706920218885,57.61203084324817
jython,100m,1.8GHz,1062.7,0.47878420000000005,2.0626708000000002,3.5708739,1051.9975,1077.2025,0.4590392,0.50205919,2.0341749675000003,2.0932697399999998,3.5221732875000002,3.6230214875000004,3.7964216006999996,3.7120702605074993,3.9196660198149997,13.569680020312157,13.086108510435707,14.177507979524103
jython,100m,2.0GHz,980.5,0.47882689999999994,2.2977356999999996,3.7165223000000003,966.9,994.0025,0.46588033000000006,0.4916160299999999,2.257441915,2.3385441624999994,3.6555299949999998,3.7748129375,3.6462094749,3.5382245538224995,3.765348111347499,13.568955343270915,12.934031266046874,14.173703670314282
jython,100m,2.4GHz,815.0,0.4358642,2.7310547,3.9343812,804.695,825.7,0.41975039000000003,0.45060481,2.6901695324999997,2.7765600100000003,3.8746734450000004,4.0006139825,3.2080984246,3.1156385822774997,3.2933878707375,12.636115833618636,12.072220427885117,13.159585831564506
jython,100m,2.7GHz,727.3,0.40532209999999996,3.1052369,4.1947509,717.7,737.4025,0.39312298999999995,0.41792748,3.06535579,3.1487416775000003,4.1343286725,4.256083842499999,3.0523370407,2.9713795939424994,3.1369185917999998,12.816785991467402,12.243076266781479,13.372026246038017
jython,100m,400MHz,5070.1,1.6504703000000003,2.740796,9.4051268,4973.6775,5158.915,1.6198295725,1.6762299425,2.6947987825,2.7859577375000004,9.218285375,9.586715159999999,47.7254828567,45.98316806428001,49.81496798756999,449.71822697450114,425.004415587781,475.671895738476
jython,100m,800MHz,2473.1,0.9058653999999999,2.0034362999999997,5.241662700000001,2419.69,2527.6025,0.8692699525,0.944697325,1.9460034724999995,2.06324628,5.116680472500001,5.383600202499999,12.9824545089,12.337168407567502,13.63174018988,68.27415129991326,63.57070963477657,73.79817484072865
jython,125m,1.2GHz,1619.4,0.6452029,1.9301819999999998,4.0843446,1592.4975,1654.8,0.6183611250000001,0.671692565,1.8807737949999996,1.992861765,3.9971057125000007,4.1897869925,6.622641794399999,6.3491583746975,6.9729700220924995,27.131597798471233,25.383474421682898,29.395699552174065
jython,125m,1.6GHz,1810.6,0.9381042,2.8091367999999997,5.4430604,1789.7949999999998,1828.9,0.9190926700000001,0.95791676,2.7789976,2.8412344450000004,5.378516642499999,5.5043670075,9.8584417014,9.617285455457498,10.0710166266875,53.69665947515132,51.853585082133726,55.609102682572875
jython,125m,1.8GHz,1062.6,0.47770389999999996,2.0554870999999997,3.562091,1039.595,1089.7,0.4605233625000001,0.4949143725,2.0080307299999998,2.103822335,3.477957255,3.64966112,3.7905793789,3.6225059170725,3.9885870972125,13.542412087523974,12.580713596024374,14.690864825965825
jython,125m,2.0GHz,992.7,0.4806458,2.3316101000000002,3.7654539999999996,973.995,1010.31,0.45969290249999994,0.49959185999999994,2.2872151075000002,2.3743965225,3.6987448675,3.8283024174999993,3.740975398,3.6098552040325003,3.8710641626474995,14.109388227630387,13.367813540121448,14.857666407506768
jython,125m,2.4GHz,808.6,0.4160035000000001,2.7112425,3.8966431,784.7,834.0025,0.3957900725000001,0.43984873750000003,2.6279339125,2.8085229025,3.7798433825,4.0199058075,3.1591224288,2.968472383055001,3.3710832963175004,12.376521055577319,11.251537257422772,13.620561416137814
jython,125m,2.7GHz,731.1,0.405133,3.1490722,4.2385864,719.5,740.7025,0.391471265,0.4172624325,3.0865573000000004,3.2081206100000004,4.1540390975,4.31532408,3.1008489995999997,2.9967179968325,3.185517691645,13.163170451164897,12.5244712217131,13.764811537475643
jython,125m,400MHz,4854.6,1.5682186999999999,2.6142761,8.9746031,4804.1875,4911.0225,1.5398060425000002,1.6017539950000002,2.5828466125000005,2.6489766374999997,8.859574132499999,9.1014807425,43.5812081452,42.537770946005004,44.555331072975,391.440600219299,376.0064280720179,405.30483598180314
jython,125m,800MHz,2504.0,0.900592,2.0205075999999997,5.2877626,2446.0,2568.7,0.8798529574999999,0.9198635449999998,1.9732359949999998,2.0766248325,5.1590662,5.432171955,13.2624915523,12.6176908202625,14.021174616402503,70.36196782743386,65.24710730422905,75.72391704387351
jython,150m,1.2GHz,1628.5,0.6397584000000001,1.9266479,4.0679931,1601.195,1656.3075,0.6191849725000002,0.6582846400000001,1.8941067575000001,1.9563546175,4.0016626125000005,4.135535525,6.629402521499999,6.42232650982,6.85262151392,27.00602679336983,25.637083823787105,28.244622143636455
jython,150m,1.6GHz,1812.2,1.0448974,3.1837769000000002,5.8736939,1796.6,1830.3075,0.9430461175,1.1704837700000001,2.7988747725,3.7354800125,5.42924433,6.4911403199999995,10.656005454,9.771757977459998,11.808716377875,63.979301839328244,53.1880744801086,79.42384168143266
jython,150m,1.8GHz,1079.0,0.4990296000000001,2.0861636999999997,3.6247924999999994,1048.7825,1110.9,0.472339515,0.5232377699999999,2.026615105,2.1557520400000003,3.5242392225,3.7404425825000005,3.920164645999999,3.6950812211174995,4.183379557285001,14.277091058139092,13.098088514281969,15.667055699964335
jython,150m,2.0GHz,985.4,0.49038699999999996,2.309497,3.7404784999999996,964.8,1004.1,0.4709650825,0.506296765,2.2612002,2.36123722,3.662767367499999,3.8196020324999993,3.689526309,3.5352742899650003,3.8298446022975,13.830247791163023,13.03723466563904,14.678366650343058
jython,150m,2.4GHz,819.7,0.4299378,2.744702,3.9495115999999997,806.9925000000001,830.0025,0.41119851500000004,0.44965953000000003,2.7035725900000003,2.7802500099999996,3.8892838174999995,4.005958315,3.2391865542000007,3.139087579505,3.3262019028725005,12.807631690416816,12.245465822908463,13.366631882729227
jython,150m,2.7GHz,733.6,0.40254520000000005,3.1279172999999996,4.218335099999999,719.995,747.5,0.387006515,0.4201804874999999,3.0795922925000005,3.1777794624999998,4.1413125025,4.2882177125,3.0972583902,2.9822149564250005,3.2062245472825,13.08750978095228,12.308334948278217,13.813527044177114
jython,150m,400MHz,5043.0,1.6628539,2.763214,9.3912418,4966.9925,5124.13,1.6342889449999998,1.6948750875,2.7039253,2.8234314575,9.229342752500001,9.5417725125,47.38104820310001,46.079422119225,48.76200122619,445.4902916701068,425.48009222902874,464.7444325493751
jython,150m,800MHz,2468.4,0.9062071999999999,2.0176573,5.2461549000000005,2414.5724999999998,2526.51,0.8813825725000002,0.9288798749999999,1.972701435,2.0610348124999995,5.13213793,5.354561137500001,12.9657151545,12.391739848935,13.5410251242,68.18449265168152,63.89813330465774,72.3882242327461
jython,25m,1.2GHz,21461.7,9.2636656,24.562909100000002,52.768121099999995,21319.085,21624.465,9.1600499525,9.3786846275,24.380658035,24.762606857499996,52.36874333000001,53.215840665,1132.6446335355,1117.5395894741876,1151.0845800402026,59785.30113904634,58493.90583108765,61245.940204437175
jython,25m,1.6GHz,30395.6,16.618579000000004,46.240753299999994,90.62500020000002,30000.6775,30822.4425,16.095814847499998,17.4883015675,45.700568090000004,46.77728138249999,88.875315055,93.0623850075,2756.7935957979,2669.2599580932674,2858.2899582401524,250410.92784558027,237919.26094671612,269633.57254858606
jython,25m,1.8GHz,14801.2,7.654272499999999,27.1372008,48.255749699999996,14650.695000000002,14965.6025,7.52591854,7.78532701,26.871267222500002,27.399459022500004,47.746960577500005,48.792860877500004,714.4552162450999,699.7682813229251,729.6675371406126,34497.37452384753,33395.83403560545,35612.16517044469
jython,25m,2.0GHz,13429.7,7.307000499999999,29.6449218,49.0826476,13240.035000000002,13583.93,7.18934664,7.4075833475,29.338420322500006,29.9475917425,48.515130330000005,49.624517925,659.4080891217001,643.1823137879124,674.9737551316175,32388.35933763242,31176.03887976625,33448.119020149505
jython,25m,2.4GHz,11632.3,7.550909299999999,35.9299012,54.574438400000005,11493.4725,11765.720000000001,7.1829066775,7.957074465,35.6232602775,36.2398305275,53.397345734999995,55.8194409875,635.2021240213,615.2989440123926,656.4831387811101,34726.272934703586,32903.76847012919,36533.1865432351
jython,25m,2.7GHz,10562.8,7.7060912,41.020733899999996,59.380224600000005,10460.295,10661.8025,7.6074128275,7.7931066625000005,40.62989954749999,41.34015659,58.79525204750001,59.9012990075,627.3671396693,615.399685159735,638.2459739005601,37270.37155831285,36151.03275488274,38197.89970851184
jython,25m,400MHz,60437.9,21.742852799999998,33.4592042,114.18112779999998,59797.27,60996.552500000005,20.68175902,22.86961137,31.836579714999992,36.417477575,109.87599719250002,118.6696642575,6905.8196647821005,6596.43617441726,7209.71166039631,791935.9707116504,733421.7029746702,858205.7946673789
jython,25m,800MHz,31254.5,11.956653,24.691442799999997,64.97357769999999,30960.7625,31648.9525,11.826872737500002,12.112442312500002,24.4707463525,24.98932512,64.40846699,65.6931545075,2031.2778136593001,1995.6165444388325,2079.4295598677672,132051.34052807724,128266.39891565607,136407.45052061958
jython,50m,1.2GHz,1922.7,0.786676,2.2814638,4.9580689,1863.1775,1977.505,0.7572753425000001,0.8161264649999999,2.2168954625,2.3453048400000003,4.810381742500001,5.0894918375,9.553249743699999,9.031835888395,10.129146290690002,47.56437264498756,43.29175268217103,51.67470950623194
jython,50m,1.6GHz,2153.5,1.130493,3.3554563,6.492578,2089.6924999999997,2205.1075,1.1049079099999997,1.15861602,3.264115825,3.4404871450000005,6.316503717499999,6.642446059999999,14.005910469699998,13.277941905527499,14.7013152393775,91.24408041670951,84.05552289386613,97.4079448586225
jython,50m,1.8GHz,1306.1,0.6305053,2.5112242,4.386389299999999,1270.9,1345.815,0.6064854925000001,0.6541771374999998,2.441973595,2.5861761175,4.261112409999999,4.5172872425,5.7416209345,5.4199281851625,6.091407009397501,25.300759617255906,23.296728425298053,28.018122155296652
jython,50m,2.0GHz,1157.1,0.5628602,2.6802307999999995,4.342956599999999,1121.1,1192.9025000000001,0.53407468,0.592403435,2.600828105,2.7647800275,4.214143675000001,4.475162325,5.0377116939999995,4.728246640687501,5.3388614410225,21.98922933006702,20.106382468399953,23.96320794415488
jython,50m,2.4GHz,999.9,0.5354430000000001,3.3167543000000004,4.7911987,971.7925,1026.31,0.5104288700000001,0.5604597225,3.20872622,3.4012763175000003,4.637080467500001,4.9190793525,4.8005851764,4.55107294379,5.057790834074999,23.09381091528511,21.156989006661043,24.873917876041993
jython,50m,2.7GHz,918.0,0.5007507,3.8899904,5.2455566,874.295,965.7175,0.4815573875,0.5203043175,3.70412798,4.121859667500001,5.0147065925000005,5.5407063025,4.8476709947000005,4.38225413596,5.43995831784,25.785031531527473,22.183076578704664,30.33955596434165
jython,50m,400MHz,6037.9,2.3417053,3.2567625,12.224011199999998,5863.5825,6267.3775000000005,2.2704876625,2.4296705274999995,3.15785671,3.3947150175000003,11.8581111275,12.719009267499997,74.03894584349999,69.787329740375,80.44753962075998,911.0279474663397,829.5148663990991,1030.4187578268861
jython,50m,800MHz,2889.2,1.0848083000000002,2.3199098,6.2326416,2822.395,2957.2149999999997,1.0390726075,1.1363445749999999,2.2656289075,2.38289795,6.0393236475,6.436437207500001,18.0352479588,17.104136613005,19.0050721902125,112.87449307226044,104.07799673184122,122.04909379884819
jython,75m,1.2GHz,1622.8,0.6568846,1.9178285,4.1698608,1587.39,1657.905,0.635649735,0.6787182375,1.8732527075,1.9660425000000004,4.084926015000001,4.261852300000001,6.774940915499999,6.492767457965001,7.071596577440001,28.317900488973994,26.52804522681954,30.17767872362761
jython,75m,1.6GHz,1839.9,0.9699527,2.8598024000000004,5.544543399999999,1816.3975,1862.8,0.9407423125,0.99549081,2.8157120575000003,2.9005933250000004,5.46168971,5.629708850000001,10.206200224000002,9.9035637295175,10.477378260015003,56.6485219408774,54.185037058285324,58.8380722754733
jython,75m,1.8GHz,1101.1,0.5124513,2.1250001000000003,3.6993835000000006,1075.595,1125.92,0.4964568975,0.5264785700000001,2.0715783375,2.1761846575000003,3.617968742500001,3.7831119675,4.0788498965,3.9022853879025,4.2661941590325005,15.129545185921287,14.155866178648182,16.167273743393316
jython,75m,2.0GHz,1001.2,0.4859865,2.3380736000000004,3.7835387999999996,988.495,1013.5,0.4671289925,0.503482405,2.3078497474999997,2.3655592774999996,3.7225926625000008,3.83246267,3.789730187399999,3.6882838458925,3.88662511505,14.35239110968629,13.738657458103926,14.864116098449465
jython,75m,2.4GHz,836.8,0.46067519999999995,3.0027892,4.2418336000000005,822.5925,851.9,0.4341119275,0.5013920075000001,2.7449379025000002,3.4456090325,3.9617643374999996,4.7150264275,3.5553749144999998,3.2611775342600002,3.993418015055,15.504909019074564,12.895716679622799,19.621628617031245
jython,75m,2.7GHz,732.4,0.4056703,3.1268616999999996,4.2208617,720.1,744.0074999999999,0.3904655925,0.4218075425,3.0710736525,3.1823174475,4.142176925000001,4.29488585,3.0937208033,2.9875449953774997,3.1993034459699996,13.079517668962486,12.362825452989327,13.72398612992825
jython,75m,400MHz,4948.0,1.5916078,2.6501586,9.1543031,4855.7925000000005,5049.4,1.5547832575000002,1.6337328,2.5871455450000003,2.7213695925,8.9747962925,9.3293294275,45.3353868053,43.7192068979625,47.160338342325,415.78121612234463,393.51776634980365,442.0464174431249
jython,75m,800MHz,2477.3,0.9088010000000001,2.0235288999999996,5.2605408,2441.7975,2511.8050000000003,0.8862022875000002,0.9358767050000001,1.98844107,2.0569948675,5.180285034999999,5.34506317,13.0387256092,12.682006426375,13.418066419747499,68.66874201985426,65.76951316244265,71.53218429908475
luindex,13m,1.2GHz,4491.7,1.798346,4.635498199999999,10.5386168,4331.66,4653.7175,1.7316404975,1.8736823249999999,4.4497643225,4.8517632475,10.14122903,10.9540379625,47.503966809999994,44.191798212834996,51.04124059631249,504.3210010530505,446.2709161393061,564.7644966012213
luindex,13m,1.6GHz,5974.0,3.2007932999999995,9.103546099999999,17.747937,5680.4425,6241.535,3.01571143,3.384571165,8.6542325,9.5796977025,16.859843764999997,18.6712025425,106.72167724789999,96.46045595479751,117.40726162576749,1918.8719136109146,1646.549193599063,2207.138256359115
luindex,13m,1.8GHz,3288.6,1.4468197999999999,5.2827025,9.878143,3187.085,3394.005,1.3991959225,1.4891408050000001,5.1231955275,5.4615307275,9.583302562500002,10.1451659675,32.54706654779999,30.7083835505025,34.371205459974995,322.75958532870044,295.3149908832114,347.6789043572218
luindex,13m,2.0GHz,3067.6,1.3577025,5.5547667,9.879486400000001,2955.08,3211.3124999999995,1.310339045,1.3997469649999998,5.3085934775000005,5.7596114125,9.526348270000002,10.175234055,30.387039982399994,28.190294343555006,32.67667632301501,301.822770083079,272.45597762178085,331.88614609166706
luindex,13m,2.4GHz,2663.5,1.3120911,6.882190000000001,10.7529661,2474.0724999999998,2867.47,1.22185445,1.4280446425,6.393897645000001,7.3692443125,10.0432937875,11.579530787499998,29.0234420721,24.662351047962495,33.2506280283225,320.2397772284311,257.96028644812856,389.4904003427023
luindex,13m,2.7GHz,2592.4,1.3523133,8.1754088,12.030426,2443.9875,2741.23,1.2740619575,1.4300973399999997,7.769338412500001,8.6652249075,11.37826608,12.686594809999999,31.406211627799998,28.268811113617495,34.9432910632375,383.2149009678453,321.7453782492462,439.87575844126985
luindex,13m,400MHz,11900.3,3.9374085,6.1205074999999995,21.462085000000002,10789.585000000001,13369.34,3.5237155275,4.403227279999999,5.550539782500001,6.861210605,19.438346797500003,23.973196135000002,263.0060007095,209.18405784734998,329.2749632459,6001.117669250397,4198.829228825113,8246.113010970435
luindex,13m,800MHz,6853.1,2.5365421,5.099933,13.988879399999998,6245.889999999999,7591.71,2.2878610100000003,2.8085592325,4.65429109,5.6399076625,12.803395547500003,15.3395596125,98.1490455678,80.88121020274502,121.40429769189251,1443.643530833121,1040.4295381591437,1935.1847780189864
luindex,26m,1.2GHz,2358.8,0.8457397,2.0782654000000003,5.1789183,2199.8650000000002,2555.8374999999996,0.7962385224999999,0.91115834,2.01554346,2.15811274,4.937501675000001,5.45934538,12.349194477500001,10.888413968327502,14.230949284100001,65.19324279956373,53.71520227693926,79.37081143645106
luindex,26m,1.6GHz,3192.2,1.6965208,5.0406435,9.682226700000001,3033.1875,3415.3125,1.5735068775,1.8690907925,4.6454430024999995,5.539890072500001,9.013423795000003,10.461060144999998,31.246709759500003,27.295006111867497,36.51333627695,310.9242135576783,245.78293032199744,403.81918903087774
luindex,26m,1.8GHz,1726.7,0.6803102,2.4452148,4.8432493999999995,1655.9925,1822.7050000000002,0.6505551924999999,0.71763503,2.3336980075,2.5433925425000004,4.65004728,5.076661614999999,8.412230447899999,7.736858814192501,9.4658078967,41.22265494812278,35.96613140170522,48.8920499043326
luindex,26m,2.0GHz,1927.3,0.7978027999999999,3.0446166999999997,5.7716127,1729.7725,2148.615,0.6850834525,0.9271776574999999,2.6718739050000004,3.4955295424999995,5.1307480925,6.537963897499999,11.495736996,8.978386854142501,14.7668535669475,71.55052372563748,48.1901860657649,104.56051486291285
luindex,26m,2.4GHz,1851.3,0.7666563,3.5403931,6.181359800000001,1715.285,1983.9075,0.7071928900000001,0.8379463724999999,3.1674888049999996,4.047978915,5.698560595,6.8306063225,11.583634413599999,9.947056543694998,13.8046667824975,74.16621616828819,57.05709171624765,97.64540725083442
luindex,26m,2.7GHz,1808.2,0.7273496999999999,3.8079591,6.3769531,1664.7925,1951.77,0.6803560074999999,0.767083965,3.4979438625000006,4.1318331825,6.030993517500001,6.6998735925,11.5754729662,10.429472402725002,12.694252052267498,74.5938184097594,64.18805704771418,84.72324971973833
luindex,26m,400MHz,7614.5,2.4768616000000003,3.9813964,13.8470397,6359.932500000001,8761.755,2.0388219249999997,2.8779168500000005,3.2919972874999996,4.604015285000001,11.6259834525,16.076862350000003,112.3591354323,80.47225886593502,144.60602439468997,1744.3831517195172,1027.7108642621072,2471.6098210095033
luindex,26m,800MHz,3670.1,1.2741759,2.4977479000000002,7.2874389,3055.46,4339.1275,1.0429109625,1.5167960999999999,2.1093992900000003,2.9631072775,6.2658809275000005,8.588658255,28.6422659842,20.53749914141754,40.10554080507,240.42424514010568,135.95889306897325,379.71648610074755
luindex,39m,1.2GHz,2198.0,0.7950742,2.0435729,4.9368165,1996.285,2468.12,0.7013533274999999,0.9498562624999999,1.8132823149999997,2.4462729524999998,4.456975369999999,5.680402865,11.300092554899997,8.880789769729999,15.3587309968375,61.91278577082678,39.358549234173545,98.42170784213903
luindex,39m,1.6GHz,3112.2,1.6432619,4.7657652,9.2879456,2857.3975,3427.745,1.4895798025,1.8336915624999996,4.373030969999999,5.272758302500001,8.5329646975,10.241822612500002,29.570827219600005,24.617449863349997,36.312739567105,288.492951838323,209.10966019210767,400.21586385835354
luindex,39m,1.8GHz,1682.5,0.6877197,2.3891541,4.740094299999999,1542.995,1841.3125,0.596944035,0.7874249349999999,2.1163540225000004,2.6739077525,4.280821507500001,5.31056606,8.1742572582,6.675828840320001,10.0171865622625,41.03503519355842,28.910746564463096,55.61815246103165
luindex,39m,2.0GHz,1684.3,0.6323241000000002,2.3745853,4.7264526,1568.7975,1792.31,0.59545219,0.6705801425,2.2265488700000002,2.575408195,4.482263652499999,5.0048813800000005,8.019265151099999,7.131282761932502,8.9618346211675,38.51274463577424,32.23111071140348,45.16736987271124
luindex,39m,2.4GHz,1848.3,0.9091064,3.4671323999999997,6.533819799999999,1638.59,2095.6924999999997,0.8012550575,1.0259893324999998,2.9309038124999995,4.01657989,5.781696705,7.361173665000001,12.2386169181,9.95692520421,14.706354564944998,83.79323027356524,61.13619480996162,109.53824577837264
luindex,39m,2.7GHz,1965.3,0.8255370000000001,3.8629943999999994,6.770306499999999,1751.77,2163.3275000000003,0.7128355850000001,0.9633142975,3.207996675,4.79786528,5.9045080325,8.01135172,13.7033849753,10.5792994647125,17.639359668855,102.48168983686303,63.14706125953625,154.42443456223575
luindex,39m,400MHz,6084.8,1.9524414,3.1968995,11.0869751,5139.0,7079.8925,1.6615818275000003,2.3011902649999993,2.6259925475,3.8064467325,9.4267951075,12.934402962499998,72.2820811128,50.8351451839075,98.98496607724749,924.2863224951927,469.81000237465713,1445.0993802022476
luindex,39m,800MHz,3229.7,1.1341552,2.3567201,6.5820373000000005,2806.9875,3796.05,0.9532133625000011,1.3687251075,1.8870304400000002,2.8460322099999997,5.429411477500001,7.844644322500001,22.8490537122,14.467477648120003,31.4939672494875,174.79507233277874,103.72976574015703,273.5035392246797
luindex,52m,1.2GHz,2197.2,0.775769,1.9855285999999999,4.8689515000000005,1990.0,2431.6625,0.6909690225,0.8620594874999999,1.7645591100000002,2.2588026224999997,4.437799242500001,5.3934500025,10.981329698100001,8.871265937692502,13.544139691697497,56.48088816682241,40.37922295964315,76.64740726232431
luindex,52m,1.6GHz,3455.8,1.8557373000000001,5.265851,10.295837299999999,3100.8650000000002,3874.6675,1.6081352725,2.107674615,4.725069867499999,5.892998959999999,9.192919700000001,11.51450211,36.8531303728,28.359446553747503,46.181201019834994,406.6862435150112,273.19868716249994,553.5724182679439
luindex,52m,1.8GHz,1868.7,0.7952697,2.7185364,5.3291748000000005,1712.47,2038.8025,0.6653929,0.95909523,2.1762821025,3.4366148799999996,4.63283589,6.262342664999999,10.2244674577,8.07874826495,12.566095708639999,59.39725792077186,37.682010919520465,86.91726019372817
luindex,52m,2.0GHz,1837.0,0.7067872,2.5779296,5.1519779,1683.79,1974.52,0.6277943675000001,0.787566585,2.219810875000001,2.9955555924999993,4.6105100525,5.7139997750000004,9.6071794197,8.086628733949999,11.082399669425001,51.62892358431333,39.26119243169463,66.45913294622952
luindex,52m,2.4GHz,1675.8,0.6608396000000001,3.1394348,5.501873800000001,1529.395,1843.0175,0.620939265,0.7051805499999999,2.8573874275,3.4304769475,5.2257079824999995,5.7719066175,9.241139558399999,8.28677880961,10.319150506264998,51.24302098311066,43.961488677585336,58.670714160796955
luindex,52m,2.7GHz,1729.1,0.707074,3.9400999,6.3987122,1612.03,1848.435,0.653513615,0.7625266975,3.3244939599999994,4.612884784999999,5.9036704825,7.065425157499999,11.032304145800001,9.853482132792498,12.2231822284375,71.92403607759925,59.56673359759498,86.59066829106649
luindex,52m,400MHz,6887.4,2.2370362,3.5567202,12.4794923,5644.6025,8336.005,1.7768670950000003,2.74488577,2.8393367400000002,4.317548175000001,10.2534167025,15.004473177500001,94.50849254300002,60.236959442215,134.88282976841995,1409.2356089763111,724.5989890325769,2213.1726733678447
luindex,52m,800MHz,3845.1,1.3697692000000001,2.8305234999999995,7.8556336,3166.4975,4553.132500000001,1.0900361025000003,1.6467368849999997,2.2471944100000005,3.4674213099999998,6.3861330425,9.359627885,32.863108418799996,21.87996648507,43.58475105021,301.9216165552553,156.4203193080084,448.160974945751
luindex,65m,1.2GHz,2151.7,0.7782655,2.0835025000000003,4.9156251,1923.3825000000002,2519.6875,0.6740674175,0.9451763750000001,1.7808430124999999,2.5223016775,4.306649902499999,5.936434369999999,11.2840176281,8.330609960885,16.487868434335,64.99945823201378,35.912080277971164,116.02293746049348
luindex,65m,1.6GHz,3141.3,1.6648011,4.800140399999999,9.3671327,2916.2975,3402.2675,1.5285179249999998,1.8289281174999998,4.456995507499999,5.194710400000001,8.724368392499999,10.139287594999999,29.8722682288,25.5459801206975,35.015120504605,288.80810838866023,224.82986522936025,371.79684237847414
luindex,65m,1.8GHz,1734.6,0.6622313,2.1989503,4.5626280999999995,1581.1975,1901.755,0.589484505,0.7491740900000001,1.98528124,2.4811616025,4.1689187575,4.999037725,8.0647566711,6.534612911000001,9.599555995432501,38.34850694080378,29.173236852452554,49.98711621019656
luindex,65m,2.0GHz,1719.4,0.6301207999999999,2.191223,4.589007799999999,1599.695,1848.9025000000001,0.5987172175000001,0.6608092600000001,2.1190830525000006,2.28760242,4.4310836175,4.755877787499999,7.9391293365,7.050731228675,8.7717359208775,36.78558914526779,31.964622807211217,42.22488919134806
luindex,65m,2.4GHz,1809.3,0.7206174999999999,2.899475,5.5339903999999995,1658.4825,1953.025,0.6590429050000001,0.8043776800000001,2.6625847324999996,3.1825451475,5.2911403749999995,5.7808423399999995,10.0300132909,9.11272621117,11.09445549653,55.908913574462055,48.94402421228567,64.5253985278478
luindex,65m,2.7GHz,1665.5,0.7255128000000001,3.2234439000000004,5.8403992,1564.285,1765.7075,0.693393605,0.7590725425,3.01871876,3.4437107725000002,5.608366932500001,6.0882112,9.768448712000001,8.823460417060003,10.70806310144,57.54163207815751,50.51819495389767,66.08761933220423
luindex,65m,400MHz,6499.2,2.1044007,3.4550784,11.8498352,5453.09,7664.7125,1.7772152700000001,2.4679100374999994,2.9149996425,4.0574446774999995,10.0225059025,13.7716432,82.4336661083,56.37737507686001,111.20323888051497,1111.8232909981116,641.8060086621645,1665.8388581020504
luindex,65m,800MHz,3219.7,1.1241211000000002,2.2636047000000006,6.4794922,2739.9275000000002,3791.7924999999996,0.9035119075000002,1.3611159750000001,1.7750279400000002,2.8176385125000003,5.358955417500001,7.802568905,22.5532436795,14.4459292059125,32.1558928644175,173.62280894094096,77.74793647255383,293.6652459649173
luindex,78m,1.2GHz,2528.7,1.0923219,2.3520446,6.0868167,2227.3250000000003,2829.1724999999997,0.93000673,1.2684125399999997,1.9230707599999999,2.8230276324999997,5.227403735,7.11242104,16.2136359272,11.816336083185002,21.903919655449997,111.10534329022835,60.706665647255626,173.9423929647134
luindex,78m,1.6GHz,3147.0,1.6744933,4.8208129,9.400488300000001,2856.06,3475.5075,1.48539288,1.8888326849999997,4.4132179549999995,5.326990687500001,8.542563245,10.444065072499999,30.339298026200005,24.5512993128925,37.645624925990006,300.59829554656164,209.81090393786695,402.8717536422336
luindex,78m,1.8GHz,1736.9,0.7446596000000001,2.059137,4.715618999999999,1632.0925,1871.6625,0.7005044474999998,0.7901082475,1.9799024875,2.1443746850000003,4.52615659,4.931063559999999,8.2466413926,7.397073777309998,9.1903915233225,39.35836247771916,33.69040565492561,46.222297222155746
luindex,78m,2.0GHz,1806.8,0.7709841,3.0744566,5.6386536000000005,1668.9,1947.51,0.6593203000000001,0.9111339675,2.5905799125,3.5768162025,4.949640285,6.48580633,10.4097651379,8.565982043665,12.692352331039999,62.58362648649135,45.0095493917135,87.08212241572262
luindex,78m,2.4GHz,1579.9,0.759265,3.0828249,5.673706,1431.1925,1754.735,0.7074912175,0.8074757425000001,2.8988360325,3.279165165,5.42186478,5.908710205,8.9961916844,7.975087888090001,10.214447195970001,51.452506218161815,43.9912169428867,59.35678037433883
luindex,78m,2.7GHz,1902.4,0.8777159000000001,4.2123717,7.124194299999999,1749.1750000000002,2075.6475,0.7599752825,1.0021202274999998,3.7109737675,4.7418784625,6.38982951,7.9407665175,13.824639620899998,11.2965396820275,16.3645796071125,103.62766191319945,75.36313547818416,133.92063377077892
luindex,78m,400MHz,5982.5,1.8904174999999999,3.0260130999999997,10.774548499999998,5117.175,6973.5775,1.57682209,2.2532593174999995,2.48809748,3.60266932,9.1931774675,12.666648704999998,69.1974868018,46.94176017073001,95.91044958639749,863.9907723878754,451.7343148600214,1371.3193760845388
luindex,78m,800MHz,3023.4,1.0973756,2.1212828999999997,6.1785339,2707.835,3422.7349999999997,0.9152958124999999,1.3093874999999997,1.8006267450000002,2.5615475799999996,5.36908779,7.15692201,19.5747614818,14.478472868349996,26.414518171249995,135.2274479408673,79.38412323185996,223.7679489309742
lusearch,10m,1.2GHz,1669.0,0.7824465,1.9019589,4.258477699999999,1650.6975,1684.2025,0.7630431974999999,0.80001338,1.8741021375000002,1.929013665,4.2039131475,4.3104270875,7.1095782071,6.9246530672,7.249226440884999,30.297219895182117,29.17672124630981,31.22066201422641
lusearch,10m,1.6GHz,1248.9,0.6210935999999999,1.8986632999999997,3.6850889000000002,1236.0,1260.2025,0.58841942,0.6491606975,1.8803271750000001,1.91771286,3.6395715875000008,3.727695215,4.6036635603,4.499549268242499,4.6997212731,16.977116964319272,16.364808984986784,17.532340925126842
lusearch,10m,2.0GHz,1017.5,0.5747192999999999,2.2767702,3.7805479999999996,1009.7,1025.2,0.555627355,0.5941411549999999,2.2572923325,2.2970651075000004,3.7464496300000003,3.8150162975000006,3.8472589527,3.78645288626,3.90603354286,14.54999783480674,14.177822845508098,14.907219910114742
lusearch,10m,2.4GHz,843.6,0.5268923,2.6719300000000006,3.9598934999999997,834.5975,854.1025000000001,0.515435435,0.5391309750000001,2.6331071225,2.7110914825,3.90450135,4.01564358,3.3417903877,3.2610763497349997,3.4323390046025004,13.245370776695935,12.77251143871795,13.853434310648566
lusearch,10m,2.7GHz,776.1,0.49176010000000003,3.1355774,4.3210753,763.1,787.4075,0.4699850325,0.511025895,3.0915240800000006,3.1788853125000003,4.2547602425,4.373478885,3.3553775260000003,3.2545484406700003,3.4419500227049995,14.513418882249221,13.854809769770053,15.066873796595468
lusearch,10m,400MHz,5243.8,1.8341920000000003,2.8621947000000003,9.896764999999998,5175.7925000000005,5295.3025,1.8176128625,1.8538267075,2.7979406525,2.9711174,9.795419557499999,9.974629122500001,51.903129008600004,50.9944132873325,52.7609266697325,513.8618680502243,500.31838973700354,526.8932244119866
lusearch,10m,800MHz,2559.4,1.01781,2.0204465,5.3752258,2533.7975,2589.9025,0.99149739,1.043347705,1.9904036800000002,2.0521419025000003,5.312187475,5.445975892500001,13.7621042364,13.4500957388225,14.137370247925,74.03281230135697,71.51631368533943,76.96600870129188
lusearch,15m,1.2GHz,1146.6,0.5046695000000001,1.3120239000000002,2.909497,1130.6975,1161.2050000000002,0.48908973749999995,0.5212289099999999,1.276571695,1.3497354225,2.844701185,2.9730271375000004,3.3386256412,3.2194334805225,3.4591207542599998,9.733584679274815,9.204643324554384,10.30801331692859
lusearch,15m,1.6GHz,867.2,0.4530088,1.3188903,2.5832094000000003,857.9975,874.9,0.43467964499999995,0.47262819500000003,1.2913810899999998,1.3409146550000002,2.5363095575,2.6288191800000003,2.2410533981000005,2.1800492070075,2.300547079165,5.7956715842760165,5.544085509616707,6.041051688141291
lusearch,15m,2.0GHz,707.6,0.4090026,1.6040895000000002,2.6648316,703.295,712.7025,0.39410985249999997,0.4242742825,1.5785691199999998,1.6313450025000003,2.6367548425,2.6980402475,1.8859197487,1.8560733112799999,1.92020426805,5.028070520203814,4.90411604095729,5.1840888882116865
lusearch,15m,2.4GHz,583.3,0.3602293,1.8874636000000002,2.7767273,576.5,588.9,0.3520249775,0.368652165,1.8486917225000001,1.9206893175,2.7344265300000004,2.8195435099999995,1.6201802714000002,1.5766469118525,1.6554647225275,4.5029909594171444,4.310408121536402,4.656275009727302
lusearch,15m,2.7GHz,527.3,0.34644780000000003,2.1750917999999997,2.9929137,521.4,533.3,0.33019375000000006,0.3604127575,2.1412703174999996,2.2065410199999995,2.9492600725,3.0301062175,1.5787788993,1.5388124431025,1.6174418544325002,4.7294261718001795,4.556034064244112,4.915733480837991
lusearch,15m,400MHz,3497.2,1.2062624,1.872583,6.517059399999999,3463.7650000000003,3533.005,1.1817776924999999,1.2307029450000002,1.8419437425,1.9048046299999999,6.4483124425,6.588756137500001,22.7953375543,22.39976443157,23.259106139464997,148.62959415775632,144.51176888677256,152.86469693435322
lusearch,15m,800MHz,1771.3,0.6944948,1.4046020000000001,3.7238829000000004,1750.395,1793.4025000000001,0.6786353224999999,0.7099101074999999,1.3718779474999998,1.4349052375,3.6619871524999996,3.783281955,6.5996910328,6.3972065658775,6.7947709099625,24.607739815966845,23.485576547875855,25.7140486331083
lusearch,20m,1.2GHz,1150.9,0.5128602,1.3244567,2.9133361,1135.995,1166.62,0.4962693175,0.5322702799999999,1.3043119500000002,1.3433181799999998,2.87090755,2.9567998575,3.3542280353000002,3.2647190038800002,3.44895585776,9.780940512537162,9.372181302022327,10.20262333519979
lusearch,20m,1.6GHz,852.6,0.42970579999999997,1.2983765,2.5277403,841.0875000000001,863.2025,0.41337283500000005,0.4475610375,1.2664285075000001,1.3262405725000002,2.4804044899999997,2.572793045,2.1564071954,2.0916681451874997,2.22251099115,5.459075609259806,5.180083133575428,5.722570205265784
lusearch,20m,2.0GHz,689.7,0.3892638,1.5538147000000002,2.5764403000000002,684.4975,695.7025,0.380436125,0.399121975,1.537522825,1.56935206,2.5517020925,2.6023709399999997,1.7771857736,1.7508491050225001,1.8046611835649997,4.580467217132908,4.467016802423822,4.691151435888268
lusearch,20m,2.4GHz,584.3,0.3762451,1.9031126,2.8019715,579.4,588.6,0.3611512,0.39070339000000004,1.8810343650000003,1.9227584299999998,2.7680579524999995,2.8316814225,1.6373896199999998,1.6102795297724999,1.661943477875,4.589936307618853,4.46395578924511,4.7082762213725164
lusearch,20m,2.7GHz,517.5,0.3342713,2.1282777000000004,2.9288574,512.8974999999999,522.1,0.3208514375,0.345370705,2.0945900125,2.1591278099999998,2.891597165,2.9673096999999995,1.5160584729,1.484953644785,1.5465207197300002,4.44352709228974,4.289514227050681,4.596380171282771
lusearch,20m,400MHz,3491.4,1.2012266999999999,1.8687682000000003,6.510864,3445.89,3533.5,1.17803796,1.2250900825000002,1.8406567575000004,1.8980372550000002,6.389903082500001,6.63244338,22.7442008447,22.049727841025,23.470026602910004,148.30846938016344,140.49422153599392,156.02842522356173
lusearch,20m,800MHz,1762.8,0.7094665,1.4079894999999998,3.7266296,1749.2925,1777.605,0.6943945699999999,0.7256951875000001,1.39092147,1.427082575,3.6900955275,3.7700405525000003,6.5706408017,6.456665195575,6.6927510284250005,24.49869904576393,23.896678770518207,25.270693994650127
lusearch,25m,1.2GHz,1141.3,0.5245118000000001,1.3002562,2.8800352,1130.6975,1150.7050000000002,0.50522791,0.5443145175,1.27645214,1.3222760749999998,2.8427003625,2.9254096725000003,3.2877399370000004,3.217973779925,3.3609413604575002,9.476217264291098,9.165124624742242,9.841720759912253
lusearch,25m,1.6GHz,857.9,0.4490358,1.3064212,2.5596252,853.9975,862.1,0.43186623999999996,0.46848327749999996,1.2838809975,1.32811301,2.5275771125000004,2.58816307,2.1961054859,2.157263227245,2.2259099114849996,5.623819231123595,5.455596655546487,5.763261958132513
lusearch,25m,2.0GHz,675.5,0.3815613,1.5100767000000002,2.5136963000000003,668.1975,683.2025,0.36680235,0.39787875,1.4828814275000002,1.5380074750000001,2.4730610275,2.5544092375,1.6987392894,1.6531243998675,1.7510319400224998,4.275433880825505,4.0860060941007355,4.477675082012016
lusearch,25m,2.4GHz,578.6,0.3537048,1.8844056999999999,2.7610839,574.0,583.1,0.33655806,0.3659817975,1.8698457875000003,1.900525765,2.74036636,2.7810942599999997,1.597668363,1.5760429245999998,1.6166860795699998,4.412223967224408,4.3138528700995815,4.491066526167433
lusearch,25m,2.7GHz,513.3,0.3487429,2.1134155,2.9161314999999997,508.9975,517.7,0.3362174825,0.36091508750000006,2.0749890125,2.1583565625000003,2.8711911475,2.9609896625000003,1.4972738555,1.4634809156475002,1.529665528495,4.370425911547644,4.20325648680074,4.538329825308036
lusearch,25m,400MHz,3436.9,1.1709352000000002,1.8472658000000002,6.3942017,3328.45,3520.3025000000002,1.112081335,1.2112639424999998,1.7998407850000002,1.8905195725000001,6.223991965,6.52046759,22.0165961587,20.740528544230003,22.964578801522503,141.2509827108143,130.43344108287616,149.84546439800047
lusearch,25m,800MHz,1737.4,0.6810976999999999,1.3751829,3.6521181000000005,1718.285,1759.2075,0.66532116,0.6962845725,1.3501030925000002,1.4064045924999997,3.5939376624999997,3.7095754625000006,6.3481595341,6.166920034354999,6.5364140220575,23.209792637515246,22.262745849376042,24.267144533260264
lusearch,30m,1.2GHz,1127.8,0.5160156,1.3017393,2.872217,1119.0,1135.5,0.50116799,0.5297124175,1.2845762925,1.323094845,2.8290193974999998,2.9141861299999996,3.2399414819,3.1709713706425,3.30626208272,9.313399788471955,8.970826336910017,9.6160282998523
lusearch,30m,1.6GHz,849.0,0.431836,1.3025389,2.5329895999999996,841.6975,856.81,0.41154277,0.45056266750000007,1.2880057425,1.3151571375000002,2.4963267124999997,2.5639607225,2.1510472558999996,2.1020869671175,2.1939847536125003,5.452392772983569,5.2683799112314,5.639218724147636
lusearch,30m,2.0GHz,683.5,0.3916627,1.5520324,2.5720154,679.1,687.4,0.38184159999999995,0.40296213750000004,1.538108675,1.5655874325,2.5521898275,2.5888708125,1.7581319273999998,1.733036562225,1.7770707508675003,4.522999909850762,4.421281770684386,4.600179620226885
lusearch,30m,2.4GHz,572.2,0.35910650000000005,1.8776976,2.7509521,569.2,575.3,0.3385912325,0.37925577,1.85066977,1.9097616375,2.7219741775000004,2.7875687175,1.5742648582999998,1.5519658975425,1.5996235109324999,4.332825361506023,4.22474842372153,4.476029656229723
lusearch,30m,2.7GHz,509.6,0.3351929,2.1225159,2.9129274,506.2,513.4025,0.32103611750000005,0.3500249625000001,2.10718314,2.1404189324999994,2.89214368,2.933105905,1.4844993409999998,1.4675138066175002,1.502975071535,4.325027537774813,4.250711991312512,4.40247670725476
lusearch,30m,400MHz,3454.5,1.1944093,1.8642091,6.458429100000001,3394.0975,3508.5075,1.1705124700000002,1.2206357600000002,1.8229913949999998,1.9073777875,6.3206614575,6.6053979575,22.3301293269,21.563687031912497,23.1817855277975,144.54170441976834,135.65798361043613,153.1188832042285
lusearch,30m,800MHz,1736.7,0.7211181,1.4427793999999998,3.7407229,1702.2875,1785.7050000000002,0.6661227075,0.8243193124999995,1.3334067250000001,1.6283657049999998,3.569584145,4.033006997499999,6.523754213999998,6.083019952547501,7.261656559235001,24.821670584700023,21.619378938378166,30.086936456752113
lusearch,5m,1.2GHz,5636.2,2.4290831,6.4591373,13.82937,5267.2625,5912.51,2.232838175,2.593308475,6.069974147499999,6.773449365,13.007211745000001,14.561288365000003,78.62137068439999,69.063777180565,86.30324786112752,1105.1591846167353,932.1139237228979,1259.2019285188403
lusearch,5m,1.6GHz,3826.7,1.75318,5.7937072999999994,11.092468199999999,3496.7775,4191.85,1.5518203700000002,1.9798379325000002,5.3157856075000005,6.267069394999999,10.151663575,12.142485689999999,43.3578957728,36.0902266535475,52.259375334112505,502.7626995314067,365.53225092850255,654.0757447235736
lusearch,5m,2.0GHz,2859.0,1.3292236,6.3532472,10.294451800000001,2843.7,2875.705,1.321984595,1.3381786224999999,6.303279215,6.401486242500001,10.230726935000002,10.362118709999997,29.4345952134,29.090789737072498,29.803798826999998,303.0771564866838,297.4453637764288,309.0675796231082
lusearch,5m,2.4GHz,2784.7,1.5342345000000002,8.7322754,12.7748292,2599.8425,3009.7425,1.3561040050000004,1.71796503,8.103087185,9.403404155,11.7866872925,13.811955017499999,36.130988955999996,30.521014008195,41.996553420652496,476.78361883955876,365.46272287567916,595.5737009269033
lusearch,5m,2.7GHz,2441.8,1.4485348000000002,9.698584,13.3563659,2311.2825000000003,2646.9025,1.2938020375000001,1.62650606,9.0648402825,10.4938814575,12.435863700000002,14.502210742500003,33.0441082012,28.464175865375,38.308727851665004,454.231586771238,354.3905704587136,583.4541497556419
lusearch,5m,400MHz,15600.5,6.2161682,8.3739564,30.527056999999996,14003.342499999999,17261.645,5.509199947499999,6.853227052499999,7.503616457500001,9.2360375,27.3150424425,33.70196436,489.65690105389996,397.26500487168755,583.2192390988375,15746.095401776232,11548.408166935951,20063.96293239763
lusearch,5m,800MHz,7844.2,3.1689759000000004,6.2329406999999994,16.676428100000003,7061.272500000001,8627.76,2.78132298,3.553525995,5.621093392500001,6.854982927500001,14.882971255000001,18.399367055000003,134.5295636706,107.8403140505525,160.22228552923252,2368.6391345333204,1688.0307961370288,3025.2417739323714
pmd,14m,1.2GHz,428.9,0.2577639,0.5114378,1.2199648,395.4875,460.9,0.23330592,0.28345706499999995,0.4677463499999999,0.55556036,1.1194538600000001,1.3192696725,0.5318626691,0.45526430095750003,0.6170103566174999,0.670007753516989,0.5191047452676724,0.8184783054770898
pmd,14m,1.6GHz,331.6,0.2368775,0.5329591,1.1139952999999998,300.995,360.3025,0.212295855,0.2603978125,0.4819988700000001,0.5814222775,1.0103967625,1.21590504,0.37744142960000004,0.31166581292999995,0.43622611355000007,0.4380455666142046,0.3309874429214186,0.54122042748988
pmd,14m,2.0GHz,269.0,0.21265879999999998,0.6392884000000001,1.1273437,253.69,284.8025,0.19642329,0.2291805475,0.6044944175000001,0.6756809125,1.05836419,1.1961027675,0.30594593670000003,0.27115617488499993,0.345290430715,0.35116020641393353,0.2866786406777669,0.4124087640580646
pmd,14m,2.4GHz,231.1,0.16602139999999999,0.7368469000000001,1.1030031,212.5,246.5075,0.15229994000000002,0.17855226000000002,0.68864475,0.785612325,1.021546405,1.1730721625,0.2581553327,0.2235285106425,0.2924770996175,0.29157609801341533,0.23578937827075944,0.34066080500311857
pmd,14m,2.7GHz,196.0,0.14740599999999998,0.8054260000000001,1.1206419000000003,185.395,208.4,0.13468843249999998,0.16008935249999998,0.7594241525,0.8534389125000001,1.0512040200000001,1.1851955475,0.22166740259999998,0.19556201261,0.24604950898000003,0.25313337573122835,0.20981950028346968,0.3023406810547914
pmd,14m,400MHz,1391.7,0.6235352,0.7734313,2.9088929000000006,1357.3925000000002,1425.41,0.60462645,0.6411016574999999,0.7486547575,0.7986170424999999,2.8293513849999994,2.9770823199999996,4.0545142954,3.8517002449675,4.25651238667,11.832158478701295,10.979975553277088,12.7125956678135
pmd,14m,800MHz,694.2,0.3826721,0.5758483999999999,1.6963928,659.3925,728.7075,0.3583304,0.41001386500000003,0.5497655975,0.60047687,1.6184327375,1.7790041550000002,1.1846567219000002,1.0722303129825002,1.298035450795,2.033297192573598,1.7296770047170122,2.3166037165936717
pmd,21m,1.2GHz,375.8,0.20209359999999998,0.4215516,0.9688233,365.5,386.2,0.18875592749999998,0.216432205,0.41092514500000005,0.432380105,0.9397591500000001,0.9977457200000001,0.36479253949999996,0.34522217997500004,0.38543048226500004,0.35493682783177666,0.3246448481290981,0.3880043408062221
pmd,21m,1.6GHz,267.2,0.15734869999999998,0.4045469,0.8023135,253.695,279.8025,0.1435235375,0.1713604725,0.3881146675,0.421302425,0.7668521975000001,0.8399711399999998,0.2156004436,0.19648909734750003,0.23572434078,0.1749289822931486,0.15268769299234985,0.2001896442750175
pmd,21m,2.0GHz,223.8,0.1549684,0.5024291,0.8507937,213.395,233.3,0.14920592500000002,0.1617162075,0.48008663999999995,0.52172245,0.81573454,0.8818882499999999,0.1912851095,0.1750974261475,0.2060778647775,0.1641208096232239,0.14398126357654978,0.1817327812640208
pmd,21m,2.4GHz,191.0,0.1412414,0.6148009999999999,0.9207704999999999,185.0,196.9,0.13427999000000002,0.149218905,0.59652699,0.6320967325,0.8959977725000001,0.9482681224999999,0.1762554913,0.16639103497000002,0.1861721656875,0.1629606449079481,0.14999850223889147,0.17714977485841746
pmd,21m,2.7GHz,169.0,0.13017579999999998,0.7014464,0.9741271000000001,163.7,173.7025,0.12120842500000001,0.138421905,0.6769487774999999,0.724892795,0.9379006150000001,1.0071761375000001,0.1650611727,0.154188810315,0.17427397480749998,0.1617090780815677,0.14626563123628403,0.17660607279939075
pmd,21m,400MHz,1108.3,0.4057008,0.5975648,2.1123839,1096.8,1122.8,0.39890779749999994,0.41206151750000003,0.579991535,0.6186776199999999,2.0779762625000004,2.150863105,2.3422751063,2.2811579605024996,2.4073336453125003,4.953668160917767,4.743483156995785,5.1776050804812375
pmd,21m,800MHz,550.6,0.24443969999999998,0.4305237,1.2004393,530.4975,570.605,0.23159972750000002,0.25703527000000004,0.41420218999999997,0.4447970025000001,1.153805335,1.2441964699999999,0.6632786956,0.6117693428175,0.71003437147,0.8019069238902071,0.7118218587224233,0.8831457437407997
pmd,28m,1.2GHz,375.7,0.1992675,0.4198669,0.9658507000000001,367.1,387.0,0.19004408000000003,0.20877827,0.40958824250000003,0.4321168075000001,0.9433039525,0.9913705199999999,0.3634707493,0.347381774375,0.38463042716749996,0.35228882726895006,0.327469582641185,0.3818192747535099
pmd,28m,1.6GHz,278.8,0.1607116,0.4225587,0.8361269,273.2,285.4,0.1527874225,0.1689294425,0.41396475000000005,0.43146471,0.8179432825,0.8527924050000001,0.23337072590000002,0.22417722948250002,0.24348404904999998,0.19557863766399947,0.1835112658912907,0.206687005841342
pmd,28m,2.0GHz,223.4,0.1442261,0.5012937999999999,0.8420899000000001,212.4,233.8,0.13401514,0.15390656,0.4797942450000001,0.5239542799999999,0.805624225,0.8800231275,0.1891854072,0.17168987573250002,0.2072447157125,0.1610941061983132,0.1400141445318135,0.18491175359026688
pmd,28m,2.4GHz,186.2,0.1318299,0.599066,0.8924195000000001,181.4,191.6025,0.12271404000000002,0.13990882500000001,0.5852628950000001,0.61628217,0.8707421399999999,0.9194533175,0.1664965583,0.158336848475,0.17614380009250002,0.14917921190276767,0.1367670779315586,0.162451362850503
pmd,28m,2.7GHz,161.9,0.12574470000000001,0.6693482000000001,0.9317017,155.4,167.5025,0.11800533999999999,0.13435287999999998,0.644406805,0.692516135,0.8980425325,0.966581325,0.1513875857,0.1401404165475,0.16256211938249998,0.14207872127744992,0.12738863675365653,0.1584087921531351
pmd,28m,400MHz,1071.7,0.40856329999999996,0.5759399,2.0584713999999997,1053.7975,1094.5025,0.3983575875,0.41754358249999995,0.5650986275,0.5895888725,2.02312468,2.104329285,2.2083663217,2.1338182989949996,2.3023503226374995,4.5557245217585995,4.320470993852573,4.853744184951003
pmd,28m,800MHz,548.7,0.24813849999999998,0.4393555,1.2100893999999998,521.8974999999999,569.9,0.23593159500000002,0.26024530749999997,0.41528167250000003,0.4576301675000001,1.1554784124999997,1.2531089874999999,0.6669892207,0.6103249617625001,0.7149230123450001,0.8140712865492047,0.7212727460737806,0.9012183089522806
pmd,35m,1.2GHz,341.9,0.17594590000000002,0.39378640000000004,0.8892090000000001,322.5975,362.3025,0.16120808500000003,0.19101596,0.37439132500000005,0.41273841499999997,0.8463540625,0.9358472249999998,0.30622745040000005,0.27538809394,0.33831126965749997,0.27611125364368155,0.23378933964575788,0.32158680451425725
pmd,35m,1.6GHz,263.6,0.1636414,0.4041626,0.804419,256.0,270.8025,0.15655286999999998,0.1700346975,0.39133299250000003,0.4176349299999999,0.7874112325,0.8231153250000001,0.21230792240000002,0.20265447624,0.22285659285250004,0.171227853909316,0.15978859757540012,0.18343379959297282
pmd,35m,2.0GHz,208.0,0.13582179999999996,0.47127679999999994,0.7946959,201.2,214.8,0.12455398999999999,0.14634358749999998,0.4553944325,0.4870196275,0.76313847,0.8222986525,0.1658280816,0.1537486589675,0.17758248862499998,0.1326982956968338,0.11777710647720523,0.14613577920530435
pmd,35m,2.4GHz,179.8,0.13469250000000002,0.5838196,0.8765989999999999,175.6,183.9,0.12861843500000003,0.1413821125,0.5671531825000001,0.59963223,0.8491554525,0.8991050899999998,0.1578561134,0.15002847213,0.16501162934500002,0.1388779051377226,0.12780132434161165,0.14941842468258393
pmd,35m,2.7GHz,160.1,0.12499389999999999,0.6545655000000001,0.9118955999999999,156.5975,163.8,0.119542685,0.13038976,0.6409326849999999,0.6665723725,0.8927863100000001,0.9303366475000001,0.1461732792,0.1401791534575,0.15216264222500003,0.1336074081285652,0.1255123025488296,0.14190207079836487
pmd,35m,400MHz,1057.8,0.3818055,0.5593386,2.00318,1041.8975,1074.0149999999999,0.37142034749999997,0.39148416500000005,0.5507008799999998,0.5685741200000001,1.9754669000000002,2.0324017349999997,2.12022916,2.0572462668849996,2.1883232206,4.252138639790102,4.064453509581054,4.4545752402215735
pmd,35m,800MHz,537.3,0.23679200000000003,0.4228941,1.1719238,514.2975,557.8025,0.22237123,0.251105925,0.4053088824999999,0.43948741249999995,1.1194507225,1.2168794050000002,0.6326030108999999,0.5756670598774999,0.6788237763825,0.7481762595022202,0.6570745226780301,0.8303925429718738
pmd,42m,1.2GHz,338.5,0.1659791,0.38095090000000004,0.8624205999999999,324.9975,350.3025,0.1493769975,0.18377599499999994,0.3664546425,0.394984025,0.8261582325000001,0.900847235,0.2932477892,0.26807302614750006,0.3151820814425,0.2554043657060674,0.22435219138756243,0.285374032255148
pmd,42m,1.6GHz,262.2,0.16221329999999998,0.3984072,0.7966855,251.7,273.3,0.1544755725,0.16975227999999998,0.3849482825,0.4135515275,0.7732004725,0.8211139350000001,0.20952958539999997,0.19467539845749998,0.22476159801499998,0.167833170756117,0.15191062871790625,0.184555849157157
pmd,42m,2.0GHz,213.6,0.14724120000000002,0.4797117,0.8142882,203.79500000000002,223.005,0.13779274,0.1558117725,0.45592568750000007,0.5000757925,0.7716109175000001,0.85005846,0.1749408917,0.15859855576749998,0.18882681297499998,0.14406051251162413,0.12342410737722072,0.16151118158482694
pmd,42m,2.4GHz,175.4,0.12879650000000004,0.5741576,0.8602906000000001,166.595,183.0,0.12123552500000001,0.13728120499999996,0.5488910275000001,0.59876798,0.821894615,0.89643332,0.1516467098,0.13889730940499995,0.1630139021375,0.1317467543779778,0.11474294123807156,0.1482311956986762
pmd,42m,2.7GHz,159.2,0.12854,0.6554441000000001,0.9157287000000002,152.6975,165.8,0.12476103749999999,0.1319097525,0.6300993075,0.6784610550000001,0.8839658875,0.94636229,0.14630864140000002,0.13506130694500001,0.15700404086999997,0.1348962371465498,0.11994028394805362,0.14942132499150088
pmd,42m,400MHz,1017.0,0.37445080000000003,0.5585326,1.9513672,979.695,1054.115,0.36031393750000007,0.38746970000000003,0.53154219,0.5870191325,1.8770404849999998,2.0293997,1.9915818626000004,1.8433553420100002,2.1330998605175,3.9144638393040245,3.4641459325607458,4.357510196132849
pmd,42m,800MHz,544.0,0.23955069999999998,0.426947,1.1854125,529.3974999999999,557.5025,0.23246058749999995,0.2460940075,0.416476085,0.4377649025,1.1619357049999999,1.2096861049999998,0.6458061081,0.6142072830749999,0.67866745584,0.7675455478101467,0.7164942111264135,0.8240535153866849
pmd,7m,1.2GHz,1277.6,0.7386537,1.4737000999999998,3.5448914,1192.9725,1384.7025,0.6647947725,0.8121378899999999,1.37726052,1.5761848775,3.2913434575000005,3.801318005,4.5970275573,3.95790697103,5.376904208639999,16.804955583681032,12.972823993760974,21.62106412960351
pmd,7m,1.6GHz,934.7,0.599475,1.4202024,3.0099854,878.0975,1001.7,0.5527639225000001,0.6546414125,1.3390424674999999,1.5124479475000001,2.8242131375,3.2481049449999997,2.8486533421,2.49790737058,3.2765292042125003,8.804823677247771,7.062485248108156,10.849369324995038
pmd,7m,2.0GHz,775.7,0.5471132,1.7511839000000002,3.1337706,746.095,800.605,0.5233874799999999,0.56892806,1.6851889150000001,1.8077366150000003,3.0308994499999997,3.237825752499999,2.4387072177,2.26418430794,2.6054216405324997,7.690719387341387,6.838135667543036,8.385760850615146
pmd,7m,2.4GHz,646.0,0.5096250999999998,2.2353454999999998,3.4282714,606.3825,692.9025,0.4739360099999999,0.5512553149999999,2.0328797775,2.46695154,3.1652895100000005,3.6915736575,2.2296053306,1.96759833602,2.52730930222,7.809846762167564,6.3584216751767615,9.309540543069092
pmd,7m,2.7GHz,681.7,0.6546694,2.917926,4.6889952,606.5,806.625,0.48712144,0.9625277549999999,2.4486779575,3.75455352,3.5637870025000002,6.790637695,3.7511170636999998,2.1526280635274997,6.799367113135001,31.348224693049765,7.692277836133608,77.63960782222982
pmd,7m,400MHz,3294.3,1.1560122,1.7557374,6.2428529,3159.295,3431.43,1.1063587600000002,1.2109088399999999,1.68761828,1.829243315,6.003707487500001,6.512626534999999,20.656751655799997,18.98254935019,22.601120041285,130.12337577153295,114.76875878117217,147.56758628213615
pmd,7m,800MHz,1828.9,0.9005186999999999,1.4596436000000002,4.268084699999999,1746.085,1923.305,0.8526434575,0.950544175,1.3951697575000002,1.5307445849999999,4.094815187499999,4.43844197,7.846233377900001,7.18752467196,8.627577256330001,33.81462511798044,29.77522632250533,38.785087107909746
spring,129m,1.2GHz,492.6,0.34574580000000005,0.5641845999999999,1.417224,478.3975,505.6,0.33827489749999995,0.3535466075,0.54422442,0.5855231625000001,1.3729148775,1.4566233149999999,0.6994485241,0.6595837070475001,0.7363374292575,0.9952507815917349,0.9153681829950581,1.0758880423035826
spring,129m,1.6GHz,472.4,0.3264283,0.7064696999999999,1.4988340999999998,394.6875,553.21,0.291087525,0.3641979624999999,0.5998536325,0.8210823775,1.2867549999999999,1.7399937124999998,0.7536951538000001,0.5339799291675,1.01272914458,1.2752485797959738,0.746945246231918,1.9208723327903037
spring,129m,2.0GHz,339.2,0.25597530000000007,0.754602,1.302832,323.0975,353.8075,0.242225425,0.26936314250000004,0.71193399,0.7966944450000001,1.2374991375,1.3805642249999999,0.4446701195999999,0.40074602955,0.48746782339000005,0.5871368330606772,0.5052149049900966,0.6755287160301618
spring,129m,2.4GHz,307.9,0.23412480000000002,0.9742371000000001,1.4739378,281.68,337.0175,0.21795400750000002,0.2506844725,0.887851145,1.0910400925000001,1.3492541850000002,1.62242568,0.46447411669999994,0.38342996257500006,0.5654849575224998,0.7188242967805517,0.5362086568663901,0.9758904348140461
spring,129m,2.7GHz,306.6,0.24018560000000005,1.2366335,1.7391234,281.4,336.61,0.22517730750000003,0.25716702250000006,1.1369675675,1.3544662374999998,1.6083104925,1.886655375,0.5437918191000001,0.46081539497,0.6555414769525,0.9840643415014252,0.7267139084947324,1.2949772739544991
spring,129m,400MHz,1849.3,0.6663393,1.0033141999999997,3.5157103,1565.4225000000001,2123.58,0.5873811050000001,0.748641505,0.8319225149999999,1.159800475,2.972667705,4.0591712824999995,6.939316393,4.909812039919999,8.802257817760003,27.24855594367695,16.77781635042525,38.782831524872485
spring,129m,800MHz,830.5,0.4563841999999999,0.6637023,1.9834900999999998,795.5925,865.6,0.4465738625,0.46879915749999995,0.63295284,0.7009141324999999,1.9117519349999998,2.07100775,1.6544770294000002,1.5316939793275002,1.7905258407999998,3.309991280191574,2.9432395560259685,3.7314330153270854
spring,172m,1.2GHz,529.4,0.3081114,0.5943422,1.3894469,485.2975,604.4,0.28972038749999995,0.3340297475,0.5452826025000002,0.6750699925,1.280932495,1.5758869199999999,0.7645149715,0.6221681269400001,1.0181413210475,1.158209610915447,0.7965735054335331,1.7998678273445088
spring,172m,1.6GHz,521.3,0.312439,0.7849364000000001,1.5825806,438.99,606.1175,0.28431288749999994,0.3416936475,0.6755187375,0.9106419724999999,1.3432687099999998,1.831501775,0.8768154459999999,0.62516551622,1.1405033352249998,1.5469126352735183,0.9411354549006368,2.109769477075075
spring,172m,2.0GHz,339.3,0.27377299999999993,0.7560425000000001,1.3701354,322.3975,355.6,0.26406159250000005,0.2846145775,0.7239150124999999,0.7919373525,1.3064287774999999,1.4313269625,0.46747151629999995,0.42512334128749996,0.5100343703949999,0.6475269076814547,0.5626167079962983,0.7347742851658934
spring,172m,2.4GHz,322.0,0.2764158,1.0278990000000001,1.6351503,313.2975,330.9,0.266430095,0.28573223500000006,0.9966944375000001,1.0578183,1.5858376600000001,1.6843659850000001,0.5276770054,0.49818783299749997,0.5587735477,0.8667968968735339,0.7919777467401609,0.9454359267098176
spring,172m,2.7GHz,285.2,0.25430919999999996,1.1563296,1.7032533,277.0,293.7,0.24684373000000004,0.2631315525,1.125593255,1.1876518925000001,1.6607619475000002,1.7493867499999998,0.48672538759999995,0.45935179153750005,0.5127317980849999,0.8321041049523418,0.7687073030339467,0.8971990814587221
spring,172m,400MHz,2138.6,0.7511472999999999,1.1434262,3.9409361999999994,1896.17,2328.035,0.6817829325,0.807862025,1.0108441575,1.2320258149999999,3.5540442075,4.2445162775,8.6360650153,6.996033247265001,9.8976874713575,35.45552192788229,26.830641335900136,42.97925162840263
spring,172m,800MHz,825.7,0.3485534,0.6408569999999999,1.7171565999999998,741.1800000000001,947.61,0.31996444499999993,0.3927553625,0.5731167850000001,0.7350585474999999,1.538381475,1.9896293449999998,1.4828069435,1.13614293459,1.9703035821649995,2.820316169425958,1.7876486866777925,4.534725703037217
spring,215m,1.2GHz,571.8,0.3132812,0.6500243,1.4947266000000001,509.095,652.8025,0.29223467749999993,0.340900035,0.5804281800000001,0.7418068849999999,1.347984255,1.7216317725,0.8938643296000002,0.689717361455,1.20769709938,1.4727371294880658,0.9313443563078149,2.316247015555301
spring,215m,1.6GHz,406.5,0.26783450000000003,0.6057862,1.2437986,374.4975,458.305,0.2549101375,0.287689815,0.5590254225,0.6765218900000001,1.1482133699999997,1.4004971074999997,0.5207546802999999,0.42936538829000004,0.6706644425675,0.6912979624285881,0.49277175617865077,1.0178462233140695
spring,215m,2.0GHz,348.8,0.2559386,0.7696655,1.3312620999999998,325.785,370.6025,0.2396155975,0.27045477000000007,0.719488295,0.8187584875000001,1.24262842,1.4095826474999997,0.4694188831,0.40690684403000005,0.5257535956775,0.6379278792628871,0.5247750757907946,0.7551092263897419
spring,215m,2.4GHz,284.5,0.22041019999999997,0.9075868,1.3727844,264.095,300.6,0.20500439500000003,0.2320784825,0.8384775675000001,0.96404181,1.2678379025,1.4548785825,0.3951092313,0.3407852621875,0.43698168767,0.5544494686421808,0.45046881278389345,0.6417293523836805
spring,215m,2.7GHz,276.5,0.218982,1.1065369999999999,1.5574705000000002,258.48,304.3,0.2097655425,0.22963895249999997,1.022645725,1.21842422,1.4556912975,1.7064684925000002,0.43923773540000005,0.37462752042,0.5359624151625,0.7147508108005581,0.5496968699047384,0.9879537678112447
spring,215m,400MHz,1637.8,0.6876038,0.8899229,3.3473025,1342.0625,1956.04,0.5788450399999999,0.7998536325000001,0.72981255,1.0475114474999998,2.7534338524999997,3.9687068699999997,5.9793068991,3.9220040445225,8.0060913927425,23.392524677695242,12.713241671707959,34.91069481202854
spring,215m,800MHz,811.7,0.4004947,0.6375609000000001,1.8607542,734.7,915.4,0.36883732,0.42707212249999993,0.5753381875,0.7226023625,1.690721755,2.067686725,1.5620886021,1.2503097613125,1.9968560122849999,3.120763620721407,2.097850587171422,4.593091397096952
spring,258m,1.2GHz,604.6,0.3937252,0.6920776,1.7244813,526.3925,691.3599999999999,0.35308154,0.44977147,0.6035826,0.7952919749999999,1.4984117124999998,1.9826007099999996,1.1002418560000002,0.7918153810474999,1.44511610633,2.119752227883489,1.2482316237879585,3.254368768778441
spring,258m,1.6GHz,463.2,0.3356753,0.6990602,1.524884,392.49,542.805,0.30641891,0.36955627499999993,0.5983801375000001,0.8091469675,1.3151103175,1.7685735599999999,0.7499089190999999,0.5426508585225002,0.9963101116049998,1.2832396957320245,0.6987776363322462,1.9674235988925224
spring,258m,2.0GHz,334.7,0.2715639,0.7572939,1.3605099999999999,319.09250000000003,348.8025,0.262439045,0.2815837175,0.7171019375000002,0.8015370300000001,1.298615205,1.4269175725000003,0.4579123396,0.414823549335,0.4987337976624999,0.6303532492536142,0.54080382705188,0.7247438107025916
spring,258m,2.4GHz,285.3,0.24775389999999997,0.9029845999999999,1.4233031999999999,258.79,307.605,0.22828176999999997,0.2666390274999999,0.8279428799999999,0.9810465100000001,1.3054127400000002,1.5454739575,0.41439079120000005,0.34350545058500004,0.4811956096375,0.6128254128562929,0.45807660118609,0.7570994312753538
spring,258m,2.7GHz,291.8,0.25079339999999994,1.1786864000000001,1.7072694,257.69,326.21,0.22763009749999996,0.274631175,1.0483135800000003,1.3185492649999997,1.52696639,1.9216583700000003,0.5160497232000001,0.40444055198750006,0.6471285719325,0.9437250799461783,0.6340439776785649,1.3340054516408912
spring,258m,400MHz,1975.0,0.8051024,1.0849974000000002,3.9904539,1713.255,2212.245,0.6839282550000001,0.9085269100000001,0.9310581250000001,1.219403155,3.4371039125,4.4977473125,8.232827066,6.3667075673975,9.938734918762501,35.41192060920575,25.696569145975378,44.442032267023876
spring,258m,800MHz,812.0,0.43430160000000007,0.6508486,1.9344725999999999,748.6,927.405,0.4074024325,0.4796526825,0.5938606025,0.740022985,1.78664341,2.197230595,1.6336367038,1.3370067776849999,2.1658014255199998,3.456553401056135,2.4012264887177794,5.4475576564170565
spring,43m,1.2GHz,891.0,0.45919170000000004,0.9993957,2.2905273999999998,831.69,978.405,0.432970995,0.4926246625,0.9336350775000001,1.09387664,2.14227538,2.4796999425,2.0769902119999997,1.7944607020774999,2.52668977644,4.943371152220402,3.8220061177150773,6.622402769224031
spring,43m,1.6GHz,784.8,0.48399669999999995,1.1752015000000002,2.3775512,735.195,818.9025,0.45684505000000003,0.504476485,1.1086788425,1.2207544849999998,2.2356049825,2.4747316025000003,1.8797909892,1.68153850949,2.0281544024850002,4.527645665361228,3.859904722408922,5.0312820869507915
spring,43m,2.0GHz,673.0,0.4350161,1.4803222,2.5311341,616.845,749.6,0.405803725,0.47040055000000003,1.34609511,1.6420736874999997,2.30942887,2.7990649949999997,1.7460797831000001,1.4151973098925004,2.162651271365,4.652251120803268,3.3255327894240163,6.44294392867583
spring,43m,2.4GHz,590.5,0.41586929999999994,1.8783203,2.8197204,546.29,638.7225,0.399260325,0.435659395,1.75786684,2.0385171824999997,2.630469305,3.064013475,1.6912278209,1.4522152007825002,2.0077095597774997,4.919031921222269,3.7932143228431703,6.227096963389037
spring,43m,2.7GHz,518.3,0.38433229999999996,2.0751708,2.9189637999999993,511.6,525.7025,0.37883222750000006,0.3897891075,2.0461055924999996,2.1060502775,2.8787775799999995,2.9588385099999996,1.5136662568,1.4693290046100003,1.553827094035,4.422752261209876,4.231912424041077,4.601804617007154
spring,43m,400MHz,2977.7,1.0278809,1.5849426000000002,5.521429499999999,2643.7475000000004,3222.82,0.9311133099999999,1.1069580575,1.4259644500000002,1.7117359374999999,4.8836893575,5.973754145,16.863434988999998,13.772693147580002,19.364368433115,97.09578045672365,75.35772345110524,115.85140457135424
spring,43m,800MHz,1403.0,0.5737122,1.1049011,3.0164672999999995,1128.7050000000002,1703.0824999999998,0.4779253175,0.6757466324999999,0.8792703,1.337784665,2.4812605600000004,3.68716995,4.7229768841,2.834921323480001,6.892532907762499,17.539935783874874,7.212195576718552,28.876921872951456
spring,86m,1.2GHz,624.2,0.32972440000000003,0.7069274999999999,1.6203431,498.6675,758.4,0.29467550000000003,0.36476350499999993,0.5887157325000001,0.8527997900000002,1.3132345325,1.9401668525000002,1.1094099543999998,0.6531194200400001,1.5772113201775,2.1456405454980243,0.8543490419467342,3.4716546313256047
spring,86m,1.6GHz,418.4,0.27264999999999995,0.6233823,1.2754150000000002,356.0,505.815,0.25020678749999997,0.29957718999999994,0.5328034525,0.7543877975,1.0983975975,1.521321045,0.574039488,0.3933351945425001,0.7716720796024988,0.8524588501887737,0.43018860401361403,1.4525110798691339
spring,86m,2.0GHz,355.8,0.2653136,0.782495,1.3554441999999998,341.095,372.305,0.256304645,0.2747569225,0.7478028599999998,0.8252897075,1.2946266900000003,1.41662932,0.48474122470000003,0.44225472741000005,0.5268224874299999,0.6640010767715395,0.5810606977699235,0.7592085908087275
spring,86m,2.4GHz,295.6,0.23301380000000002,0.9525146,1.4339418,262.995,329.2025,0.2139495475,0.2482856125,0.8524673700000001,1.07534889,1.2889946825,1.609870175,0.43816687409999994,0.341935893835,0.5511534232175,0.6733111958832821,0.4564350523887725,0.9689597373855797
spring,86m,2.7GHz,273.7,0.22876589999999997,1.0957640000000002,1.5487606999999999,267.3975,280.7,0.22253303500000002,0.23516941749999998,1.064465305,1.1235423249999998,1.5101901025,1.5875298025,0.42449638010000007,0.40486309824,0.44415048371250004,0.6593866720152215,0.6159186074365436,0.7081956846496986
spring,86m,400MHz,1899.2,0.6566831999999999,1.0196473000000001,3.5552002000000003,1577.17,2187.1075,0.5487546875,0.7547371749999999,0.8389990900000002,1.1982567299999998,2.9345575899999994,4.10935282,7.2668297941,5.184714746705,9.30076210278,29.18793649581901,18.533017333748514,39.63383212219666
spring,86m,800MHz,831.0,0.3532228,0.6634888,1.7962892,738.8,940.0224999999999,0.32408841250000003,0.3881623225,0.5875222600000001,0.7557983074999999,1.599707145,2.0071451424999998,1.5470534753,1.1801037984025,1.9854877964474997,2.995042630729501,1.9275618327686337,4.264142164894991
sunflow,10m,1.2GHz,1020.5,0.3557129,1.1912844000000002,2.5782593,960.0925,1084.1225,0.33349803250000004,0.3836058475,1.1156466925000001,1.2692775299999999,2.4364263050000003,2.7592766175000003,2.6591234461999997,2.3571953256000002,3.02191106233,7.007903247798138,5.72999440749702,8.6993243548557
sunflow,10m,1.6GHz,1371.8,0.6480714000000001,2.1483885999999996,4.0981566,1338.6975,1412.1,0.6262998000000002,0.676694475,2.0895937975,2.2236880174999993,3.9864652499999997,4.245999257499999,5.634518138700001,5.3401874876274995,5.985018693854999,23.20672305154497,21.272565031663504,25.616463575618326
sunflow,10m,1.8GHz,710.5,0.26826150000000004,1.3684083,2.3414979000000002,667.5925,760.12,0.24760969500000005,0.29146361000000004,1.2800238625000002,1.45930364,2.207592475,2.4987256325000002,1.6822081130999997,1.4828327506150003,1.9228657266524998,4.031532562980429,3.2676577706706587,4.998559711522064
sunflow,10m,2.0GHz,626.5,0.2412962,1.4635316,2.3256163000000005,598.895,666.91,0.22735412,0.2628076925,1.3983462450000002,1.5519743800000003,2.2172380800000004,2.4735171799999995,1.4684490307,1.3302494260400002,1.669552013885,3.4731022763273836,2.9652328142326505,4.21147217849897
sunflow,10m,2.4GHz,566.1,0.2333923,1.9231749,2.7102234,536.3,598.7025,0.21737989249999998,0.2522300900000001,1.8206327375000002,2.02806374,2.57154561,2.8656038075,1.5458764812,1.3834985151275,1.7174958742800002,4.255049567553157,3.557874910536669,5.033658894809303
sunflow,10m,2.7GHz,500.3,0.211395,2.1450259000000003,2.8432921999999996,471.995,532.93,0.19327268500000003,0.23365713999999999,2.0296912349999996,2.2856550199999996,2.6874019349999996,3.041143005,1.4367629743,1.2749748149000002,1.6382415158649999,4.170855541563377,3.4012046705051744,5.0727529800523365
sunflow,10m,400MHz,2947.9,0.9069092999999999,1.5619813,5.533587900000001,2775.6349999999998,3140.9100000000003,0.8569721275000001,0.9711602025,1.4780335999999998,1.6688796425000003,5.229993995,5.88769279,16.4896206337,14.5227084981375,18.990104111262497,93.33787731339433,76.849503092113,117.53676449711651
sunflow,10m,800MHz,1529.2,0.5047669000000001,1.2124753,3.2825499999999996,1430.5774999999999,1649.2050000000002,0.4696792025,0.5479908475,1.1338796899999999,1.30646565,3.0690640425000004,3.5300318424999997,5.0863694202,4.434159400469999,5.9049668403,17.15997466335747,13.55286601851884,21.960398795397584
sunflow,15m,1.2GHz,819.9,0.2812988,0.9586854,2.0772399999999998,766.8925,881.3025,0.2584718975,0.3072182699999999,0.902057455,1.032362635,1.9479893975000002,2.2375882275,1.7249416326999998,1.4965193445624998,1.9969647412624996,3.681334751431767,3.000943499375548,4.569669533647989
sunflow,15m,1.6GHz,1274.9,0.6028321,2.0108885,3.8272946999999995,1213.08,1338.8125,0.568850695,0.637731905,1.90609063,2.1081896475,3.6349409175000003,4.01182799,4.9102937816,4.4369455197675,5.338110289165,19.02834464269374,16.25784169115528,21.56416590605791
sunflow,15m,1.8GHz,520.8,0.188794,1.0116458,1.7221924000000002,502.0,539.605,0.1814514425,0.196326065,0.970992905,1.0535107275,1.6622431850000001,1.7858670599999997,0.8998547704,0.83783532095,0.9613864932700001,1.5601237362436033,1.4014613717977669,1.723546519208664
sunflow,15m,2.0GHz,485.3,0.18275740000000001,1.1381409999999998,1.8072386000000003,459.1975,517.7275,0.17075745250000002,0.20038511250000002,1.080990995,1.2121827575000002,1.7146237475000001,1.936577205,0.8862410392,0.7882043712275001,1.0219386029700002,1.6373704562122735,1.3636697470857386,2.0076789645280377
sunflow,15m,2.4GHz,380.7,0.1481321,1.3000854999999998,1.82605,369.995,393.1,0.1438632075,0.15322367499999998,1.2603391950000002,1.34246984,1.772264885,1.8818111999999998,0.6967077862,0.65646625328,0.73896083881,1.2779590899401954,1.1681704148431642,1.401941180883654
sunflow,15m,2.7GHz,363.3,0.1487488,1.5741152999999999,2.08067,343.8975,388.705,0.13776230000000003,0.16426797499999998,1.4929073849999999,1.6805666699999997,1.9728450925,2.2321748125000003,0.7642574229,0.6813279059975,0.8856081936075,1.6282077111352364,1.3389701893385668,2.0653133113624316
sunflow,15m,400MHz,2357.5,0.7153563999999999,1.272229,4.439770600000001,2228.9875,2501.545,0.6711517575,0.7616454125,1.1880722025,1.3604686625,4.1894918775,4.72227593,10.5654095633,9.254352970530002,12.010442719692499,47.81305502631548,39.67676226136881,56.27567529765893
sunflow,15m,800MHz,1134.6,0.3654113,0.9108765,2.4473879,1083.5925,1196.5025,0.34648918,0.3872274925,0.8681870674999999,0.9646180675,2.33473037,2.58287538,2.7954661143,2.5424810055025,3.1277092777925,6.93958825785613,5.946099792469224,8.202038536040126
sunflow,20m,1.2GHz,763.1,0.25855090000000003,0.8918151999999999,1.9307982000000004,729.3925,803.5125,0.24528595999999997,0.2734153425,0.8510334199999999,0.9355469,1.8406000775,2.0235765525000002,1.4825369811,1.3498046059725002,1.63726772894,2.899127776776518,2.475178467981668,3.3851901684327297
sunflow,20m,1.6GHz,1170.0,0.5491758999999999,1.833606,3.4975282,1108.7,1231.81,0.5176567875,0.5850996749999999,1.7281423750000002,1.9404852574999998,3.3060004424999994,3.6935950950000005,4.123159830500001,3.7008747594199995,4.60027750744,14.64837166356673,12.397633348766949,17.19781256165292
sunflow,20m,1.8GHz,501.3,0.1826537,0.9773987999999999,1.6645446,474.195,542.7,0.1715139825,0.19992253499999998,0.931751355,1.0469281325000002,1.5854612900000002,1.7838878225000003,0.8439011418,0.7592296124625,0.9879874985300002,1.4391430937909722,1.1956380021387474,1.820506857568708
sunflow,20m,2.0GHz,457.2,0.19456769999999998,1.1396972,1.7811525,433.3975,488.8075,0.16382888999999998,0.24167080000000002,1.026519985,1.2775730275,1.6316161475,1.9451926924999996,0.8207130476,0.7169711959925,0.9454412386749999,1.5054739910415456,1.1933341751002038,1.8920221745769645
sunflow,20m,2.4GHz,434.3,0.1734373,1.462744,2.0656493,401.3975,470.505,0.15780507749999997,0.19004205999999998,1.3489688925,1.577440445,1.901819865,2.2324607399999996,0.9117583763000001,0.7760624947025,1.0593271512725002,1.9443751493822745,1.5172353610497242,2.4268715196357538
sunflow,20m,2.7GHz,372.4,0.1562195,1.6100279,2.1343383000000005,344.69,402.51,0.1412095775,0.17354492499999996,1.4937108099999998,1.7485837,1.9736031499999995,2.3041542475000005,0.8085780241,0.6899126168099999,0.9636272805374999,1.7884479175960102,1.3542108879771226,2.276205505196716
sunflow,20m,400MHz,2403.6,0.7281434,1.2768921,4.5150757000000015,2215.985,2640.5774999999994,0.661262625,0.8010071525,1.1618874650000002,1.3966424500000003,4.1548859875,4.950021462499999,11.095092607800002,9.200137028655,13.390427702235,52.47435428434402,37.07769239652329,71.65313119710757
sunflow,20m,800MHz,1191.4,0.3839905,0.9413696,2.555597,1105.4775,1301.1325,0.35256354250000005,0.41929508,0.8617456350000001,1.0297792525,2.3566184975,2.7898101599999996,3.1019932074000005,2.5980181960000004,3.7237619636175,8.237956543639353,6.096256384219286,10.768030763208447
sunflow,25m,1.2GHz,837.3,0.28299549999999996,0.9760253000000001,2.1117860999999998,760.075,926.035,0.25541867749999997,0.31246604499999997,0.8867059425000001,1.05831921,1.9249719199999997,2.3108920725,1.8073110406999997,1.4661400137425,2.1650685236199996,3.9854931102035804,3.011377501900492,5.138631200768746
sunflow,25m,1.6GHz,1145.8,0.5331298999999999,1.7907592,3.4171509,1109.4925,1188.805,0.51260862,0.556215185,1.7283991875,1.86851104,3.29443009,3.5532583075,3.929813438399999,3.6599657196,4.254469415769999,13.534539609677946,12.040648419111616,15.280622607990905
sunflow,25m,1.8GHz,507.4,0.18684679999999998,0.9913696999999999,1.6880493,468.5,565.9,0.168515005,0.21390156749999997,0.9110632474999999,1.1063006375,1.5556304424999998,1.8744178575000001,0.8796746939,0.7290498592475001,1.1047645436849998,1.5789979325770254,1.1447722862828658,2.285717542605979
sunflow,25m,2.0GHz,440.0,0.1624816,1.039276,1.6418155000000003,421.7,462.5075,0.155905965,0.17123695249999998,0.9971622499999999,1.094920225,1.579208995,1.718737135,0.7263551197,0.6630026438575,0.8119353826599999,1.2060377765753247,1.065856655330796,1.407915628251008
sunflow,25m,2.4GHz,417.1,0.16792600000000002,1.4042907,1.9860780999999998,383.09250000000003,457.2075,0.14974735500000003,0.1878209125,1.3006433425,1.5274894424999998,1.8262028,2.1775495625000003,0.846030331,0.6973959944850001,1.0232035263600001,1.7554628001469645,1.3035128535817486,2.3003596884381
sunflow,25m,2.7GHz,356.7,0.1478087,1.5404296,2.0376342,325.6975,398.6525,0.13164289500000004,0.1664982175,1.4080060925,1.7067037975,1.8583173225000003,2.2476705200000002,0.7456718563,0.6040411603925,0.9402476690524999,1.6046956764891065,1.1188454465651656,2.259438480898669
sunflow,25m,400MHz,2330.5,0.7121949000000001,1.2551149,4.409332,2169.7925,2520.3025000000002,0.6628250350000001,0.77507056,1.166789655,1.363565505,4.103894657500001,4.796954265,10.439145265799999,8.86930423666,12.5167859739575,47.58839507432802,36.65446276258469,61.324913715330666
sunflow,25m,800MHz,1122.1,0.3615539,0.9062072999999999,2.4288086,1059.69,1199.6025,0.33957774999999996,0.3866425075,0.8508510949999999,0.9680021474999999,2.2846244974999994,2.5959043525,2.7538903473999996,2.431352187995,3.1364465157050003,6.836498512589502,5.569319979207781,8.53984726585599
sunflow,30m,1.2GHz,772.4,0.2627745,0.905725,1.9594175999999996,707.7874999999999,845.01,0.23817556499999998,0.29155428,0.83412453,0.9887918400000001,1.8117160225000002,2.1530148825,1.5450314431999999,1.2709923563375,1.8469382435249997,3.159865506064468,2.2678344393191328,4.27017170125806
sunflow,30m,1.6GHz,1147.4,0.5405640999999999,1.8141785000000001,3.44917,1108.2,1188.4075,0.5165951424999999,0.566266665,1.7541204049999999,1.8875007675,3.3349149425,3.589536045,3.9713210321000005,3.6892297332399995,4.30103561482,13.797689457012027,12.396388513528356,15.395380002832145
sunflow,30m,1.8GHz,564.7,0.20752549999999997,1.0928406000000002,1.8656492999999998,513.36,623.02,0.1868273775,0.23284091999999995,0.9923499325,1.2068072300000001,1.6958726575,2.0757810575,1.0795521028,0.8818991940425001,1.3095609716425,2.1163001803097514,1.5451919936203855,2.825126754891569
sunflow,30m,2.0GHz,444.3,0.1642881,1.0407714,1.6503358,428.0,460.3,0.1574455425,0.17221680749999999,1.006240375,1.0785669900000001,1.5939193725,1.718250835,0.7358138117999999,0.68206931539,0.7872818172025,1.2231127050648036,1.0913183760094873,1.3642672865169647
sunflow,30m,2.4GHz,389.3,0.1565551,1.3141478000000002,1.8576967,356.1975,430.41499999999996,0.137658435,0.17815698999999996,1.2045935625000002,1.4527712025,1.6730471500000001,2.0508308849999994,0.7432520972,0.5842126791925,0.9186374177600001,1.4626072759404984,0.9842050848946495,2.014962694363474
sunflow,30m,2.7GHz,349.0,0.14371969999999998,1.5024170000000001,1.9901366,325.295,380.3125,0.13417237,0.15746282,1.4079839100000002,1.6283677400000003,1.8677687175000002,2.1618136675,0.7058730381,0.6087434465725001,0.84180368318,1.4540216907309644,1.1446122165096912,1.9044008683602949
sunflow,30m,400MHz,2327.0,0.7009825999999999,1.2248232,4.3636596999999995,2185.775,2481.265,0.659231395,0.7522612624999999,1.1481118549999998,1.3091198875,4.1074290425,4.6723399375,10.264373790499999,9.029693192312504,11.744795798625,45.79140424730744,37.15384021576639,55.48489347266458
sunflow,30m,800MHz,1211.9,0.3932252,0.9684328000000001,2.6147644999999997,1100.8250000000003,1344.4675,0.3527353575,0.44174363,0.870634105,1.071900985,2.3780399925,2.9172319325,3.2638398496,2.583384649445,4.070476959534999,9.064470110898302,6.250256351613149,12.510155234905717
sunflow,5m,1.2GHz,3550.5,1.3690432,4.0534239,8.861206200000002,3518.8,3608.9025,1.3489684,1.39752428,4.0134333375,4.1196292825,8.772466485000002,9.009263655000002,31.479237029500002,30.884205436164997,32.52578526020999,279.26893624053173,270.9265425493923,293.7847128007832
sunflow,5m,1.6GHz,5093.0,2.5810426000000004,7.8036135,15.017444000000001,5078.6975,5107.01,2.563965095,2.59753165,7.768622917499999,7.834737842500001,14.9545881625,15.077767347500002,76.48602908029999,75.9522763020275,77.0229906462975,1148.7086962606274,1135.4816736267958,1159.8486646449553
sunflow,5m,1.8GHz,2505.7,1.0589354,4.6647645,8.089294599999999,2471.6974999999998,2544.5025,1.0410500599999999,1.0809044925000002,4.59230131,4.74050592,7.9811473125,8.22564901,20.280674363000003,19.720123133999998,20.921833077455002,164.24905829953713,157.3199707690474,172.35921277045315
sunflow,5m,2.0GHz,2277.2,0.9796508999999999,5.1275390000000005,8.2474425,2268.4975,2287.0,0.9722530949999999,0.9867515349999999,5.094885967500001,5.1610307525,8.2033824725,8.2895568025,18.7818248974,18.62665270055,18.943412785675,154.91971615093206,152.61347689594075,156.9959240016468
sunflow,5m,2.4GHz,2010.8,0.9163025000000001,6.4398865,9.2224121,1980.9,2048.105,0.8937696124999999,0.9419160074999999,6.3280757224999995,6.5707593625,9.067307965,9.410175362499999,18.559077655900005,17.9755224003325,19.2795452474025,171.45374610211041,162.91474856709755,180.6125176392783
sunflow,5m,2.7GHz,1820.3,0.8485533999999999,7.352337800000001,9.87973,1802.0974999999999,1841.4025000000001,0.8354977450000001,0.8671286899999998,7.286299924999999,7.4384169775,9.793065422500002,9.998077965,17.9896001969,17.6536083324625,18.40604064479,177.84307851902742,172.87982581357943,184.28119397164397
sunflow,5m,400MHz,9917.3,3.2384461,5.2707887,18.461773700000002,9810.287499999999,10089.555,3.2079075475000005,3.2886144524999996,5.2205990825,5.35042319,18.190760984999997,18.840244577500002,183.2011326088,178.5072301799325,189.77248780825,3386.9710874977195,3250.2008251885622,3578.1107329844544
sunflow,5m,800MHz,5252.4,1.8849671000000001,4.147467099999999,11.1886474,5193.595,5338.1075,1.8537473875000001,1.9233473950000002,4.0860203825,4.2250631925,11.018249400000002,11.413249215,58.8055819486,57.261640389897515,61.113946331434995,658.9402915396087,629.7162284533956,701.7448660349041
tomcat,13m,1.2GHz,1118.6,0.6876648000000001,1.3919619,3.0075377,1083.695,1162.7025,0.6570029225000001,0.7157082075000001,1.3482740575000003,1.43609294,2.9118949874999998,3.1090289849999997,3.3736990286,3.15430664813,3.6152539905925005,10.203139378704055,9.256067928492783,11.164466076193538
tomcat,13m,1.6GHz,878.3,0.6476196,1.4320862,2.8398743,819.9875,941.0175,0.5978147450000001,0.6968286450000001,1.344257775,1.5372545775,2.6296687875,3.0557750624999995,2.5255213664,2.1939876278900003,2.886854198985,7.354363874240581,5.864864717244603,8.868409485553586
tomcat,13m,2.0GHz,726.6,0.5733214,1.7312926000000002,2.9109434000000003,698.8925,754.5,0.5486194249999999,0.5966810275000001,1.6724479175000002,1.7932081375000002,2.7941538625000004,3.0140178825,2.1229151561,1.9558481934600005,2.2832296516199997,6.224025635973684,5.5803078571910785,6.85030488479634
tomcat,13m,2.4GHz,671.8,0.5676332,2.2804994,3.3909667,639.995,704.0175,0.5374927125000001,0.59657087,2.1756936075,2.3817002949999995,3.23571016,3.551645785,2.2912927739000004,2.08311291618,2.5058224191650003,7.856780513188883,6.733592477041321,8.954187115106315
tomcat,13m,2.7GHz,626.5,0.5534728999999999,2.7050842000000004,3.7467831000000005,595.3,654.405,0.5244728975,0.5803067475,2.5631907025,2.8230399450000006,3.54308643,3.9050528175,2.3611421966000004,2.115531362325,2.5558634363025,8.948475246808048,7.6900632402032985,10.041834266941486
tomcat,13m,400MHz,3005.1,1.6593567,2.0161131,6.819207799999999,2894.565,3116.04,1.3882781425,1.9238257125,1.83319445,2.1756895775,6.1360237925,7.499397575,20.663763769700005,17.7547639548875,23.432937303672496,146.24144764189288,111.96203660805128,179.22323080025473
tomcat,13m,800MHz,1582.4,0.7406798999999998,1.3465699,3.4425966000000003,1532.39,1630.4225000000001,0.7168017750000001,0.7660800049999998,1.30228686,1.3882742325000001,3.3405434075000002,3.5545175725,5.4623681784,5.0854293574325,5.7924879191,18.90698667910432,17.16339998388823,20.771050539727757
xalan,10m,1.2GHz,580.4,0.298895,0.6762635,1.5040773,560.4,596.905,0.2867590175,0.30901079249999996,0.6511193949999999,0.70114282,1.4484190000000001,1.549360385,0.8752993310999999,0.8151919564475001,0.9272535548375,1.323736950274841,1.1975839458525146,1.4350528173406287
xalan,10m,1.6GHz,625.7,0.3864624,0.95968,1.9070555999999996,608.4975,639.9025,0.3769856775,0.39532612500000003,0.9299166100000001,0.9913554775,1.8559111799999999,1.9532303225000003,1.1951813041999997,1.1361014084599999,1.253881978865,2.2868546757284856,2.1120987187412044,2.4588104837180853
xalan,10m,1.8GHz,392.0,0.2571286,0.7469482,1.350128,366.5,422.905,0.2405816975,0.2749534074999999,0.684915605,0.82864083,1.2586842724999998,1.4794034049999998,0.5377530197999999,0.461306551505,0.6449589566749999,0.7535316515169682,0.58369125756428,0.9992949083018325
xalan,10m,2.0GHz,362.6,0.23775010000000002,0.8237061000000001,1.3887570999999999,350.0975,372.3,0.23243176500000004,0.2438022125,0.7937294150000002,0.847593715,1.3394391274999997,1.425175725,0.5047621413,0.47395281370500003,0.5309589661699999,0.7042605151324544,0.6376487525053431,0.757171365888473
xalan,10m,2.4GHz,307.0,0.2203005,1.0057801,1.4951173000000002,298.495,314.9025,0.2153989425,0.22533269749999996,0.9708007949999998,1.0427729399999999,1.44979483,1.54048074,0.4598793261,0.43197389639749995,0.48431225118000004,0.6905053383839224,0.6347543791319838,0.754184045415681
xalan,10m,2.7GHz,277.3,0.2059817,1.1484375,1.5959169000000002,270.1,282.3,0.2010042,0.21109065249999998,1.1178488225,1.1704077199999998,1.5580624750000003,1.6233042200000003,0.44306535690000004,0.423644725705,0.45861873784,0.7086538451639551,0.6660329630413544,0.7470174977600209
xalan,10m,400MHz,1700.4,0.6085206999999999,0.9220399,3.2150453000000008,1619.6200000000001,1766.5125,0.5783504000000002,0.6361149625,0.8680806775,0.9664790024999999,3.0410551550000005,3.366480375,5.5002315757,5.0070594509125,5.979036201,17.90187647494364,15.320219247076935,20.248923941945446
xalan,10m,800MHz,884.2,0.3762086,0.707416,1.875348,866.59,901.01,0.36921989,0.38451138499999993,0.6893784224999999,0.7291615825,1.8441587825,1.9067911149999999,1.6594035194,1.60638159105,1.7209336302299998,3.116573132849428,2.969837616553474,3.2708541808931657
xalan,15m,1.2GHz,491.6,0.2430295,0.5691529,1.2398314000000001,469.895,509.8,0.2354849875,0.25192885750000005,0.5412105,0.5911560999999999,1.188854935,1.2819907900000003,0.6122093305,0.5561212718075,0.65522566886,0.7650774845651619,0.6745714794309728,0.8390691889658838
xalan,15m,1.6GHz,537.1,0.33212889999999995,0.8246093999999999,1.6398436,515.5925,554.7,0.32673161249999993,0.337072655,0.7922697925,0.8534714225,1.57848934,1.6893213525,0.8838326048,0.816163656965,0.9369504644275001,1.4585904233082083,1.293595937122872,1.5822127544815927
xalan,15m,1.8GHz,332.1,0.21247570000000002,0.6299680999999999,1.1451905000000002,315.1,342.4,0.19954453,0.22706482750000004,0.5964577600000001,0.6523583974999998,1.080085975,1.1881324050000002,0.3823794512,0.3492078547775,0.4072523498925,0.44243992242744445,0.3836926691022053,0.4849141854641591
xalan,15m,2.0GHz,304.0,0.20237429999999995,0.7051881999999999,1.1818726,296.1975,310.2,0.19235178499999997,0.21295520250000002,0.6825212724999999,0.7295620425000001,1.1457535575000004,1.2142465575000003,0.3598554759,0.34187350051250004,0.37727337466750005,0.4269052380522077,0.39045129994093897,0.4586255881204962
xalan,15m,2.4GHz,254.2,0.18019999999999997,0.8432801999999999,1.2514953,243.195,264.9,0.171996095,0.1865615725,0.793919575,0.8807291675,1.185833695,1.3038526775000001,0.319891617,0.288694358415,0.34548938246,0.40470484109119387,0.34886632719549865,0.4551849484937462
xalan,15m,2.7GHz,223.9,0.16651009999999997,0.9375001000000001,1.2980774,214.3,231.8025,0.16135147749999998,0.17089326249999998,0.8957189999999999,0.9767095625000002,1.2431559725,1.34997459,0.29191813580000003,0.2673474372450001,0.3138986576650001,0.3821975543974614,0.3347801239531708,0.4240690047292042
xalan,15m,400MHz,1364.8,0.4892272999999999,0.7388486,2.5576905000000005,1281.185,1450.635,0.46273759499999995,0.51485646,0.690960235,0.7836485725,2.391318985,2.7186168800000003,3.5244154539,3.1274611040774998,3.9466654085,9.185856001573454,7.628546794186748,10.678841894468121
xalan,15m,800MHz,763.8,0.3181153,0.6251893,1.624701,743.485,781.6025000000001,0.3088668225,0.3285652525,0.60711634,0.6458333374999999,1.5826599925,1.6636462275,1.2428308562,1.1806033243149998,1.3005045167474998,2.0256224425073315,1.8835399078968478,2.182913060000085
xalan,20m,1.2GHz,478.1,0.2363036,0.5549925,1.2039245,447.685,506.905,0.22744562,0.243848475,0.5186947999999999,0.58852133,1.1281811124999999,1.2691958600000004,0.5809615704000001,0.51611615668,0.6413470907300001,0.7114874850510502,0.5875356154150944,0.8124782356547254
xalan,20m,1.6GHz,528.7,0.34388450000000004,0.8112,1.6263307,503.58500000000004,551.6,0.33279937000000004,0.3581121025,0.7750853875,0.845915485,1.560898925,1.6984415900000003,0.8642827179999999,0.7872687017050001,0.939316157355,1.4197087798098351,1.236586903260748,1.5961011465163961
xalan,20m,1.8GHz,326.3,0.21021130000000002,0.6195925000000001,1.129187,310.295,339.8,0.20482773999999998,0.21459970250000002,0.58404962,0.6454068000000001,1.0724326199999998,1.1728286825000003,0.3704199674,0.33485410753250006,0.3967934304525,0.42236443200326523,0.3686421206604861,0.4677578626058636
xalan,20m,2.0GHz,291.8,0.1875794,0.668988,1.1205444999999998,276.2,304.3025,0.1818146975,0.19391515500000003,0.6323974375,0.6985772499999999,1.0541291025,1.166525505,0.3290481724,0.29699021441249995,0.35498811695999993,0.37311573220573446,0.3197524211361986,0.41509987550195576
xalan,20m,2.4GHz,246.1,0.17683699999999997,0.808563,1.2011965,235.8975,253.9025,0.1729407175,0.18039565,0.770829105,0.8366417899999999,1.1503035174999998,1.240536845,0.29668396969999994,0.2721068790775,0.31548719826,0.3588818272014708,0.31923171061202776,0.3913195447336856
xalan,20m,2.7GHz,225.2,0.1704833,0.9408447000000001,1.3048463000000001,219.6,229.8,0.16635105000000003,0.17442086499999998,0.9164867099999999,0.9639828,1.2729146824999997,1.33263205,0.2942331159,0.2813399058525,0.30593905526,0.3849249027063627,0.35992335623885935,0.4074062009520174
xalan,20m,400MHz,1392.0,0.5042296,0.762793,2.6195924,1296.1375,1483.9275,0.47709769,0.5278539575,0.7004873399999999,0.8133213025,2.4202572675,2.791735965,3.69116658,3.175506625272501,4.150624483914999,9.895565608884505,8.08279682980596,11.62086860081179
xalan,20m,800MHz,735.4,0.30762330000000004,0.5874389999999999,1.5521544999999999,696.5975,767.605,0.29484809000000006,0.31970555250000005,0.5542370624999999,0.613214405,1.478537045,1.6187903225,1.1484838461,1.0314653301374999,1.2427660653725,1.803107524961178,1.532504248882724,2.0169529731023155
xalan,25m,1.2GHz,477.6,0.2398191,0.5530396,1.2055052999999998,449.3975,502.81,0.23188953,0.247912615,0.518956255,0.5821116624999999,1.1357961424999996,1.2630593625,0.5802960414999999,0.5185570563175,0.6347847470574999,0.709710454328545,0.6068339346537819,0.8004967651032631
xalan,25m,1.6GHz,547.2,0.34457379999999993,0.8532594,1.6897949,531.0,559.3,0.3342202625000001,0.35543621999999997,0.82352187,0.8785130575000001,1.640375955,1.7303271374999998,0.9261574977,0.8760359163750001,0.96632841556,1.5703752485670959,1.4474033160261581,1.673145254089789
xalan,25m,1.8GHz,315.2,0.2055237,0.6072325999999999,1.09812,298.4,331.7025,0.1979658175,0.21283036249999998,0.5766780650000001,0.63478505,1.0487471699999997,1.1444649199999999,0.34823134720000004,0.31688032478749995,0.3790775699650001,0.3866154690778204,0.33037177572065773,0.43530904697110834
xalan,25m,2.0GHz,302.3,0.1976684,0.6946592,1.1668519,294.1,308.0,0.19243022249999997,0.20417704750000004,0.6740257375,0.7079852350000001,1.1352482999999998,1.1923780025,0.3532666232,0.33478281681,0.36661768604249995,0.4134427039232668,0.3830200960622149,0.43741510207528284
xalan,25m,2.4GHz,247.3,0.18356319999999998,0.8144834,1.2157898,240.4,253.1025,0.1797354375,0.18856850500000003,0.7872851774999999,0.838979405,1.176709705,1.25191213,0.3012261231,0.28360035281749996,0.31719156641,0.3677698443083163,0.3389016478345427,0.39826108663383
xalan,25m,2.7GHz,219.6,0.17046509999999998,0.92052,1.2786377999999998,211.4975,226.4,0.1654589175,0.1749358025,0.8822559274999998,0.9532269200000001,1.2278968075,1.3227619325,0.2816770156,0.261759331055,0.2991474959675,0.3624768518083422,0.3222803574668019,0.3982535140945302
xalan,25m,400MHz,1360.7,0.4930664,0.7476746,2.5438538,1251.395,1453.605,0.460415175,0.5221225625000001,0.6878036750000001,0.8122237175,2.3509742399999998,2.7228181300000003,3.512292677,3.0123262918550004,4.045039561097499,9.179642696820835,7.398487825541298,11.10973319255494
xalan,25m,800MHz,729.5,0.2983887,0.5865294999999999,1.5365173,686.2,769.0074999999999,0.27735909750000004,0.31753343749999996,0.5491410575000001,0.620278245,1.452413685,1.6175389075000002,1.1305817914000003,1.001449831065,1.25208899595,1.7666025100313505,1.4716925775742085,2.0248221447028443
xalan,30m,1.2GHz,505.6,0.24204099999999995,0.5860106,1.2664978000000002,492.4975,516.0,0.23395822249999998,0.251687345,0.5715549575,0.597110155,1.2354842175,1.2914612524999998,0.6412118064,0.6113463539474999,0.6671236994424999,0.8142062044750693,0.7558136809608021,0.8625318621630518
xalan,30m,1.6GHz,539.1,0.34106420000000004,0.8278869999999999,1.6525939,525.7925,548.5,0.3293687874999999,0.35422700999999995,0.8057239799999999,0.8438746899999999,1.6063432800000002,1.6881241799999998,0.8922008556,0.8452603796600001,0.9283409515,1.4788319522848024,1.3728043316535927,1.5644647300461723
xalan,30m,1.8GHz,305.6,0.2052734,0.5795655,1.0572753,291.5975,320.0075,0.19935737250000002,0.21093358,0.5513569225,0.6081361,1.0069540850000003,1.1044859024999998,0.3248617568,0.2969607146425,0.35530308575249997,0.34716593652485284,0.29699709181358475,0.3929864350673758
xalan,30m,2.0GHz,287.8,0.1941163,0.6614196,1.1135071,273.6,300.905,0.187913405,0.200215175,0.6263332374999999,0.69263234,1.0553930900000001,1.1596609875000001,0.3223918813,0.2887175271775,0.3489305828525,0.3631207196373571,0.31186474091035843,0.4062155855771985
xalan,30m,2.4GHz,256.6,0.1881348,0.8488403,1.2643433000000002,247.2,264.0,0.1802425875,0.1973897875,0.8131516225000001,0.8713936750000001,1.2170521850000002,1.2998281375,0.3253515615,0.30099593296,0.3430283264975,0.4136677980843687,0.37072969529016137,0.4470801077038293
xalan,30m,2.7GHz,226.6,0.16657720000000004,0.9495665000000001,1.3114748,218.79250000000002,232.2,0.16355599999999998,0.16923820250000002,0.9115064075,0.9751856474999998,1.2611725900000001,1.345273255,0.29800881299999993,0.2767310164425001,0.31265749086,0.39294943126197907,0.34923905041114517,0.4213507293065645
xalan,30m,400MHz,1444.2,0.5357360999999999,0.8408996,2.7691774,1379.1975,1498.8025,0.5167416375,0.557325725,0.7685907375000001,0.9328059025000001,2.6422447325,2.909979215,4.0128256102,3.70936311383,4.376500473795,11.216976870159908,9.783565510033,12.799569126101106
xalan,30m,800MHz,715.6,0.30506599999999995,0.5701662000000001,1.5095399,675.6575,754.905,0.2901168825,0.3188715875,0.534478125,0.6045016075,1.4205575925,1.5935610175,1.0898603740000001,0.9684147073175001,1.2025912165575,1.6736082963553103,1.4077908181073744,1.9422127529883628
xalan,5m,1.2GHz,1804.6,0.8932922,2.0542299,4.597943000000001,1772.0925,1834.8075,0.864253825,0.9253361075000001,2.0167215675000003,2.0950163424999997,4.4937948775,4.695496824999999,8.305825612200001,7.974779130090001,8.624403181745,38.27868708980738,35.90945780363229,40.489992583571244
xalan,5m,1.6GHz,2196.0,1.3449708999999999,3.3603943999999997,6.653106800000001,2171.9975,2218.815,1.31208052,1.374265655,3.3155122575,3.4034092050000004,6.567048164999999,6.7338619775,14.6152705226,14.246930572940002,14.958002557985001,97.3126461162201,93.84029928570476,100.89739482803385
xalan,5m,1.8GHz,1225.2,0.7170471,2.2666318999999997,4.085852000000001,1194.695,1261.6025,0.6824685175,0.7592833075000001,2.2116383775,2.3339435975000002,3.9796121650000003,4.214408535,5.016220737300001,4.744724058707499,5.331246541147501,20.585377550898986,18.933126023313164,22.65118585851559
xalan,5m,2.0GHz,1164.1,0.7562135,2.5782467000000002,4.361846999999999,1131.5,1192.01,0.71373595,0.790662615,2.5126888425,2.6350276,4.2278147575,4.46629415,5.0871313258,4.796540601104999,5.3239039905825,22.273724377640807,20.476524946017648,23.804495566431772
xalan,5m,2.4GHz,978.6,0.6863525,3.1044923,4.6452024000000005,949.09,1008.605,0.650740375,0.720798015,3.008201615,3.198461885,4.4981663125,4.781441862499999,4.5558397921,4.281717445525,4.8240190821999995,21.256954040481585,19.391801140775062,22.967424743608927
xalan,5m,2.7GHz,885.1,0.6677977,3.5462219,4.9749206,867.0975,900.805,0.6359100025,0.6948584500000001,3.478464145,3.6038148150000002,4.870592725000001,5.07259367,4.4077296253,4.23109265998,4.5560338196000005,21.97275605237394,20.571402868456296,23.196566825279774
xalan,5m,400MHz,5008.9,1.8004270999999998,2.7482363,9.5157411,4849.9675,5146.820000000001,1.7382831275000001,1.8622843824999997,2.64101793,2.8685385949999995,9.1862117425,9.798927492499999,47.769257882299996,45.02679087333,50.608528747425,456.7821852573803,413.76568765915954,494.8114502134774
xalan,5m,800MHz,2585.9,1.0979126,2.070349,5.4926758,2518.9675,2648.4,1.052668405,1.1454946400000001,2.0105665724999997,2.12572127,5.327979265,5.646476149999999,14.230003137899999,13.478985237175001,14.950899875882499,78.47295646063971,71.91570301044763,84.63656897650877
zxing,10m,1.2GHz,888.2,0.2841673,1.0193908,2.2221311999999998,856.2825,921.9175,0.2727059225,0.29763247000000004,0.986431035,1.060187015,2.1448420350000004,2.3135725574999997,1.9808986871000003,1.8419210566524997,2.1348786216949995,4.434180287121131,3.970897849733247,4.994367787426778
zxing,10m,1.6GHz,1370.7,0.6286071,2.0931032000000003,4.039691,1281.57,1475.4250000000002,0.5808191349999999,0.6858763274999999,1.9510623025,2.2512037425,3.77297619,4.374144442500001,5.6120768622,4.8628728068925,6.515994931882501,23.310096034736695,18.369923471873356,29.117880400101853
zxing,10m,1.8GHz,772.5,0.2807494,1.4440974999999998,2.5083983,644.29,898.1999999999999,0.2244259475,0.3410921225,1.2003770225000001,1.7065512999999999,2.0802621625000004,2.9452998000000004,2.0987849542,1.3619115324375004,2.8055429438125,6.110150664608747,3.377132293839156,9.263287046145601
zxing,10m,2.0GHz,722.6,0.273041,1.6418331999999995,2.6495971999999997,603.3375000000001,849.9075,0.21854864999999998,0.32719969000000004,1.33526264,1.9131042949999997,2.1737757825000004,3.0834568049999995,2.0717427512,1.4032079285675,2.7011808992375004,6.30156047566221,3.7119740348147845,8.888497260625579
zxing,10m,2.4GHz,667.9,0.3095276,2.4252136,3.3874023,574.4425000000001,760.3175,0.24919870500000002,0.38244661999999996,1.9680173375,3.0264019024999995,2.8146991825,4.0530991174999995,2.3892882967999998,1.7053723243425,3.1162907411725,9.229284900044572,5.361428712033776,14.033533898811978
zxing,10m,2.7GHz,547.4,0.2383361,2.2749329,3.0592529,448.8775,654.55,0.17897699500000003,0.2985737425,1.8320640325000002,2.7035938774999995,2.4918629825,3.6160902399999992,1.8375510028999997,1.1992209411025,2.4679139116199997,6.614243604993301,3.560653845878086,9.62043564824304
zxing,10m,400MHz,3013.4,0.9038209,1.6164551,5.6596069,2538.3875000000003,3569.1175,0.7648732825,1.0700910799999999,1.3583177225,1.9042950199999997,4.7885576675,6.6187081725,18.3159551513,12.209979583232501,25.753841941705,120.2007683859451,61.74299481758821,192.32883922787238
zxing,10m,800MHz,1639.3,0.5146729,1.3048156,3.5159118,1343.47,1932.5,0.41995605750000004,0.6110221425,1.0621282724999999,1.5554240074999997,2.9039098200000004,4.1632344450000005,6.2613706901,4.032091111934999,8.590532897400001,25.74571654342065,13.20336230118565,38.875978101344536
zxing,15m,1.2GHz,1214.5,0.40587169999999995,1.3934815,3.0524472,1025.8525000000002,1399.24,0.333321385,0.46961888749999997,1.1752943725,1.5839960999999998,2.5540189550000005,3.4653509074999995,3.9226105194,2.843550522935,4.8109141151975,13.157889455977525,8.643179108748832,16.9958266647136
zxing,15m,1.6GHz,1435.9,0.6613524,2.2019957000000003,4.2477784,1296.09,1563.2,0.597754405,0.72419481,1.9819230724999999,2.3923661,3.8519416800000004,4.631745229999999,6.2388040081,5.2010230306075,7.2824653035375,27.66693586068941,20.18343902816319,34.31854143257639
zxing,15m,1.8GHz,654.1,0.2305603,1.2216919000000002,2.1249449999999994,542.395,790.305,0.18669515250000002,0.28056711999999995,1.034086045,1.46421954,1.7829074600000006,2.5188684175000002,1.5111920638,0.9633883635649999,2.115634813859999,3.7887909359060368,1.7534179365687552,6.1005786530461865
zxing,15m,2.0GHz,683.3,0.2553712,1.5487061999999998,2.498816,593.79,780.9075,0.21291924750000002,0.3042329,1.3376221000000001,1.7868169374999998,2.153688075,2.8425047549999998,1.7957489459999998,1.3025733291150001,2.33881381637,4.950385037608272,2.963635373839079,7.011890605831907
zxing,15m,2.4GHz,573.5,0.2278686,1.8695496000000003,2.6759154999999994,477.6925,670.515,0.17921099250000003,0.27755735249999997,1.54340637,2.187003735,2.194520345,3.13458679,1.6613647675999998,1.1160496277825,2.1993758740275,5.116766873346735,2.9245133533081966,7.33871761285911
zxing,15m,2.7GHz,537.3,0.23325809999999997,2.253607,3.0243165999999997,441.59000000000003,622.03,0.17534606749999998,0.2834003275,1.8506084975000001,2.649234885,2.511644165,3.51593249,1.7530825341,1.2083124760175004,2.2697321866549993,6.064513363904615,3.554775419149596,8.59725093903942
zxing,15m,400MHz,3389.1,1.0161436,1.8148500000000003,6.381255900000001,2898.7825000000003,3863.9124999999995,0.8469629924999998,1.1817560175000001,1.5558296825000002,2.0674143275,5.4622691125000005,7.343474112500001,22.904618192,16.07668999711,29.114691027549995,162.2128129561275,101.06508357342949,224.14770930757388
zxing,15m,800MHz,1551.1,0.4863709,1.2313354,3.3296145000000004,1254.9125000000001,1831.2575,0.387475575,0.5842062275,0.9949456900000002,1.4745211274999999,2.6996022550000003,3.969700175,5.6504935745,3.5831215441000004,7.7779519849575,22.233632542953433,10.942505565342477,33.656068365348936
zxing,20m,1.2GHz,1253.5,0.5157653,1.45271,3.3737426,1064.56,1413.035,0.426092685,0.5893867299999999,1.2382820575,1.6394917574999999,2.8508832975,3.800043745,4.457913812299999,3.2991720611099997,5.486509824145,16.428152506876465,10.836336038323559,21.27161117376041
zxing,20m,1.6GHz,1428.0,0.6613279999999999,2.1980712999999996,4.23172,1274.79,1564.2875,0.59290317,0.7258955224999999,1.9857465625,2.4264164425,3.7956607,4.663837635,6.2007147034,4.9601799827374995,7.4033922212625,27.582807569812623,19.942999106877135,35.593919053841475
zxing,20m,1.8GHz,773.4,0.3464113,1.4648926,2.6882812000000005,649.79,898.4075,0.28306274749999993,0.40111156,1.23637326,1.6795342350000002,2.2712700875,3.09988401,2.2070555488,1.5545150958450002,2.82818421321,6.613830359828336,4.000190751652098,9.342578561177914
zxing,20m,2.0GHz,681.2,0.3133972,1.5510985000000002,2.6443236000000003,561.7,800.3025,0.2508479325,0.37479957,1.2916900875000001,1.8138004749999999,2.1922829750000004,3.09796724,1.9434776273,1.3252773685274999,2.5835337839500006,5.888378579373708,3.4330361562958687,8.527171693630363
zxing,20m,2.4GHz,529.9,0.2585937,1.7379883,2.6070923,435.4875,623.2125000000001,0.20416784249999997,0.31514702999999994,1.45830301,2.062221605,2.1701903275,3.08620125,1.4925540967000002,0.9867231394225,2.0099099085199996,4.514384147109473,2.4562652381993804,6.8535209645035895
zxing,20m,2.7GHz,495.3,0.253601,2.0885071,2.9119080999999998,406.55000000000007,591.9025,0.195923455,0.3128152225,1.6913871175000001,2.4727034575,2.3881310274999996,3.4796934575000003,1.5778608571,1.0005159365925,2.16190132364,5.407870097259363,2.9664670132171307,8.074191583082843
zxing,20m,400MHz,3379.5,1.0863158,1.8012208,6.5219606,2766.9125000000004,3937.0575,0.90748244,1.2758600375000002,1.5025185850000002,2.1074526524999997,5.371713929999999,7.62808345,23.8216850082,15.8752080753625,31.307487245462504,178.25461362283153,101.66002651601245,255.7426254678265
zxing,20m,800MHz,1926.4,0.7384157,1.5404235,4.4236448,1643.3975,2151.3250000000003,0.6130276275,0.83447295,1.3028778175000002,1.7272461099999998,3.7439127175000007,4.96132649,8.942499522999999,6.992386990015001,10.712440788254998,42.73419781218901,29.155352970056985,53.5706688424663
zxing,25m,1.2GHz,1093.9,0.3918212,1.2510132,2.8001526,892.1975,1305.51,0.30857879999999993,0.4837428475000002,1.0282066374999999,1.5168419600000003,2.309762697500001,3.3320123600000002,3.3562486731999996,2.1704082394550004,4.556911584509999,11.182752545242883,5.572136521281367,17.398646552521015
zxing,25m,1.6GHz,1383.4,0.641443,2.1306275,4.1025694,1255.3625000000002,1514.1174999999998,0.5762451900000001,0.7004979600000002,1.9335993849999997,2.335920385,3.7109048149999997,4.520382049999999,5.8100393316000005,4.69978416086,6.979662758857498,24.969484137218426,17.98897746391696,31.871606530423755
zxing,25m,1.8GHz,720.2,0.3205565,1.3599791,2.4966491,620.2625,830.005,0.2656290600000001,0.3763372175,1.1673996750000004,1.553513585,2.14674466,2.8675706675,1.9013670008,1.3866791628625,2.4589814093999998,5.277824345799254,3.304284982849597,7.556012550492551
zxing,25m,2.0GHz,668.5,0.3043763,1.5197266999999999,2.590747,553.4925000000001,789.01,0.2432252,0.3672480075,1.25352027,1.7685562299999997,2.1398218599999996,3.0351908749999996,1.8795848378000002,1.2695494255600002,2.495887755525,5.631664040099148,3.1228872956487477,8.060260068943712
zxing,25m,2.4GHz,605.6,0.30094000000000004,2.0138734,3.0050478000000003,511.76500000000004,691.7125000000001,0.24540132750000004,0.35311396500000003,1.6952230299999997,2.3422710275000003,2.529164755,3.49045692,1.9336997250999999,1.3545512676025002,2.45759983017,6.484489046460197,3.8429583698561585,8.917796831098519
zxing,25m,2.7GHz,503.0,0.2534181,2.1195496,2.9500547999999998,413.6975,595.115,0.1970081225,0.31290783999999994,1.7242587175,2.4957845924999997,2.3873445475,3.53627851,1.6278508651000003,1.0538679981925003,2.2510693566624997,5.675657337694429,2.8599725727058973,8.412338343903967
zxing,25m,400MHz,3123.1,1.1097715000000001,1.6676574000000002,6.291870300000001,2599.29,3700.3,0.9158823425000001,1.3274508425,1.393109315,1.970825425,5.2425833724999995,7.5870588875,21.3815253207,14.540028424310004,29.68391330783,158.359599841973,84.33481018469062,247.3430407670288
zxing,25m,800MHz,1514.5,0.47448749999999984,1.2013489,3.2582825,1265.065,1816.45,0.394975215,0.5715689975,0.9944362775000001,1.4295044999999997,2.735551185,3.874364,5.352017454,3.506439489897501,7.360401880077499,20.474130231062826,9.672113090727457,31.952763019721857
zxing,30m,1.2GHz,1227.4,0.4367736000000001,1.5199828,3.2219603,1015.48,1413.9775,0.34703124,0.5346281174999999,1.2110089700000002,1.9186395125000002,2.6040870725000005,3.8341483925,4.270884660999999,2.9427316198824998,5.623129342012501,15.926585824414014,9.445388362892134,22.805618325906384
zxing,30m,1.6GHz,1443.9,0.6647464,2.2211423999999997,4.280828999999999,1302.58,1574.9025000000001,0.601603195,0.7308435400000001,1.9947171875,2.43073762,3.8788587900000002,4.712888052499999,6.3334037496,5.211880515762499,7.5441989983600015,28.4318224309008,20.691984878937646,36.67464387535552
zxing,30m,1.8GHz,751.2,0.2721191,1.4125488999999998,2.4538085,620.2675,884.2425,0.220004295,0.32683624250000004,1.1629164825,1.6779674275,2.0136256675,2.8643029724999995,1.9903799542000002,1.3561365513975001,2.6382938424,5.598879618963457,3.436632205410751,8.174553989469407
zxing,30m,2.0GHz,699.4,0.26694340000000005,1.5991882,2.5799194000000005,569.0925,823.31,0.2149883125,0.3238458925,1.29197517,1.8860158124999997,2.0753322049999996,3.0362568624999993,1.9631447517999998,1.2955656826725002,2.5929786594574997,5.872157645319402,3.3202526304874205,8.461133408433474
zxing,30m,2.4GHz,594.3,0.24641740000000004,1.9439269,2.789911,492.875,687.0,0.1960716775,0.2950398725,1.6258622925,2.2383783149999994,2.3306280999999998,3.2035536124999995,1.7737743497999996,1.2238602929725002,2.2955247367275,5.565301187274846,3.4672009439815406,7.712738036169077
zxing,30m,2.7GHz,588.8,0.26607060000000005,2.4749328,3.323767,521.5,656.41,0.22097571249999998,0.299725705,2.148394075,2.7508669025,2.8558978199999996,3.6815504750000003,2.0309294014000003,1.5722490568975003,2.427210895565,7.197104196951099,5.094213816687346,8.97131519262099
zxing,30m,400MHz,3629.9,1.2984681999999999,1.9470519999999998,7.319433599999999,3113.5475,4136.169999999999,1.1033537300000003,1.4796756625,1.6591017074999999,2.2379385425,6.3154708275,8.2862292825,27.9767029573,21.220155337625002,35.03866666160751,224.70151570195313,143.53330450363921,303.165426566264
zxing,30m,800MHz,1640.6,0.6140747000000001,1.3091857999999998,3.7475096999999997,1320.74,1964.9075,0.4799103325,0.7556879875,1.0544143574999998,1.582070155,3.0128747225,4.489763387499999,6.7922249274999995,4.233911207775,9.605531902709998,30.633696727686214,14.040625516488348,47.648580287227844
zxing,5m,1.2GHz,1870.8,0.6934204,2.1220092999999998,4.6649597,1771.3775,1972.1825,0.6523037399999999,0.7328249649999999,2.0110164800000003,2.2497928225,4.3974981175000005,4.926227592499999,8.8009085482,7.834447406005001,9.7978636811375,41.75638329981526,34.86500764323247,49.4542056913655
zxing,5m,1.6GHz,2696.4,1.3442626,4.1349365,7.9881653,2654.0924999999997,2736.905,1.32133265,1.3690281649999998,4.0742473675,4.1947968775,7.865177762499999,8.114093725,21.551265536699994,20.906215853197498,22.14445496274,172.34932262187044,164.9111726408716,180.17157214459561
zxing,5m,1.8GHz,1281.7,0.5278992,2.3841612000000003,4.156591999999999,1234.3625000000002,1334.7025,0.5072308175,0.5506594100000001,2.3026024575,2.484737552500001,4.0037664975,4.32896346,5.3491180908,4.96497592408,5.781849433804999,22.41296940993655,19.867670918626995,25.046683599736195
zxing,5m,2.0GHz,1190.8,0.5241821,2.6821900000000003,4.3590636,1151.2,1222.9250000000002,0.5014314375000002,0.5421741475,2.5958933650000002,2.7598382425000003,4.19545465,4.4839881675,5.2045004513999995,4.840630037930001,5.480126144220001,22.805256583646067,20.49182538396763,24.729214491267232
zxing,5m,2.4GHz,983.8,0.48469850000000003,3.1492922,4.5781556000000005,962.1750000000001,1001.5,0.4716637375,0.4954207775,3.0901672899999997,3.2034138225,4.48756632,4.660150410000001,4.5082616768,4.30474397219,4.663302427677499,20.67817645134795,19.495147356368257,21.712863451756967
zxing,5m,2.7GHz,899.2,0.49047849999999993,3.6420653,4.994293300000001,880.9925000000001,914.1075,0.4786119825,0.502050755,3.5625323275,3.7192973300000003,4.884317200000001,5.09385462,4.495600296,4.305860579659999,4.660536242785,22.503219568079395,21.164970707074545,23.80306538634517
zxing,5m,400MHz,5457.3,1.7363464999999998,2.9002074,10.091510000000001,5087.555,5835.7925,1.6124915125,1.8664018875000001,2.696645425,3.1187243,9.39605651,10.788084017500001,55.7566368806,48.0698592575725,63.277123355200004,576.7974880051104,457.6083623639378,695.4681539702023
zxing,5m,800MHz,2910.4,1.0064087,2.2894407,6.169293,2724.1225,3093.56,0.942060155,1.0698277125,2.1490421599999996,2.4330871525,5.7907177575,6.561534210000001,18.1364562626,15.965772827350001,20.3783313806025,114.11723741816995,93.5032694972939,134.61300515343186
