Benchmark,Heap Size,CPU Frequency (MHz),Time Elapsed Mean (ms),DRAM Joules Mean,CPU Joules Mean,Package Joules Mean,Elapsed Time CI 95% Low,Elapsed Time CI 95% High,DRAM Joules CI 95% Low,DRAM Joules CI 95% High,CPU Joules CI 95% Low,CPU Joules CI 95% High,Package Joules CI 95% Low,Package Joules CI 95% High,EDP Mean,EDP CI 95% Low,EDP CI 95% High,EDP2 Mean,EDP2 CI 95% Low,EDP2 CI 95% High
avrora,10m,1.2GHz,4460.4,1.3030457,5.1904359,10.602703799999997,4292.570000000001,4642.8325,1.2423949875,1.3764911325,4.977636795,5.415450739999999,10.20588929,11.0430816175,47.4958500679,43.837976030557506,51.45205468911999,508.08385159382715,447.24463305329533,577.2759649090054
avrora,10m,1.6GHz,3351.2,0.9880006,5.133679299999999,9.205615300000002,3289.3700000000003,3405.2075,0.9641745724999999,1.0082282125,5.040903025000001,5.228179925000001,9.0310133775,9.3604964725,30.875628745500006,29.694230540965005,31.8703599705075,284.71985491741935,269.8441919149087,299.2510126774422
avrora,10m,2.0GHz,2678.9,0.8043457,6.1102845,9.3731873,2651.6000000000004,2711.6025,0.7913666975,0.8196801425000001,6.03131496,6.205308407499999,9.259851659999999,9.5058818425,25.119585612999998,24.551593627832503,25.772795025649994,235.6518055962781,227.49049978379009,245.39377614130225
avrora,10m,2.4GHz,2281.0,0.7053284,7.4332274,10.2340089,2214.1875,2368.5150000000003,0.6703492,0.7453688425,7.176081572499999,7.7225828625,9.876963625,10.633723062500001,23.419059749499997,21.9016749142125,25.3644204852875,241.33197713966956,217.9257433742489,270.5094158698592
avrora,10m,2.7GHz,1985.8,0.6038452000000001,8.1781984,10.6122069,1930.2875,2036.9025000000001,0.5781768024999999,0.6267217575,7.93330485,8.404927425,10.304900349999997,10.895176375,21.116752482499997,19.850385577902497,22.157843538315003,225.02716778726364,207.36804465411979,242.97613601452133
avrora,10m,400MHz,13323.3,3.8043212999999994,7.2052122,23.3695435,13084.7575,13556.055,3.7337089199999998,3.8801733675000003,7.056501515000001,7.3511235775,22.9751341275,23.800966629999998,311.6232986275,300.7472784097074,322.5721368559574,7295.01326043554,6896.355844031432,7694.179324559127
avrora,10m,800MHz,6711.5,1.9310606,5.386828700000001,13.504150199999998,6518.264999999999,6892.3525,1.8664658825000002,1.9952624924999998,5.2254376675000005,5.5403013224999995,13.156815634999997,13.889595272499998,90.82157723149999,85.7965293729625,95.76751452947,1231.5697624702345,1125.1592171409225,1329.5100387614737
avrora,15m,1.2GHz,4545.8,1.3352294,5.303777900000001,10.8234984,4456.0825,4651.6050000000005,1.2961273974999998,1.3843318475,5.170894015,5.45161853,10.578236985,11.142594379999997,49.273934155899994,47.24865806979749,51.96002263680501,535.0077295740518,499.505673386186,583.083493195286
avrora,15m,1.6GHz,3352.4,0.9810121,5.1269104,9.197046,3288.285,3413.8225,0.95662142,1.0046864925,5.018348550000001,5.22424423,9.0047545475,9.3736132975,30.8638214844,29.6294850893425,32.04832320169,284.438446131133,267.5861040252388,299.8978766037737
avrora,15m,2.0GHz,2652.2,0.7893736,6.0716432000000005,9.299969599999999,2587.675,2711.4049999999997,0.7641850525,0.8133061699999999,5.911105595,6.2212402025,9.060690594999999,9.5121922725,24.705159979199998,23.488824900045,25.789733175389998,230.52619001341608,213.09244066716514,247.0546220399282
avrora,15m,2.4GHz,2262.8,0.6903196,7.3459164999999995,10.119256699999998,2208.6749999999997,2323.1075,0.66526964,0.7236906900000001,7.155156999999999,7.592304574999999,9.8716766425,10.423606439999999,22.943165460799996,21.769261510529997,24.3208487724125,233.16745758669964,215.25473741860597,255.74191807685511
avrora,15m,2.7GHz,1958.5,0.5967713000000001,8.0742737,10.479834,1915.9,1995.3024999999998,0.5792041775,0.615521705,7.882481972500001,8.240302322499998,10.226389294999999,10.699271320000001,20.5493493359,19.638228639300003,21.3858681947275,215.88856693547814,201.28620723832634,228.5245057160469
avrora,15m,400MHz,13613.3,3.8791077,7.3355958,23.791760000000004,13367.680000000002,13836.512499999999,3.80101853,3.941369095,7.1982144875,7.466002297500001,23.365167962500003,24.179140305,324.1387741122,312.6564813741675,335.40208093318,7724.042358709476,7321.308910415149,8091.604277351602
avrora,15m,800MHz,6732.4,1.9421934,5.4287354,13.578186200000001,6633.8949999999995,6822.005,1.9027154425000001,1.9824418925,5.334732615000001,5.502605895000001,13.337121119999999,13.7721126,91.4656371859,88.681903142615,94.02793483914002,1243.391085651126,1184.3543380185804,1292.7036249650546
avrora,20m,1.2GHz,4429.5,1.2858337,5.1411986,10.514868100000001,4341.4875,4506.6175,1.2532695774999998,1.3167814525000001,5.033702257500001,5.242560924999999,10.324724589999999,10.721815127500001,46.62054496289999,44.821554024105,48.369226392257495,491.1828200993614,461.9241630020385,516.7845701083021
avrora,20m,1.6GHz,3316.1,0.9732666000000002,5.122583199999999,9.1488585,3261.195,3354.0024999999996,0.9523131475,0.9901347175000001,5.0161565,5.198001410000001,8.979322102499998,9.2721166025,30.356863377899998,29.401343213500002,31.03633737728,278.0832976487458,264.68849359253306,288.0303058541699
avrora,20m,2.0GHz,2707.3,0.8121153999999999,6.1484193,9.4450988,2687.5,2726.9,0.8010843175000001,0.8251119350000001,6.0982602225,6.198215719999999,9.3663353,9.52018756,25.574440186500002,25.158228649032502,25.951559464452497,241.62988429037037,236.18340089734411,247.318895774014
avrora,20m,2.4GHz,2211.4,0.6606873999999999,7.1606932,9.856183,2166.0,2249.4025,0.6430782025,0.6745628425,7.005413745,7.296871197500002,9.6330176775,10.050851772500003,21.8187684858,20.911300384742496,22.57878203297249,215.51385214842003,201.47538392334351,226.77858684417347
avrora,20m,2.7GHz,2000.2,0.6078002,8.2494568,10.6954161,1975.4825,2027.4099999999999,0.5964522775,0.6203917125,8.10518234,8.392195849999998,10.5427801425,10.8580877425,21.404549366399998,20.779943017477503,22.01427943701,229.20341878331027,219.4520015381081,241.01453067332474
avrora,20m,400MHz,13504.5,3.8427306000000003,7.2862183,23.634112700000003,13251.407500000001,13731.53,3.7635608625,3.9306958924999997,7.14758456,7.417018249999999,23.1874504975,24.05370504,319.44861206599995,308.07888119587494,330.60706520870747,7563.878048078116,7114.860401210305,7959.0852085756105
avrora,20m,800MHz,6589.4,1.8980408,5.3115782000000005,13.2763732,6487.295,6686.610000000001,1.8585427600000002,1.9355591000000003,5.21874272,5.389438815,13.066867299999998,13.474377647499999,87.5395399631,84.9391173658325,90.14079722103503,1163.7233332906428,1110.0742420176603,1213.1182920255408
avrora,25m,1.2GHz,4389.8,1.2751036,5.0946105,10.4201662,4326.255,4459.01,1.2500593674999998,1.2989696675,5.0242110725,5.175165984999999,10.246533022500001,10.583728907500001,45.7718177543,44.442836537332504,47.2726042058925,477.5608272118914,455.8331817958622,501.18205862208276
avrora,25m,1.6GHz,3406.4,1.016205,5.270019500000001,9.4221007,3335.1,3493.9075,0.98910254,1.0455103925,5.138285110000001,5.422500955,9.214377332500002,9.67710357,32.1414430971,30.789497703535,33.91365172244,303.76411119055035,284.0662458697716,328.249274368112
avrora,25m,2.0GHz,2691.1,0.8044985,6.1626893,9.4331359,2648.59,2738.3075000000003,0.7911481175,0.8218944125000001,6.0711944375,6.283525245,9.293260062499998,9.5992364425,25.4028701348,24.6281457524125,26.26013690863,239.9612029755637,229.03015135842367,252.53741918520052
avrora,25m,2.4GHz,2244.2,0.6765869,7.3215944,10.0609557,2197.5,2287.1025,0.6573968375000001,0.6926514549999999,7.120859102500001,7.48982805,9.7989161875,10.2731323175,22.607646760099996,21.624642446177496,23.53144005074,228.07185493213063,212.72240561704874,243.15814233132346
avrora,25m,2.7GHz,1993.4,0.6070559,8.222876000000001,10.6638673,1948.1924999999999,2029.12,0.5836563725,0.6287423125,8.03575507,8.42615762,10.415185252499999,10.9040638975,21.285311443,20.262420438237495,22.117387937525002,227.6227096680262,211.5324307291371,241.18795928574005
avrora,25m,400MHz,13287.2,3.7821229,7.1769224,23.241149800000002,13071.6675,13539.205,3.7076037824999997,3.8636968775,7.05027805,7.306339164999999,22.843890190000003,23.637459869999997,309.05479854149996,298.509339619695,319.7097791065325,7194.591795134515,6813.560924689901,7603.152188733374
avrora,25m,800MHz,6645.4,1.9090637999999998,5.3516173,13.3854006,6526.595,6771.929999999999,1.8708726825000002,1.9497175199999999,5.247301177500001,5.4566479900000004,13.147750665,13.645109704999998,89.0339649255,85.791516727455,92.8338078016425,1194.0323855727515,1128.8571133707326,1265.8184208367993
avrora,30m,1.2GHz,4523.2,1.3222045,5.245880099999999,10.729315199999998,4367.2225,4701.535,1.2641706175,1.3892783974999996,5.066736140000001,5.462815497499999,10.353731795000002,11.2236937625,48.7224879316,45.204578216775,52.85545000896249,527.0469658194216,466.2021665175716,600.6676031200102
avrora,30m,1.6GHz,3313.1,0.9831788000000001,5.1217834,9.160137899999999,3238.5975,3398.3125,0.9545439000000001,1.0172871325000001,4.9804580099999995,5.269894974999999,8.923338099999999,9.410337337499998,30.400860269,28.9297935920575,32.1192222513325,279.4859518309145,259.1131403496015,303.3968779234329
avrora,30m,2.0GHz,2671.5,0.7946837999999999,6.097351099999999,9.3418701,2602.885,2751.7425,0.7695096374999999,0.8248963525,5.9478621475,6.256536757500001,9.1095892875,9.6122170775,25.0025781431,23.789448230752505,26.3742538269975,234.4251206643834,216.9920518360004,254.26294233309326
avrora,30m,2.4GHz,2219.4,0.6636412,7.197314199999999,9.904181,2171.0925,2267.0150000000003,0.6468010375000001,0.6798405149999999,7.0439165825,7.346733307499999,9.702412765,10.103882987500002,22.0059485462,21.097245610274996,22.9643046330825,218.44295996879913,205.23557217232226,231.44627017222112
avrora,30m,2.7GHz,2003.0,0.6130189999999999,8.284252900000002,10.7425782,1965.6925,2041.7075,0.5968292925000002,0.62661791,8.1031231,8.451737742499999,10.524940177500001,10.94870005,21.5391027004,20.700275228705,22.3968377557775,231.86649011481276,218.4825052816386,245.3614868114958
avrora,30m,400MHz,13816.8,3.9545104,7.459961,24.1811034,13403.279999999999,14225.842499999999,3.8182104575,4.115911222499999,7.226157959999999,7.7197400875,23.436073504999992,24.968254505,334.9629546426,315.93098553511,357.00280152083496,8142.735679757903,7411.627649975861,9023.769509852775
avrora,30m,800MHz,6759.2,2.0085635,5.624877799999999,13.8156554,6561.1925,7004.42,1.91068978,2.1252144599999996,5.313085522500001,6.0290776675,13.324880944999999,14.392840864999998,93.60814909209998,87.656971565815,100.66608651204997,1301.6526258382885,1174.7332240096714,1449.4714096128582
avrora,5m,1.2GHz,4759.1,1.4406554,5.531897,11.306732100000001,4660.7925000000005,4861.802500000001,1.403207355,1.473950105,5.4219326975,5.6396393975,11.0469430075,11.550445425,53.87438321450001,51.4654091223725,55.959646243265,610.5888435646345,570.6574475462974,647.102096893652
avrora,5m,1.6GHz,3636.9,1.1512632999999999,5.5844911,10.042596699999999,3568.1849999999995,3700.7325,1.1193709175,1.1819475725000002,5.479409425,5.6943557275000005,9.824211655,10.2246821075,36.5573593127,35.2070088092175,37.89793530319,367.8426100756752,346.0929312622095,388.8320112468027
avrora,5m,2.0GHz,2885.4,0.9558041999999999,6.5772705,10.1494323,2827.2,2936.3999999999996,0.9292366674999999,0.9792906575000001,6.455272300000001,6.691385465,9.953854830000003,10.328368687500001,29.312097987999998,28.208060281815,30.260819910509998,298.0324592304893,281.29183520096666,313.04209170213585
avrora,5m,2.4GHz,2429.0,0.8272888,7.862488000000001,10.8890623,2365.3975,2475.7125,0.80616114,0.8441002249999999,7.68437991,8.012917615,10.621362362500001,11.09227277,26.4807934994,25.355015811502497,27.4471676559275,289.01163082045633,270.0796797427043,304.6172807766147
avrora,5m,2.7GHz,2160.1,0.7488954,8.873205399999998,11.5720213,2105.575,2234.34,0.7205474425,0.7858348574999999,8.635035259999999,9.159312137499997,11.276226947500001,11.932501519999999,25.0557307546,23.7520906077975,26.801903632279995,291.3904322281375,267.73221081227274,323.0509954577012
avrora,5m,400MHz,14294.5,4.150622700000001,7.7341305999999985,25.050995,14051.0925,14575.282500000001,4.078259947499999,4.230379040000001,7.61880139,7.8617896300000005,24.651700654999996,25.477314537499996,358.3768900813,346.02106853252747,370.67798137721246,8991.419326926387,8530.794074326654,9452.661426359213
avrora,5m,800MHz,7150.8,2.1235900999999995,5.7562438,14.414367700000003,6963.295,7384.7074999999995,2.051833105,2.1951035374999996,5.583951170000001,5.945318555000001,14.0032133725,14.872176269999999,103.3162420129,97.46730344848251,110.19089243719749,1496.417022091629,1370.0336002565552,1642.9268844636817
batik,114m,1.2GHz,942.2,0.3414366999999999,1.1112244,2.2779114999999996,790.37,1087.5075000000002,0.2882239125,0.3962785825,0.9472648724999998,1.30026663,1.9286255499999998,2.62701148,2.2818444684,1.6379874662675002,3.0217655298199997,5.820859015034992,3.6082517547247748,8.494110916825443
batik,114m,1.6GHz,706.2,0.2650268,1.0925840999999998,1.9686281,665.59,753.61,0.24457440500000002,0.28715974000000005,1.0330143025000003,1.166368545,1.8530670875,2.0949512125000003,1.4042782485000003,1.2418990533299996,1.6036716169125,2.822847643188344,2.349528344109324,3.425736844454037
batik,114m,2.0GHz,544.7,0.2552306,1.3525757999999999,2.0580505000000002,490.7825,593.6175,0.1996470625,0.3312370674999999,1.1225153275,1.6435696674999998,1.738658575,2.44189914,1.1592425049000001,0.8950021786725,1.4614958545325003,2.6426801671046722,1.6742040636015139,3.976303929528278
batik,114m,2.4GHz,488.6,0.2185852,1.5948851,2.2239928,466.4975,511.205,0.1996405,0.24143131000000004,1.5205214575,1.6692221074999998,2.1259629300000005,2.3371390475,1.0929456524,0.9948866596275,1.1974637401200001,2.4596262706943035,2.1110037627994966,2.84348242632477
batik,114m,2.7GHz,412.5,0.1787413,1.7361938000000001,2.2620483,375.78000000000003,458.3,0.16025440750000003,0.20644082249999998,1.5657101425,1.93740594,2.0530163299999997,2.5246213650000007,0.9596961618,0.7778288644874999,1.19227357418,2.3083066421610257,1.6527557801650625,3.3049601801146
batik,114m,400MHz,2820.8,0.8692445,1.5470767,4.9805969,2653.1,3009.8425,0.8104290575,0.9322136874999999,1.4478004974999998,1.6499520175,4.65965454,5.302054015,14.2136584828,12.47326591694,16.190734209254998,72.43856159471903,58.68809607420284,88.22644532106831
batik,114m,800MHz,1371.4,0.4632508000000001,1.0988770999999997,2.7823916,1227.7400000000002,1492.2124999999999,0.4003705274999999,0.5176798499999997,0.9748446100000001,1.20592827,2.44513889,3.0492937899999997,3.9267761335999998,3.1627276692225,4.57669841655,11.482156862560391,8.501540763371462,14.014479471686236
batik,38m,1.2GHz,1422.3,0.6547179000000001,1.6852723,3.5183288000000004,1309.5425,1523.96,0.5996469575,0.7133792424999998,1.5340132475,1.8159838399999997,3.242398405,3.792960425,5.0846005184,4.3239166305625,5.891742304205,18.44965646004015,14.208819277160467,23.021610585396008
batik,38m,1.6GHz,1197.6,0.6364990999999999,1.9010009,3.4921813999999998,1133.3775,1271.4025,0.6015543225,0.6731284949999999,1.792847555,2.0272747475,3.304181050000001,3.7170387400000005,4.2191360531,3.7909164912274997,4.761570599392499,15.003834760473527,12.50503473720914,18.135365122850764
batik,38m,2.0GHz,937.625,0.5661695,2.191886875,3.473098875,889.0968750000001,986.75625,0.53765296875,0.5967501624999999,2.06968996875,2.3061885500000003,3.292713803125,3.65781661875,3.27499607925,2.941646737546875,3.6040986841906246,11.502237931179813,9.604861163526742,13.200898888928286
batik,38m,2.4GHz,880.0,0.5872189999999999,2.963338333333333,4.195719333333333,771.0,983.0,0.534546,0.645874,2.613403,3.26648,3.707886,4.637329,3.7252120036666674,2.8587801059999998,4.558494407,15.894008096648479,10.600030732115915,21.139238309918905
batik,38m,2.7GHz,886.5,0.655457,3.6658015,4.9343875,803.0,970.0,0.582276,0.728638,3.305847,4.025756,4.451111,5.417664,4.4146881065,3.5742421330000003,5.25513408,22.189949597624445,15.909348474859765,28.470550720389124
batik,38m,400MHz,3183.6,1.0665160999999999,1.8336917,5.7176515,2818.49,3539.7125,0.9454300325000001,1.188363975,1.5863609275,2.0871773350000002,5.024196675000001,6.3215701375,18.7994376314,15.006706323525002,22.623111873395,114.31277173363299,79.06367230981066,149.65246455094754
batik,38m,800MHz,1804.6,0.6951111000000001,1.4726443,3.7107909,1575.5674999999999,2054.7174999999997,0.6154038825,0.7777563599999998,1.2877040675000002,1.6537114825000003,3.2257927425,4.256593592500002,7.008464223799999,5.1975742855,9.06637855384,28.400133788554125,18.33918229935306,42.550017208858726
batik,57m,1.2GHz,1170.6,0.5011111,1.3718628000000002,2.8534912999999995,936.365,1393.9350000000002,0.3938067625,0.6143546875,1.1102622775,1.639244815,2.2998143425,3.435061702499999,3.6721866586000003,2.4869572862475,4.984097732067499,12.425969270055324,6.526471192169725,19.46719584861784
batik,57m,1.6GHz,1080.7,0.5967407,1.7058106000000002,3.1541567,996.3875,1156.215,0.5281826399999999,0.6628483050000001,1.5667245500000002,1.816860205,2.8874800225,3.3739097024999998,3.4598536963999997,2.9681088236474995,3.8927276840425,11.21933677988266,8.971938153659512,13.095905360322893
batik,57m,2.0GHz,907.3,0.5262754999999999,2.1182799,3.3460082,668.2525,1132.7075,0.3721848625,0.6703316224999999,1.5643636600000002,2.6574954199999996,2.4001711299999995,4.218072017500001,3.5851722973,2.0415633470125005,5.000815026447501,15.480119594525158,7.810585349094923,23.082456070498278
batik,57m,2.4GHz,877.8,0.5918337,2.8998778000000005,4.1249877,722.695,1031.7075,0.46119492500000003,0.6927396124999999,2.3497861399999995,3.4157190675,3.4242272925000004,4.8323888324999995,3.9189294954000005,2.6563528717675,5.0663112675974995,18.43374288779696,10.828933931157337,26.09968650527557
batik,57m,2.7GHz,824.8,0.5987732,3.4498537000000007,4.619006199999999,684.0975,937.8074999999999,0.48751425750000016,0.6727539124999999,2.851802515,3.89652909,3.82604496,5.253637297500001,4.0455940923,2.9954882001999996,5.041971864637499,20.490698873109732,13.738792248996559,27.324141311381457
batik,57m,400MHz,3279.3,1.0588012,1.8047974,5.7931337,2896.2275,3665.7174999999997,0.937976905,1.1786867049999998,1.5769621374999998,2.023381645,5.1483845850000005,6.4449694925,19.666511886200002,15.317795476672504,23.804610302674998,121.41433640332153,85.21009873256271,157.84099239738748
batik,57m,800MHz,1592.2,0.5925109,1.3056885,3.2771485999999994,1296.0500000000002,1908.52,0.47482193249999993,0.7272210374999999,1.068727085,1.5895502799999999,2.7298671174999996,3.8909103724999996,5.747900455,3.59929104225,8.371342664195002,22.63804564419069,11.10317168121243,38.24396191941099
batik,76m,1.2GHz,1024.5,0.4351439000000001,1.1955627,2.4908386,942.97,1097.79,0.3962634225000001,0.473695345,1.0930195250000003,1.282882915,2.2792737649999992,2.6841149049999995,2.5955637123,2.173976221645,3.0025178976425,6.6771705757423945,5.177136296823974,8.06218655318502
batik,76m,1.6GHz,890.4,0.44565420000000006,1.3989198,2.5650146,810.7,987.385,0.38397474499999995,0.50907438,1.25858799,1.5504818,2.2951587524999995,2.8468989025000004,2.3432932457,1.89252921331,2.8740311743374996,6.3492464627149525,4.534055009062014,8.788568306577794
batik,76m,2.0GHz,710.7,0.36563099999999993,1.6514101999999997,2.5842040000000006,628.8925,776.1175,0.31859079249999994,0.40700971,1.4424918825000002,1.8165195600000004,2.2431150175,2.8272331174999996,1.894496476,1.546687414545,2.2200463531650003,5.1596703077019,3.7717655332313327,6.3730454301331525
batik,76m,2.4GHz,629.7,0.3571958,2.0811460999999998,2.9246827000000004,574.4925,682.21,0.31430822,0.4041922924999999,1.9083135025,2.2713212775000002,2.6708478574999996,3.1931713150000003,1.8777399400999997,1.566882268055,2.2159641637425,5.711742165552235,4.264285848655334,7.360026085372168
batik,76m,2.7GHz,554.2,0.3447755,2.3055602000000004,3.0606748999999995,468.185,622.3125,0.285364915,0.40963466749999994,1.9887623225000002,2.62142496,2.6253172375,3.52018801,1.788673709,1.3144408398825003,2.2880733019350004,6.0324077997348216,3.7426366577962864,8.24331279636539
batik,76m,400MHz,3291.5,1.0963137,1.8062866,5.8315367,2833.3175,3734.9825,0.943050495,1.2460427074999998,1.5357711575,2.0477718200000004,5.030940052500001,6.64793959,20.184856398399997,15.1668336821825,25.611157222874997,129.0520449647762,81.63311815703888,179.78799186637673
batik,76m,800MHz,1766.4,0.6780271,1.4440613,3.6345333999999996,1636.0674999999999,1891.2125,0.612772795,0.735817605,1.3345177625000002,1.554909815,3.368185645,3.887297925,6.5071786422999995,5.6362874344675,7.3611320019074995,24.291010439808254,19.09010487175707,29.466535912585883
batik,95m,1.2GHz,829.8,0.28858659999999997,0.9615047999999999,1.9810792,722.8475000000001,928.0025,0.24820850000000003,0.3255587225,0.8182063000000002,1.0800906575,1.6731743525,2.2133512674999998,1.7226589687,1.32745859047,2.0697447921725,3.6846150833750952,2.557615501551822,4.644057914785721
batik,95m,1.6GHz,701.3,0.26334219999999997,1.0919862999999999,1.9617066,617.6949999999999,773.3,0.22243518,0.29303218999999997,0.9525316975,1.2184520699999999,1.7161548475000001,2.1677988,1.424560448,1.1215862914075003,1.726955948435,2.9676035964846497,2.20565280519383,3.828522039000542
batik,95m,2.0GHz,553.4,0.2276125,1.2782470999999997,1.9791991999999996,511.9975,588.0999999999999,0.20347864250000003,0.25248170999999997,1.1800540549999998,1.3633245250000003,1.8215647400000001,2.1139177900000004,1.1104337992,0.9562590717649999,1.252579903255,2.2561218586121385,1.8058098826802127,2.670939265535123
batik,95m,2.4GHz,433.2,0.1867982,1.4191224999999998,1.9767882,396.3925,470.115,0.16617282249999996,0.21057837499999998,1.281214345,1.5433611900000002,1.7845821450000001,2.1570522375,0.8748302849,0.7312508353074999,1.030992120635,1.8040079081855969,1.3292015475739434,2.275256506131205
batik,95m,2.7GHz,417.1,0.1880676,1.7414125000000003,2.2804809,394.9825,439.7075,0.1712395875,0.2074040575,1.6311891000000003,1.838091805,2.137455652500001,2.417123355,0.9599389049000001,0.8486245155475001,1.06381580204,2.2291446162655846,1.8519755443974597,2.5956797461131123
batik,95m,400MHz,2411.7,0.7470458,1.3011229999999998,4.240405399999999,2130.7850000000003,2671.18,0.6637106825000001,0.8295425775000002,1.1553058775,1.4443431224999999,3.7723033675,4.698487817500001,10.5485790091,8.4632126554825,12.592738294830001,47.35600256570623,33.92391383653105,62.311906597069644
batik,95m,800MHz,1311.2,0.44097300000000006,1.0478210000000001,2.6557313999999996,1198.9650000000001,1419.1125,0.3959999075,0.47954979999999997,0.949890525,1.1299227675,2.4317110750000004,2.8683178849999997,3.5472844998,2.9977822706375,4.073230266715,9.756751253667607,7.544048318316666,11.88705666665357
biojava,14m,1.2GHz,337.0,0.13327630000000001,0.42648910000000007,0.8755981,298.5,380.3149999999998,0.11594142999999998,0.15573227250000002,0.378849265,0.48796544,0.7799421950000001,1.0041243299999998,0.3087394098,0.23132264361000002,0.41231632113499994,0.29743380167639033,0.17936871290588738,0.46659670723867613
biojava,14m,1.6GHz,270.8,0.11957999999999999,0.4542847,0.8236327000000001,239.69,307.215,0.10295943500000002,0.137698,0.40740354,0.5178705525,0.7304746025000001,0.9353331024999999,0.23217908190000003,0.176819234255,0.301348096515,0.20782565542557271,0.13378851940971218,0.31146463709490174
biojava,14m,2.0GHz,206.2,0.0986267,0.516101,0.8013793,182.5925,236.2,0.08316736250000002,0.12041208499999999,0.4537192849999999,0.59344517,0.7017450975000001,0.9332551024999999,0.1740959092,0.13105227873,0.23398182214,0.1565805485094952,0.09300004168610142,0.2560586619512861
biojava,14m,2.4GHz,174.1,0.08879420000000002,0.6196839000000001,0.8631528000000002,155.595,197.605,0.0778921175,0.1007702175,0.561050395,0.6883471800000001,0.7786172725,0.9695418200000001,0.15545692800000002,0.12360003713999998,0.19834290799,0.1439777556871692,0.09778309221027658,0.2062086511972055
biojava,14m,2.7GHz,149.8,0.0784424,0.6810607,0.8920166999999999,129.7,172.6075,0.06501607500000002,0.09419625749999998,0.6002837999999998,0.7792361700000001,0.7803032200000001,1.0222990525000002,0.1402518015,0.10640772405500003,0.18652162446,0.1383157505983883,0.07916053827476914,0.20986366716541888
biojava,14m,400MHz,1181.0,0.40353379999999994,0.7095336999999999,2.2837646,1042.15,1353.5475000000001,0.34955341749999996,0.465628775,0.6199047675000001,0.8142447025,2.0164397750000003,2.6230444325,2.8253068873,2.0652152805900004,3.6726068383875,7.111000290529526,4.415011992754438,10.96702975503653
biojava,14m,800MHz,518.4,0.1928224,0.46170050000000007,1.1552186,456.295,593.9075,0.1711056975,0.21966625500000003,0.41617856749999993,0.5145944225000001,1.03728952,1.3085409524999998,0.6233526389999999,0.4706649376774999,0.8185204861900002,0.7825009608035728,0.4912893819836649,1.146966657820049
biojava,21m,1.2GHz,341.5,0.1417907,0.4294983,0.8929137,305.295,384.5,0.126732885,0.1597201525,0.3864742975,0.47842527249999983,0.800697785,0.9992844949999999,0.3150967701,0.25067680482999993,0.39492892324249995,0.3015379840226525,0.2065607400124212,0.44452088935210876
biojava,21m,1.6GHz,250.2,0.11304330000000003,0.4228699000000001,0.7655453999999999,225.4,277.61,0.10135983250000001,0.1252347,0.387947785,0.461915015,0.6959245224999999,0.8502655749999999,0.1961549949,0.1630569926875,0.233448188105,0.15729738365139911,0.11132502594433716,0.21015094965959155
biojava,21m,2.0GHz,222.1,0.10955800000000002,0.5584106,0.8702757,183.9975,265.0125,0.0906291675,0.13283806999999997,0.4714927825000001,0.65506338,0.749898795,1.028564955,0.20836967450000002,0.13538400217,0.28521030461749985,0.2108345995773937,0.09798341300682045,0.33299805240241487
biojava,21m,2.4GHz,167.0,0.0889099,0.5951232,0.83172,155.4,178.70749999999998,0.080157155,0.09750488,0.55845934,0.6345840825,0.775143085,0.8892685325,0.1407146427,0.1214915303,0.15984622957,0.1199890130147655,0.0952430140258595,0.14526025664981068
biojava,21m,2.7GHz,169.1,0.10087890000000002,0.7671083,1.0160582999999999,154.28750000000002,186.0,0.09058708,0.1118787125,0.7078603675,0.83482477,0.9283239925,1.0984030450000002,0.1753514243,0.14659710934000006,0.2104881035725,0.1855474673021677,0.13669225319461137,0.24101221831872838
biojava,21m,400MHz,1164.0,0.3927796,0.6702453,2.2171510999999997,1023.1725000000001,1318.54,0.34625702500000005,0.4434850975,0.5814295450000001,0.7653482925,1.9433947875,2.5022251875,2.6912021428999995,2.0544868114124997,3.3922679559424997,6.468682587510905,4.1904124202364565,8.905463668052505
biojava,21m,800MHz,485.6,0.1800353,0.42048939999999996,1.0653378,452.095,523.8025,0.16683674999999998,0.1954291075,0.39224926,0.448656645,0.9909725749999999,1.1427682750000001,0.5247121244999999,0.4545481171799998,0.6047770566899999,0.5751109807848747,0.4441076953871267,0.7219232551902921
biojava,28m,1.2GHz,351.5,0.14301770000000003,0.43847050000000004,0.9097104999999999,306.0,406.82,0.12572559000000003,0.16695636,0.38737493,0.5080011999999999,0.7980049000000001,1.0614586,0.33711937490000005,0.24742790999000003,0.45661412558,0.3425243546771433,0.20230698364304964,0.5415086666034944
biojava,28m,1.6GHz,267.1,0.12094730000000001,0.4557860000000001,0.8218504,223.8975,315.41249999999997,0.1001038975,0.14454645,0.38245793749999996,0.5476813599999999,0.68625676,0.9829361349999999,0.23727773609999997,0.15992869927499997,0.329814003,0.22956886923671327,0.11572335389504032,0.3844679427444522
biojava,28m,2.0GHz,179.4,0.08646250000000001,0.4521852999999999,0.7003906000000001,169.5975,192.9,0.08126214749999998,0.0932459825,0.42835439749999993,0.4853452549999999,0.6629326900000001,0.7543254924999999,0.12711669050000002,0.11228974570999999,0.14754798973249997,0.0912445537355959,0.074905499780434,0.11639279848927277
biojava,28m,2.4GHz,149.4,0.07832639999999999,0.5380001999999999,0.7513303,143.3,158.1075,0.07330289749999999,0.0856658525,0.5158537925,0.5702682299999998,0.7184853575,0.79832887,0.11313210230000001,0.10325119681499999,0.12840972195,0.0864847749935663,0.07433833396895981,0.10548356718444046
biojava,28m,2.7GHz,153.0,0.0900635,0.7117492000000001,0.9367005,136.8975,169.4,0.0779404775,0.1028360725,0.6389667700000001,0.7865739375,0.84443751,1.0438136925,0.1475289495,0.11868245392750001,0.18345668994249997,0.14633971090150427,0.10195363493859158,0.19705794250386116
biojava,28m,400MHz,1056.4,0.3599429,0.6147522,2.0255552999999997,920.4,1245.805,0.31221142,0.419540305,0.5390513,0.71569934,1.7685514824999997,2.3842296849999998,2.2672007607,1.6257862414625,3.163955086615,5.191373775850322,2.8871679667797743,8.38462592686917
biojava,28m,800MHz,552.1,0.20851429999999999,0.4848876,1.2282533,487.7975,629.4325,0.183043285,0.2363055825,0.4279049375000001,0.545217645,1.0760440025,1.3853954174999998,0.7075783681999999,0.5369467171675,0.907148052805,0.9455287390120704,0.6029630129634501,1.3479383241563327
biojava,35m,1.2GHz,355.6,0.147754,0.44638659999999997,0.9293885,311.985,398.2075,0.1273542625,0.16988611,0.39437514500000004,0.5037242949999999,0.8193961825,1.0546403924999999,0.34412564419999997,0.26028585238249996,0.43302186994,0.3460815043942586,0.22370348130153878,0.47879338850143255
biojava,35m,1.6GHz,254.0,0.1156555,0.42916879999999996,0.7801635,220.185,287.7025,0.099095635,0.13641797250000004,0.37541912,0.49016848249999995,0.679053495,0.8907806475000001,0.20851633900000005,0.14970573870249998,0.28012740891750004,0.18079356370080343,0.10377348556249136,0.27253415743373444
biojava,35m,2.0GHz,192.3,0.0928284,0.4833311,0.7511413,168.995,224.4025,0.08157314,0.10806204,0.43003093249999996,0.5586928975000001,0.6639564149999999,0.86645344,0.15137981,0.11342067495749998,0.20164127654499997,0.12546029966956823,0.07551482116769286,0.19829849219671208
biojava,35m,2.4GHz,183.4,0.09659419999999999,0.64671,0.9051269,163.98250000000002,205.8025,0.08540549000000001,0.10786394000000002,0.5805697624999999,0.7236000175,0.8142309325,1.009839475,0.17149025329999998,0.135273366175,0.21130624629249994,0.16540700918123907,0.1134669990702693,0.22679407832100507
biojava,35m,2.7GHz,139.2,0.0775696,0.6368286000000001,0.8373169,128.0,150.8025,0.06959113250000001,0.08617886999999999,0.5868065924999999,0.6874467799999999,0.7741318274999999,0.9038860699999999,0.11865615249999999,0.099402373255,0.13844852151,0.1029270180672055,0.08022172144328475,0.12808476801038285
biojava,35m,400MHz,977.2,0.330951,0.5774902,1.8792479999999998,896.5875000000001,1091.93,0.30278909499999995,0.3692873075,0.5261896975000001,0.6373018575,1.7263842025000002,2.1037335300000004,1.8840799035,1.5501209248924999,2.3914782164824997,3.739876883490518,2.645046024214028,5.284861546487817
biojava,35m,800MHz,478.3,0.181305,0.42475569999999996,1.0674132,433.2975,537.9225,0.1629772625,0.20388729749999998,0.38497426500000004,0.47544087499999993,0.9696190900000001,1.2044248725000002,0.5270163615000001,0.4225044143475001,0.6678169779849998,0.6025183684564175,0.40699734274853994,0.8715277205153584
biojava,42m,1.2GHz,347.8,0.1552674,0.5089175,0.9882263,304.39,403.605,0.12896089000000002,0.1946858275,0.40303287,0.6542274874999999,0.8242935475000002,1.231726585,0.3672888355,0.256227866505,0.5210946007,0.43558672987174996,0.2265795317585331,0.7953912106222629
biojava,42m,1.6GHz,247.5,0.11120000000000001,0.4174866,0.7567872999999999,214.8,295.3275,0.0958711025,0.13231067750000003,0.3686389825,0.4899219875000001,0.6687039875,0.9006004524999999,0.2008669601,0.1431730738475,0.28532122372749996,0.1777540013876695,0.09660191359145559,0.318367473140626
biojava,42m,2.0GHz,185.9,0.093927,0.4722168,0.7370238,171.5975,203.3075,0.08433733000000002,0.10313186499999999,0.43582633499999995,0.5153346425,0.6806066075,0.8065918149999999,0.139779734,0.11339914053250003,0.16676704600999998,0.1072919710984698,0.08011117248304477,0.1372694604413501
biojava,42m,2.4GHz,178.9,0.0941711,0.6338254999999999,0.8883483999999999,154.6975,205.61749999999998,0.0802978,0.10814289999999999,0.5529029975000002,0.7169503200000001,0.77723334,1.0157595799999999,0.1671609568,0.1236678197025,0.220912879105,0.1637511502946976,0.09821804828009777,0.24303700744085766
biojava,42m,2.7GHz,149.0,0.08336779999999999,0.6780516999999999,0.8927429,129.4,173.1,0.0718658,0.09715977499999999,0.5962404975000001,0.7814731125000001,0.7790027700000001,1.0270250725,0.1404320531,0.10242757694250001,0.19093517141000002,0.1405886475302427,0.08176425637436537,0.23253362411832393
biojava,42m,400MHz,949.0,0.3196958,0.5594056,1.8237731999999998,876.195,1056.6325,0.2944016325,0.3555755525,0.515566735,0.62360414,1.68424689,2.0215775775000004,1.7792886525,1.47009617179,2.2455652339200007,3.4543857831739566,2.5207875086530187,5.0107174778545165
biojava,42m,800MHz,505.5,0.1938902,0.4484193,1.1303284000000002,451.995,568.5024999999999,0.1743158925,0.21783826999999997,0.40844341999999995,0.49808965,1.0132499275,1.2663444075,0.5911873737,0.4616771650800001,0.7519761241175,0.7172189546908181,0.4770585352330055,1.0366350285425925
biojava,7m,1.2GHz,2476.5,1.3091248000000002,3.1490478,6.9674928,2457.795,2499.9,1.293467265,1.325418205,3.112653105,3.1889615024999998,6.903019305,7.051343,17.2589569277,16.949111159695004,17.618901958054995,120.31760043942545,116.89958859823749,124.06561831460301
biojava,7m,1.6GHz,1882.2,1.1893129,3.1802368000000003,6.256866199999999,1868.4,1896.7025,1.1720784775,1.2052158075,3.1458967650000003,3.21445662,6.1899885725,6.3198929925,11.778935312300002,11.564549666407501,11.9896243352275,73.73481838522642,71.75725204763981,75.77679032633478
biojava,7m,2.0GHz,1551.2,1.1099732,3.8351195999999996,6.4768311,1532.8,1574.0075,1.097973035,1.12641869,3.7911696199999994,3.880509835,6.414712334999999,6.559865132499999,10.0498865045,9.8358382943525,10.294425178077502,65.13018620595763,63.14632472787121,67.45980011064809
biojava,7m,2.4GHz,1261.9,0.9327453,4.217022699999999,6.2114012999999995,1255.7,1270.1025,0.92765855,0.938617145,4.188472267500001,4.24814538,6.1763137225,6.251354555000001,7.838691321800001,7.765475212137499,7.933938319264999,48.697312490706864,47.96318416090877,49.609587648821396
biojava,7m,2.7GHz,1157.7,0.8900634999999999,4.9022036,6.7452272,1138.6950000000002,1179.3049999999998,0.8762749425,0.90650676,4.8167849,4.9888633425,6.6403373525000005,6.8723818175,7.8149140927000005,7.5829069924925,8.1018249324025,52.79658086278316,50.053147509692664,55.876075338126846
biojava,7m,400MHz,7555.7,2.9700316,4.618340899999999,15.4647034,7229.5875,8109.4175000000005,2.8206160299999996,3.22588475,4.226929922499999,5.3192253124999995,14.5989376975,16.8973982875,118.42862647320001,105.7496733228825,140.1961598759375,1895.3446670396413,1539.6277176069484,2494.7884789689856
biojava,7m,800MHz,3687.3,1.6645691000000002,3.2076722,8.688531600000001,3660.395,3718.1075,1.63434399,1.697495315,3.1706742100000005,3.2455505099999993,8.60152477,8.78308151,32.043185606,31.480088071750004,32.5814560922425,278.5321958896508,271.4853827431958,286.3513599592784
fop,18m,1.2GHz,315.9,0.1848144,0.36889650000000007,0.7991697999999999,305.3,326.8025,0.17846170750000004,0.192486955,0.35561409749999995,0.383203415,0.76930276,0.83064332,0.2533014469,0.23497789436999997,0.27187039416000003,0.2038533133073645,0.1834244912020422,0.22631970849378227
fop,18m,1.6GHz,271.3,0.1761413,0.42666640000000006,0.8051151000000001,239.6975,302.31,0.16078032499999997,0.1941606225,0.37992641250000003,0.4765425200000001,0.7196904875000002,0.9004138899999999,0.22583501970000003,0.17945083969500003,0.28059238007500004,0.19466758957583452,0.1286458465416143,0.2751267159494509
fop,18m,2.0GHz,196.5,0.14440309999999998,0.4538818,0.7366152,188.1,204.2025,0.13894294,0.15036670999999996,0.42819672500000006,0.482265745,0.7016212325000002,0.7756168225,0.14550785319999998,0.132899715045,0.15840769086499998,0.1084821423783316,0.09346132173613993,0.12420872631812754
fop,18m,2.4GHz,192.8,0.141101,0.5915649999999999,0.8673585000000001,172.595,219.8025,0.13302488,0.15095206249999998,0.5569204824999999,0.6424866975000001,0.81202283,0.9369704175,0.1704874105,0.13952022839000003,0.20808302241749999,0.15313480014701608,0.11456384008618857,0.20147594502720992
fop,18m,2.7GHz,174.2,0.1370119,0.7437441,0.9996828000000001,158.2,195.2025,0.1272371475,0.1508549575,0.6753893274999999,0.82256012,0.9105773900000002,1.1084852200000004,0.1786512556,0.14520741057750003,0.22283493717,0.18859895650452702,0.13276264409574653,0.26151397021361494
fop,18m,400MHz,877.7,0.3312319,0.48264150000000006,1.5584595,818.8975,933.2175,0.3029836875,0.354680635,0.4404093625,0.518232015,1.4319577925,1.6674476799999998,1.3883960169,1.1815904367549999,1.5596455831124998,2.2252506895583677,1.771197765883821,2.629832367329204
fop,18m,800MHz,507.6,0.2233216,0.4185606,1.0490355999999998,477.8925,551.81,0.2088374925,0.24170143749999998,0.38878967500000006,0.4659394575,0.98479279,1.1466789874999999,0.5412457083,0.47196029657500005,0.6525641890375001,0.5902841239799085,0.4670399489412482,0.8021088825632374
fop,27m,1.2GHz,342.0,0.1979614,0.39863909999999997,0.8606016000000001,314.9975,371.2125,0.185839895,0.21324989,0.36682683000000005,0.4388851925,0.7947680399999999,0.9420889399999999,0.3001467621000001,0.25391840433999996,0.3613309131,0.2688317028505693,0.20589549650773525,0.3514355416988428
fop,27m,1.6GHz,250.1,0.1638671,0.3871705,0.7364685,230.8,269.105,0.15233201000000002,0.17424401750000001,0.359386775,0.4172028525,0.6797095625,0.796130865,0.187082284,0.15890688216250004,0.216470542105,0.1420672544691976,0.11147763269020025,0.17422108778530435
fop,27m,2.0GHz,206.0,0.1460328,0.4705752,0.7640686999999999,195.895,219.2,0.14036879500000002,0.15322314750000002,0.4447070275,0.4966391899999999,0.7213135000000002,0.812165375,0.15864209070000002,0.14153561804999998,0.1784347831175,0.12317386680703668,0.10413761040133855,0.1467012982010667
fop,27m,2.4GHz,188.2,0.14166260000000003,0.6139342999999999,0.8880189999999999,167.6975,210.605,0.1281521425,0.15657497999999997,0.5442407300000001,0.6923770599999999,0.7855558149999999,0.9974773849999999,0.1733023848,0.13458442376999996,0.21714273486749996,0.1655319275963142,0.10363958172145069,0.2318322293471101
fop,27m,2.7GHz,177.1,0.1421205,0.7366271,0.9996032000000001,161.6,193.305,0.1297708125,0.1537053575,0.675251,0.8042058125,0.9112259875000001,1.0788758575000004,0.18061157830000002,0.152582350165,0.21217516324999997,0.1876940834227409,0.14236246045848708,0.23552656100853717
fop,27m,400MHz,921.1,0.34559930000000005,0.5044127,1.6323547,877.895,959.8225,0.327933575,0.3603780875,0.47522524,0.5267176474999999,1.542467215,1.7059871975,1.512543681,1.3703190654,1.6323752234000002,2.498214023995835,2.129827192733048,2.808382240601653
fop,27m,800MHz,481.9,0.21596689999999996,0.395459,0.9956663000000001,467.895,495.7,0.2086728025,0.22330555000000002,0.38079687,0.41159817,0.9621366450000001,1.026973185,0.48091228519999996,0.451233091015,0.5115476945574999,0.481218501296504,0.4383908911384308,0.520583540350088
fop,36m,1.2GHz,325.8,0.1874326,0.3774901,0.8160218,299.1925,358.8,0.17579112499999996,0.20153308000000003,0.34627015,0.41598429,0.7510934125000001,0.8858052875000002,0.2712280194000001,0.22694244553500004,0.3259970582425,0.2306429880308074,0.17372009068530883,0.30715868375533967
fop,36m,1.6GHz,229.5,0.1537538,0.3563841,0.6818298,220.6,238.2025,0.14689319249999996,0.16080330500000004,0.33825532999999997,0.3733719875,0.6494913674999999,0.7123047575000001,0.1572588409,0.14254733066500003,0.17041126108499996,0.10836736780900491,0.09386093846251763,0.12243006878325616
fop,36m,2.0GHz,203.3,0.1439332,0.466327,0.7568300000000001,191.8,217.6025,0.1365379875,0.15179450249999998,0.4403066925,0.49979626749999995,0.7141783399999999,0.8095514550000003,0.15552290019999998,0.1362706603975,0.17802561971249997,0.120331515326578,0.09815506657727288,0.14501820692648668
fop,36m,2.4GHz,171.3,0.130951,0.562921,0.8140444,162.0,182.9025,0.125164335,0.14027797250000004,0.5339435374999999,0.6025088125,0.7714330099999999,0.8660748650000001,0.14069502539999998,0.12646835775000004,0.16006737452999997,0.11679881285018459,0.09653307513215789,0.1439738077039937
fop,36m,2.7GHz,159.3,0.1281984,0.6616882000000001,0.8985353,146.79500000000002,172.8075,0.11787105000000003,0.140803775,0.60937276,0.72469114,0.8279698499999998,0.9850824449999999,0.14598318250000003,0.12229180317749999,0.17525493431999997,0.13683486915335508,0.1019732213151934,0.17798774798011247
fop,36m,400MHz,876.4,0.33025509999999997,0.4806703,1.5568911,851.6,898.6075000000001,0.3220072175,0.33860796,0.4665334749999999,0.49516284499999996,1.5169396325000002,1.5985255025000003,1.3668641393999998,1.29425911985,1.441231113335,2.1355591502135995,1.971639380320759,2.330693588894939
fop,36m,800MHz,457.1,0.2017274,0.3704347,0.9375916999999999,444.4,471.6025,0.1952935375,0.20726467250000002,0.3591110675,0.38153248250000005,0.9063113050000001,0.96545358,0.42960847170000005,0.402100671715,0.4546723871149999,0.40475606876922343,0.3693260187404272,0.43828411469212897
fop,45m,1.2GHz,321.6,0.1902222,0.3783263,0.8197995999999999,300.9,350.6075,0.1785903825,0.20551510749999996,0.3520863825,0.4161125050000001,0.7669971925000001,0.8913787074999999,0.268160972,0.2313500305975,0.32271865496749996,0.2281994192335824,0.17695290059732774,0.30525344091807954
fop,45m,1.6GHz,242.9,0.1613523,0.3838746,0.7266787,228.7,258.40749999999997,0.1524954925,0.17489183249999998,0.35521691750000006,0.4235998600000001,0.6790187974999999,0.7918285124999999,0.1788488472,0.15680770279749998,0.21077772881249998,0.1343022269306934,0.1058016048960847,0.17597326532242524
fop,45m,2.0GHz,199.6,0.14504999999999998,0.45996690000000007,0.7482301,191.7975,208.1,0.13861694,0.1524324575,0.4417737725,0.48309483000000003,0.71817085,0.788492355,0.15007774019999998,0.13788291982499995,0.1642887840075,0.1135171084614198,0.09906709704080331,0.1320624041962759
fop,45m,2.4GHz,164.7,0.1261047,0.5414121,0.7840576,159.1,170.9025,0.12205799749999997,0.13002980500000003,0.5232864224999999,0.5596626175,0.7585370200000001,0.8107505975,0.12951242699999999,0.12084021452999998,0.13807012090000004,0.10213812269798839,0.0919599633916539,0.11255608385640435
fop,45m,2.7GHz,162.3,0.1283753,0.6704895,0.9093933,149.7,177.7025,0.12010413750000001,0.1376013625,0.6189843174999999,0.733836965,0.8351913725,0.9942188375,0.1505560038,0.12464162722000001,0.1819497886775,0.1426399753302498,0.10727846836052725,0.187447049486921
fop,45m,400MHz,847.7,0.3199402,0.4636292,1.5041074,786.565,895.8,0.29641537,0.33469499249999995,0.4293615475,0.48684223499999996,1.4027951424999998,1.5845062575,1.2879792081,1.1176640424400002,1.4136834987025,1.9729238377822633,1.6534173958718765,2.2526440992248804
fop,45m,800MHz,474.3,0.2107116,0.3856995,0.9758178,445.4,508.6025,0.19842453500000004,0.22485182500000003,0.3632127275,0.4156071975000001,0.9151629024999999,1.047372295,0.4682356107,0.4131418234775,0.5485464062100001,0.4683946183789659,0.3776236405254698,0.5901993971260697
fop,54m,1.2GHz,318.7,0.18583370000000002,0.372534,0.8072328000000001,301.4,339.005,0.17838668000000002,0.19450237750000002,0.34985696,0.40009140749999994,0.7634660675,0.8574349699999998,0.2597141998,0.23012146641249998,0.295394619745,0.21375015590818505,0.17736335270012749,0.2591766924136012
fop,54m,1.6GHz,246.0,0.1651304,0.3832152,0.7319702,230.1975,262.9,0.15580074500000002,0.17637579499999997,0.35815841249999997,0.4085023,0.6867286149999999,0.7825870175,0.1821490753,0.15873616082,0.20661147101999996,0.1364342470783825,0.1099429369815844,0.1635559770705699
fop,54m,2.0GHz,182.6,0.13165280000000001,0.4194091999999999,0.6825378,172.1,193.1,0.12419979250000002,0.13842226249999998,0.39456596250000003,0.4454108125000001,0.6438177600000001,0.721285035,0.12573120480000002,0.11192523627499999,0.1407461371325,0.0873851065430256,0.07242234647875345,0.1023838939704073
fop,54m,2.4GHz,165.9,0.1281679,0.5416505,0.7872983,152.0,183.3,0.12041330000000001,0.13887589250000001,0.49759326000000004,0.5954174250000001,0.7251119375,0.86372469,0.13358324370000002,0.11099384073000002,0.16267241710750002,0.1101523080333449,0.08200104229823535,0.14898005610598572
fop,54m,2.7GHz,176.1,0.13702399999999998,0.7286073,0.9876161,154.5,197.0025,0.12330487499999998,0.15018995249999997,0.6400859624999998,0.8228335575,0.8695145049999998,1.1046844999999998,0.1807448719,0.13640533558499998,0.226405794885,0.1922481796415395,0.13081257174419958,0.26304545471195073
fop,54m,400MHz,900.2,0.33800670000000005,0.4929688,1.5978635999999997,886.2975,913.3050000000001,0.33116897,0.3453986575,0.48325179749999997,0.5030716199999999,1.5687681950000003,1.6260569774999998,1.4394176143000001,1.3934076796200003,1.4826919474575,2.303570486921287,2.177211038454185,2.4152345529610955
fop,54m,800MHz,470.8,0.2052367,0.3802796,0.9612732000000002,457.1,482.9,0.19899093000000004,0.21005254999999998,0.36796575,0.391031825,0.9288686799999998,0.9875190100000002,0.45355507570000003,0.42754303868000004,0.4775380596425,0.4379788776832495,0.40072768088085714,0.4733483290107438
fop,9m,1.2GHz,1818.8,0.9349852000000002,2.1631405999999997,4.5077087,1772.6,1866.7,0.9079408,0.96523003,2.102905245,2.2282609875,4.3867284600000005,4.6486514350000006,8.215255436400001,7.799641109592501,8.6984111543075,37.190084755353084,34.14413588669965,40.509110091937146
fop,9m,1.6GHz,1355.7,0.8383849999999999,2.1220396,3.985412699999999,1293.19,1422.815,0.8072012849999999,0.8738389325000001,2.0280825525,2.2205037774999994,3.8189331375,4.1644167525,5.432156351300001,4.9528243969200005,5.9277633042075,21.878175947052178,18.929312978932046,25.157949371933316
fop,9m,2.0GHz,1102.6,0.7958801,2.5485108,4.1477357,1059.6875,1147.7024999999999,0.7654444825,0.830773765,2.4569805600000003,2.64039858,3.9886302925000003,4.3054383000000005,4.5907391642,4.2388733554049995,4.958860956482501,19.186528584989695,17.193874108619173,21.339751243965463
fop,9m,2.4GHz,895.9,0.7028196999999999,2.9359376,4.2700502,872.0725,924.5,0.6882560925000001,0.717996105,2.8507816050000003,3.0250764524999996,4.15401701,4.402101495,3.8331216484999997,3.6184089381650004,4.0610438355000005,16.43619583610198,15.162706877065212,17.917741145048897
fop,9m,2.7GHz,825.9,0.6723573,3.3931945,4.6264708,808.4949999999999,841.4,0.6611162774999999,0.6837706074999998,3.3082766025000003,3.47119191,4.519624105,4.727662017499999,3.8254687665,3.6680311672774994,3.97759512607,17.742263954941482,16.57055347582836,18.863590756859512
fop,9m,400MHz,5099.5,1.8473021000000003,2.8322145,9.0147582,4949.5675,5229.825000000001,1.8011733175,1.884160955,2.75337407,2.9024871575000004,8.76035982,9.220693292499998,46.0591801306,43.34787249075,48.324417627715,416.7021518112915,382.2439942535516,445.49065184265874
fop,9m,800MHz,2666.8,1.148291,2.2121887,5.5131651,2616.99,2707.6075,1.124675395,1.1685682299999998,2.16938825,2.2558107075,5.414955015,5.6101524975,14.7137348355,14.20226293688,15.1676373102475,81.24619319566969,76.9630501885704,85.1446147633434
graphchi,282m,1.2GHz,1779.0,0.6840637999999999,1.8612612000000002,4.067004399999999,1774.1975,1783.8000000000002,0.68097474,0.68722006,1.848333485,1.876875985,4.048775072500001,4.0895348925,7.2354195392000005,7.181495736815,7.2874335590650015,29.42931714206626,29.08036709927796,29.817743685542982
graphchi,282m,1.6GHz,1338.4,0.5651307,1.8523193,3.5385438000000002,1334.7975,1341.6025,0.5612409275000001,0.5697454424999999,1.8421232924999997,1.8632280274999997,3.5261276274999993,3.5526437200000003,4.736040983400001,4.709177332737499,4.7636928640425,16.759565810447025,16.613342212836066,16.908892508236203
graphchi,282m,2.0GHz,1068.7,0.4903931999999999,2.1783507,3.5447573000000006,1064.4975,1072.9025000000001,0.48696899499999996,0.49404961,2.1589645825,2.2013288275,3.5199754300000006,3.5743111124999998,3.7885228975000005,3.7507955882625,3.8305664733850002,13.432267942729093,13.207993267433064,13.693107203959505
graphchi,282m,2.4GHz,896.6,0.4424436,2.5983093,3.7568174999999995,893.8,899.0999999999999,0.43868862499999994,0.4467780700000001,2.58009355,2.618549355,3.7352535474999997,3.7802631824999993,3.3684266863,3.3407333686749996,3.39029851211,12.655912101491426,12.477914332230165,12.81216865258516
graphchi,282m,2.7GHz,800.7,0.41561250000000005,2.9250612,3.9683044,798.4,803.0,0.41132144750000005,0.4213567675,2.9091906300000003,2.9448880875000003,3.9450846075000006,3.9951575624999998,3.1775359634000004,3.1517832987525,3.2059471981000005,12.611268854357231,12.438682857835362,12.818439135784919
graphchi,282m,400MHz,5471.3,1.7513366000000001,2.7972532,9.453558300000001,5439.097500000001,5504.919999999999,1.7368757750000001,1.7684876550000004,2.7752899525000005,2.8196926975000003,9.3976365325,9.51692667,51.728074477300005,51.1154388496025,52.3942988228075,489.11387589634194,480.3598090345055,498.3535238964716
graphchi,282m,800MHz,2682.2,0.9764710000000001,2.0772278999999996,5.382470700000001,2669.3,2691.7,0.94371624,1.0248991975,1.9476889350000002,2.3043421399999993,5.2385114675,5.607113845000001,14.439446487200001,14.0167142789825,15.063870791802497,78.01180912397722,73.38421012659558,85.30864054072156
graphchi,423m,1.2GHz,1770.4,0.6861144,1.8588072999999998,4.0620849,1766.8975,1773.6025,0.6812621425,0.6926771249999999,1.8408998974999997,1.88090855,4.039052444999999,4.088967352500001,7.191707125000001,7.135711890475,7.252697330255001,29.217135704331564,28.827384975124453,29.665800161484604
graphchi,423m,1.6GHz,1333.5,0.5598998000000001,1.8510680999999998,3.5237242,1331.5974999999999,1335.6,0.5560722924999999,0.56532591,1.8333752100000003,1.8753179649999998,3.5026583049999997,3.5496494125,4.698911846300001,4.666553809877501,4.736666738279999,16.55994973377861,16.33936018362972,16.81766624409572
graphchi,423m,2.0GHz,1070.4,0.4857361,2.1851746,3.5446106,1067.8000000000002,1073.1025,0.48375845,0.48841102000000003,2.1661606225,2.2052209425,3.525846315,3.5669747750000003,3.7942125849,3.7679562478750004,3.8223342839850005,13.45044783669683,13.27991546844492,13.64514096812368
graphchi,423m,2.4GHz,895.8,0.4390625,2.5748843,3.7292173999999996,892.6,899.0,0.43458113249999997,0.4453564225,2.557005865,2.5928209825,3.7011563499999998,3.7607762099999995,3.3408471256,3.3067528145625,3.3786837769774998,12.461420686551039,12.245214077289514,12.694429629428107
graphchi,423m,2.7GHz,798.9,0.414093,2.9215761000000002,3.9616516000000006,796.0,801.4,0.40993543250000003,0.418768555,2.9075849125,2.9378568425,3.94302013,3.9831233999999998,3.1650552153,3.1401737104275003,3.1901845562599993,12.540129213961368,12.378845613231066,12.700891717387503
graphchi,423m,400MHz,5453.0,1.7548339,2.7904603000000003,9.4300048,5420.0,5484.7125,1.7342813125000003,1.7767607525,2.7581407799999997,2.82606034,9.34769354,9.5037144725,51.4286062043,50.72127375504,52.187888563745,485.1284173366178,474.0868064477994,496.88084234632987
graphchi,423m,800MHz,2676.6,0.9493161999999999,1.9758118,5.267688099999999,2668.3,2684.7,0.9443347299999999,0.9539006675,1.9584457499999999,1.9918429475000001,5.2456904925000005,5.2861035675,14.0996267407,14.012132732342499,14.171272704045002,74.27597933021255,73.53702454991203,74.86068055207197
graphchi,564m,1.2GHz,1800.4,0.7221251000000001,1.8969666,4.1458129,1794.4,1807.1,0.7190547399999999,0.725592605,1.8831108825,1.91313663,4.128551385,4.163733517500001,7.4641602819,7.42680032541,7.514828478435,30.94665442023021,30.67324842931845,31.284656976838797
graphchi,564m,1.6GHz,1352.8,0.5917602000000001,1.8765075,3.5865113,1348.4975,1357.6,0.589390685,0.59395165,1.8626095,1.8930784525,3.5685547425,3.6084802825,4.8519887051,4.8123729811075,4.89426581749,17.403738685847067,17.1786899204804,17.645738616788332
graphchi,564m,2.0GHz,1096.3,0.5271909000000001,2.2460387000000006,3.6585021999999996,1085.5,1116.0,0.5230635750000001,0.5325754175000001,2.2200394700000006,2.2808162649999995,3.619139075,3.7117646525,4.0128306377000005,3.933987000415,4.1464783319025,14.695438723467271,14.226532405318963,15.40117922048613
graphchi,564m,2.4GHz,915.6,0.47322999999999993,2.6604797000000002,3.8516541,912.6,919.6,0.47006183999999995,0.4768557474999999,2.6290689599999997,2.6950646925000004,3.81560684,3.89273385,3.5268036188000003,3.4849563361700007,3.57490110192,13.588652962419875,13.307867893339317,13.94818542027665
graphchi,564m,2.7GHz,818.3,0.44920039999999994,3.0128904000000007,4.0902649,814.7,822.3,0.4430527775,0.4550476075,2.9768128474999997,3.0498101625,4.0448568675,4.138331235,3.3473657403,3.3014451543199996,3.39626704137,13.697078258869809,13.32112312770655,14.043471850936044
graphchi,564m,400MHz,5482.0,1.8007564999999999,2.8147766,9.5046693,5457.6,5507.7,1.7889095425000003,1.8170239200000002,2.7862530675,2.8464365725,9.462046307499998,9.562813535000002,52.1068198541,51.71613344968499,52.637969876570004,495.32084579497524,489.51225120970065,503.0143357795386
graphchi,564m,800MHz,2711.7,0.9935793,1.9922487,5.3452513,2700.3975,2724.5,0.9858824575,1.003256205,1.9773730225000001,2.00823395,5.312589364999999,5.3833832500000005,14.495771840799998,14.359500564169998,14.672297877615,77.49821801738933,76.23759738014036,78.96646911913524
graphchi,705m,1.2GHz,1794.7,0.7177977,1.8902708999999998,4.1286071,1790.1999999999998,1799.3,0.7140130474999999,0.7227847525,1.87405756,1.9102095399999999,4.1103023325,4.150412615,7.4097287161,7.366304614405001,7.462008844075,30.594199357829353,30.269067375975705,30.969138434760847
graphchi,705m,1.6GHz,1353.0,0.5909669,1.8852843999999997,3.5934812999999997,1348.1975,1358.3,0.588274705,0.5940432600000001,1.8746572824999999,1.8984825300000001,3.5800058674999997,3.6060120550000008,4.8620339662,4.834341354675,4.892426102970001,17.472414077850495,17.30698101352393,17.629528063612074
graphchi,705m,2.0GHz,1084.7,0.5172912999999999,2.2083253,3.5995972000000003,1081.2975,1088.3,0.513842445,0.5211430050000001,2.2001199075,2.2170662575,3.584846005,3.6151624800000004,3.9046072801,3.8751654975875005,3.9336750642325,14.056122974266032,13.882264269341697,14.222826455095976
graphchi,705m,2.4GHz,911.9,0.4707334,2.6419494,3.8287779,908.5,915.0999999999999,0.46735789250000004,0.4746106275,2.6223114475,2.6654545674999994,3.8047296425000003,3.8541450600000005,3.4915817239,3.45809570042,3.52175328927,13.370537329343126,13.179863314747813,13.57282058845411
graphchi,705m,2.7GHz,816.5,0.44625249999999994,2.9960814,4.0701661,814.0999999999999,818.8,0.44215634499999995,0.45117941999999994,2.96972767,3.0293798174999997,4.039327075000001,4.1045248375,3.3234521253,3.289269584215,3.3620002561524993,13.530139287632446,13.288835779835054,13.786596667539861
graphchi,705m,400MHz,5494.6,1.8045651,2.8061099,9.5072755,5474.3925,5514.2,1.793181945,1.8187546374999999,2.7853186549999998,2.8269379475000003,9.462483375,9.553571769999998,52.24018925319999,51.8824772827975,52.6719002213275,496.7060153439791,490.9774196789779,502.80629732385745
graphchi,705m,800MHz,2698.8,0.9955384,1.9844359999999999,5.329687600000001,2693.5,2704.4024999999997,0.987125625,1.0046148625,1.9703228150000003,1.9994148199999997,5.306353945000001,5.3514468575,14.383874129199999,14.313880950062499,14.471450006344998,76.66556072777115,76.01871231308145,77.35986132203863
graphchi,846m,1.2GHz,1795.5,0.7191165,1.9058164999999998,4.1514953,1791.0,1800.5,0.7154300474999999,0.7232611099999999,1.8948728000000004,1.9197094725000001,4.136289569999999,4.168327219999999,7.4541399415,7.409710135095,7.495115199505,30.947578839926102,30.666463157272748,31.254631974145795
graphchi,846m,1.6GHz,1350.7,0.5896485,1.8851379000000001,3.5888181999999995,1345.8975,1355.7024999999999,0.5869872475,0.59298121,1.87032796,1.90234044,3.5691404375,3.60824585,4.8475075418,4.8144096509950005,4.88594785929,17.39854865590602,17.169190207831758,17.627208492330602
graphchi,846m,2.0GHz,1086.8,0.5169005999999999,2.2177186000000004,3.6093930999999997,1083.9,1090.1,0.5142085375,0.5202701075,2.208970015,2.2267411824999996,3.5960678825,3.6230162549999996,3.9227813636,3.8983854023449998,3.94864631728,14.159740188669815,14.024623259508559,14.32013519680622
graphchi,846m,2.4GHz,911.6,0.4682799,2.6426636,3.8271547,909.3975,914.0025,0.46598489749999994,0.4702272525000001,2.6281061424999996,2.666425415,3.8082928175000004,3.853133185,3.4889255664000003,3.4645099739375005,3.52010952534,13.354277145230682,13.193491372933657,13.561900274377367
graphchi,846m,2.7GHz,818.4,0.44815079999999996,3.0139953999999998,4.0924619,815.9975,821.4024999999999,0.4436890475,0.4529624375,2.9858761974999997,3.04180544,4.055064945000001,4.1272953075,3.3494303421,3.3136099980350004,3.3829751328575,13.710704063122071,13.43202844885384,13.95793809954977
graphchi,846m,400MHz,5500.9,1.8016298,2.8042480000000003,9.5167355,5475.9,5527.5025,1.7875559125,1.8178770574999996,2.7782936625000003,2.8315638,9.4584946325,9.582649482499997,52.354031450600004,51.7961187198525,52.93776775995749,498.33057437527225,490.56660192234165,507.5086040064909
graphchi,846m,800MHz,2707.7,0.9882142,1.998999,5.3411135,2696.6,2719.9,0.9833061875,0.9938248775000001,1.9812453225,2.018241095,5.3119203,5.371558305,14.462866674800003,14.33031764188,14.589865783890001,77.2575936368622,76.18273557467556,78.44181074607104
h2,138m,1.2GHz,700.0,0.3456604,0.846466,1.7643432000000001,641.39,747.7149999999999,0.30934819750000003,0.38076255750000004,0.779277235,0.9039583600000001,1.6144321025000001,1.8843770475000003,1.2530131906000004,1.0755508851625002,1.4144242364700002,2.2696457300641635,1.791021782668529,2.676906321422658
h2,138m,1.6GHz,516.0,0.27412709999999996,0.8279540000000001,1.5131776000000001,501.2975,536.1075,0.2567250925,0.29431728749999997,0.7986004374999999,0.8708255249999999,1.4595823925000002,1.58669954,0.7836435635999999,0.7314624720925,0.8473440599124998,1.196155407141131,1.0676048733441508,1.3707575093136903
h2,138m,2.0GHz,410.9,0.2431581,0.9730652999999998,1.5447814000000002,390.1925,432.3025,0.21902057499999997,0.272544725,0.9226805950000001,1.02549975,1.4617034375000002,1.6352816574999998,0.639565951,0.5766040661499999,0.7097520146450002,1.0035123896551332,0.8456739292324214,1.1828995050577376
h2,138m,2.4GHz,338.3,0.22982180000000002,1.1380675999999998,1.6289734,326.7925,350.2075,0.2134973375,0.24850093499999998,1.08673634,1.1818301075,1.5594792425000001,1.6911980425,0.5530974743,0.5125915388725,0.59220403842,0.9081697096806479,0.80496423381405,1.0102915853907295
h2,138m,2.7GHz,305.4,0.22849119999999998,1.28772,1.7425048,299.2,312.0025,0.21266414999999994,0.24397712000000008,1.2640298574999997,1.3133961849999998,1.70944356,1.7760765374999998,0.5327115109,0.5124832221575002,0.5553110632349999,0.9301018646477022,0.8733377781699421,0.9853254279610022
h2,138m,400MHz,1917.2,0.674231,1.0798459999999999,3.4918825,1798.185,2021.42,0.6387922749999998,0.7061430499999999,1.017087245,1.1404684425,3.305892965,3.687069205,6.7523918488,6.045216964905,7.510174896134999,23.969109137189445,20.02999281007086,27.746022356506128
h2,138m,800MHz,943.1,0.37804560000000004,0.8380613,2.0335878000000003,819.5725,1011.605,0.32313784,0.4145100850000001,0.6858650125000001,1.000368755,1.72009157,2.2568665499999994,1.9933014561999998,1.5797329469650003,2.2917216906924995,4.3171918715446465,3.1703371373168228,5.376918331790888
h2,207m,1.2GHz,698.0,0.33209229999999995,0.8363523,1.7450620000000001,668.79,728.3075,0.3062774475,0.36017978500000003,0.8051067199999999,0.8672438750000001,1.6723334650000001,1.8206922749999999,1.2236226467999998,1.1184574119775001,1.3225344402000003,2.155196403148614,1.8869330034053757,2.415430826750312
h2,207m,1.6GHz,528.6,0.2778566,0.8495424,1.5484313,506.1975,555.3125,0.2605222875,0.29569867499999997,0.8117459875,0.8894374875000001,1.4812714475000002,1.6324314149999999,0.8234600839,0.7474428439075,0.90685999415,1.2912467397397984,1.1092876304704549,1.4956394035282317
h2,207m,2.0GHz,445.6,0.2915466,1.0480651,1.6838194999999998,423.08750000000003,469.305,0.2740825075,0.30928138,0.9915292525,1.1074650025,1.5958555449999998,1.7732420000000002,0.7554224088,0.6787227322825,0.8340263313799999,1.2887052979551763,1.1086973326497074,1.4830773847041467
h2,207m,2.4GHz,329.7,0.229236,1.1005248,1.582013,292.8875,356.005,0.20217352,0.25358432500000005,0.9775310175000002,1.1895596124999999,1.4066774975,1.7115997675,0.53433649,0.43488608414000013,0.61516425876,0.8800209455588238,0.6830149914041752,1.0524955435999281
h2,207m,2.7GHz,321.0,0.24655159999999995,1.3448364,1.8266845,309.8925,332.105,0.22573676750000002,0.26368568,1.3044454275000004,1.3916103,1.771247345,1.8877888075,0.5881629057,0.54894927205,0.629514567025,1.0808074147348656,0.9788442562762342,1.200637503212299
h2,207m,400MHz,2111.6,0.7421385,1.166791,3.8148069999999996,1994.9350000000002,2250.4100000000003,0.6912131450000001,0.7931331149999998,1.0939860449999999,1.2372413100000001,3.5884387625000005,4.0491058175,8.1327425099,7.185507031435002,9.1592058717325,31.62730216984494,25.88576308652683,37.45333986766613
h2,207m,800MHz,1133.4,0.4752503,0.9403319,2.3827269000000006,1078.875,1181.2050000000002,0.44799915500000004,0.5010066499999999,0.8977807375000001,0.98607958,2.2816030375,2.4914604625,2.7153051527,2.4656590753575003,2.9531608022175004,6.5403154556388925,5.64458642608278,7.4582085344665465
h2,276m,1.2GHz,722.2,0.3346497,0.8793701,1.8129515999999999,679.0825,763.8249999999999,0.3031407025,0.36429530500000007,0.8284783600000001,0.9299838149999998,1.70227928,1.9159290374999998,1.3216711216,1.1801179029625,1.4796662357925,2.441423723664158,2.0197910201013487,2.8579682766404138
h2,276m,1.6GHz,518.4,0.2755921,0.8320801,1.5168518,485.29,551.3125,0.2531713525,0.2921938575,0.7851371850000001,0.8798622775,1.4346857874999999,1.5981632575000002,0.7929910861,0.7026506462475001,0.8827663664750001,1.222074581884665,1.03499797070426,1.4102579245439228
h2,276m,2.0GHz,380.7,0.2244995,0.9035154999999999,1.4260803,347.1625,407.705,0.19849707000000003,0.24734479750000002,0.8293789874999999,0.966203785,1.3021733225,1.5306915499999996,0.5514490791,0.46694636926750016,0.6294152098725,0.8088352792990099,0.6454546867632462,0.9625829780718558
h2,276m,2.4GHz,339.1,0.24058230000000003,1.1336668,1.6295046,324.7975,355.1,0.22130348000000002,0.26164727749999994,1.0733666425000001,1.1930775375,1.5419503549999996,1.71137634,0.5559341608000001,0.505417298665,0.61174624538,0.9178282390762316,0.7838091319323182,1.0557526909215396
h2,276m,2.7GHz,303.8,0.2243286,1.2901549,1.7439820000000001,279.9975,327.0025,0.2025067275,0.24766032,1.1908838275,1.3899363849999997,1.6208699775,1.868712135,0.5377201399,0.45940982067999997,0.6124004427449999,0.965308669230944,0.7542240636082674,1.1856726983873143
h2,276m,400MHz,1924.5,0.6875425,1.0660767,3.4813418,1809.2775,2055.1775,0.6420172125000001,0.7421529499999999,1.001036375,1.1393136750000001,3.263613535,3.713616515,6.772026553800001,5.9468761582925,7.723745631230001,24.102358363972535,19.699107836891795,29.35421559312399
h2,276m,800MHz,1033.4,0.423523,0.8529785999999999,2.1642641,994.0925,1076.7025,0.3934427125,0.45709682749999997,0.8164718700000001,0.8910667950000001,2.0787839375000003,2.2643710074999994,2.2467106367,2.0698740164250005,2.447383404494999,4.9099767873103275,4.299509069866226,5.591964349760651
h2,345m,1.2GHz,672.2,0.3146118,0.8022586,1.6712709000000001,646.5975000000001,701.105,0.28969034000000005,0.34221581500000003,0.765718775,0.8377027149999999,1.6024719475,1.7549229574999998,1.1288700661999997,1.0407856011949996,1.223565520355,1.905894276560894,1.6615836062204585,2.1627651325436763
h2,345m,1.6GHz,492.3,0.2726073,0.7771791,1.4398804000000003,452.0975,533.3375,0.24060299,0.3047749425,0.7117180750000001,0.846596705,1.3158831650000002,1.5549360575000002,0.7209057654,0.6033437776050001,0.8426091617425,1.072898839493161,0.8345071930251937,1.3610771750673487
h2,345m,2.0GHz,432.7,0.2572632,1.0234985,1.6213256999999999,408.1975,456.3025,0.22766297749999997,0.284741365,0.9726251325,1.075808095,1.52711102,1.7136864125,0.7072992999000001,0.6292810895575001,0.7875232089674999,1.166007539393838,0.9789155897336821,1.36050517060222
h2,345m,2.4GHz,313.2,0.21488040000000003,1.0353942999999999,1.4851500999999998,266.28000000000003,344.3025,0.17863679,0.24675624999999998,0.8912138875,1.1309082,1.2640800374999999,1.6324612525,0.48601504640000004,0.37880524271000005,0.5595627587925001,0.7693651004398168,0.5569167877403339,0.9235781015519758
h2,345m,2.7GHz,304.8,0.23932499999999995,1.2787476,1.740332,290.195,316.9025,0.21943685250000003,0.2617453975,1.2231676275,1.3241768225000001,1.6583875675000002,1.810064475,0.532931675,0.4848110074625,0.5727465720674999,0.9358970278705986,0.8167173780501673,1.0427496147603912
h2,345m,400MHz,2017.9,0.7251222,1.1256103000000002,3.6540893000000003,1872.2925,2162.615,0.6687779125000001,0.7787950250000001,1.0337840525,1.21833551,3.3867737924999997,3.9262236025,7.477596899300001,6.3110552060825,8.516970986697501,28.09024763152226,22.1184516698174,34.428215522050124
h2,345m,800MHz,1092.9,0.4360963000000001,0.8960082999999999,2.2752317999999994,1036.39,1156.0225,0.41183890500000003,0.46179961500000005,0.8443429574999998,0.951728675,2.1530014975,2.4079745150000003,2.507581574,2.2244533168799996,2.8029050148825,5.803037217082187,4.848468221441754,6.82356009290874
h2,414m,1.2GHz,683.6,0.3219054,0.8246399,1.7092163,659.5975000000001,707.8074999999999,0.30527177250000004,0.34227641249999996,0.8009016674999999,0.8497985025,1.6570703225000003,1.7686025475000002,1.1718889415,1.0974307924675004,1.2605003580199998,2.014865666453754,1.8096176397655672,2.229713185537152
h2,414m,1.6GHz,547.8,0.3046141,0.8671998000000001,1.6047304,528.59,566.505,0.28229481,0.33002112000000006,0.8382774249999998,0.8956329575,1.540997545,1.6656899275,0.8820221307,0.8180113188925,0.9429759419624999,1.4251928484224503,1.2668424173792316,1.5690611060022979
h2,414m,2.0GHz,425.4,0.26190189999999997,1.0137938,1.6055907,403.895,447.305,0.23413898,0.2887578575,0.9443100274999999,1.0882246999999998,1.5094403699999999,1.70076694,0.6887219916,0.6128853173575001,0.772322821105,1.1266942297427212,0.9270235652706802,1.328588126727499
h2,414m,2.4GHz,363.1,0.25454089999999996,1.20766,1.7381349,341.19,386.5025,0.22867647750000003,0.28122149750000003,1.1330806949999999,1.2853812375,1.62895996,1.8577502525000003,0.6377999781000001,0.56011733051,0.7135341202175,1.1329110693291593,0.9194723803853855,1.3638653185373102
h2,414m,2.7GHz,300.3,0.2305909,1.2713135999999998,1.7205445999999998,290.6975,311.4025,0.21839896,0.24352597249999997,1.2343362949999999,1.3123317375,1.670941245,1.7768088825,0.5180822701,0.485255566575,0.5548606115299999,0.8963118395181555,0.816312880478025,0.9847077028197584
h2,414m,400MHz,1947.5,0.6849367,1.0723144,3.5184448,1857.8950000000002,2063.7074999999995,0.649003665,0.7351619475,1.0239830924999997,1.14447514,3.3644498325000005,3.7472455774999998,6.9101929614,6.2506411846975,7.8781539939875,24.76644894217653,21.179015563069218,30.48791351633992
h2,414m,800MHz,1085.8,0.4272826,0.8952696999999998,2.2635314,1013.6725,1146.7025,0.400414335,0.4554995050000001,0.8476262000000001,0.9389002400000002,2.1258253225000003,2.391004135,2.4787468038,2.20970663609,2.7564480860125005,5.702636562514181,4.801128491993469,6.59954533363871
h2o,105m,1.2GHz,1940.7,1.1128296,2.3119018000000002,5.1348813,1803.49,2088.075,1.05807668,1.17074124,2.148837305,2.528675945,4.8105982325,5.5723906525,10.1285661078,8.6695302599025,11.868048855335001,53.79210864106737,41.55516539293125,70.8222836353629
h2o,105m,1.6GHz,1494.1,0.9336426000000001,2.3693786,4.598626899999999,1386.0874999999999,1621.6125,0.8551397925,1.017877805,2.191989555,2.5794938724999996,4.257644225,5.0695857675000005,6.997119173499999,5.927855726692501,8.380764850329998,33.463369844334665,25.177495615710068,44.2979769996238
h2o,105m,2.0GHz,1272.7,0.8877257000000001,2.9901793,4.9552796,1154.78,1423.2225,0.8072841425,0.985360345,2.7121634224999998,3.3097656625000003,4.48869793,5.45914783,6.4772929843,5.222956650154999,7.954124399977499,33.87816030667591,23.69241524186156,45.16848948068125
h2o,105m,2.4GHz,1036.9,0.7798341,3.4047117,5.0344971,967.995,1132.72,0.7232780974999999,0.8421338250000001,3.1923244625,3.71194005,4.7073803225,5.461254394999999,5.3073175215,4.58577655499,6.36283459445,27.705989890829557,21.776535577690154,37.01443554975384
h2o,105m,2.7GHz,982.0,0.7784422999999999,4.1304566,5.697070299999999,898.7,1059.705,0.72106481,0.8381658625,3.7481356774999997,4.513415477500001,5.266169452500001,6.1751273475,5.698977921500001,4.757285064635,6.694257383232499,33.73083940806234,24.89432605937296,43.01762335423027
h2o,105m,400MHz,5665.7,2.1518373,3.1464657999999996,10.695782699999999,5573.5975,5771.7025,2.1086355825000003,2.1994912300000005,3.0820705825000005,3.224158225,10.502758385,10.9190405325,60.65353398770001,58.62553759986751,63.010202096407504,649.985202299589,615.4740855458876,691.6115934827309
h2o,105m,800MHz,3111.2,1.4424743000000002,2.5677246,6.8581237,2848.17,3437.915,1.2978858125000001,1.6031022025,2.340350975,2.8615489050000003,6.182571407499999,7.5411910925,21.8627184146,17.5470975463975,26.592638188462498,157.772314880092,110.14263849401068,214.28366096403735
h2o,140m,1.2GHz,2101.2,1.1489441,2.5088624000000004,5.530005,1835.4875000000002,2437.004999999999,1.032249725,1.2906496199999997,2.2304997600000007,2.900827815,4.941698047500001,6.4414987425,12.2196179158,8.954334379525,16.52415715437,75.41634330844309,47.55886954672197,120.37941058863568
h2o,140m,1.6GHz,1434.7,0.9089234000000002,2.2731078,4.4196778000000005,1385.5874999999999,1481.605,0.8699259024999999,0.9492160599999999,2.2023277849999996,2.351451345,4.289340327499999,4.5581915375,6.3585432993,5.957279895280001,6.7852436293075,28.256589824684546,25.352386005144087,30.979028339480845
h2o,140m,2.0GHz,1311.8,0.9273496999999999,3.0732299999999997,5.1014101,1197.755,1423.6025,0.8584620975000001,0.9894990149999998,2.8253610225,3.3608785949999995,4.691985429999999,5.5533094775,6.8285009894,5.65024030795,8.0440364342,36.25048732800069,27.24440985141715,46.877525831282554
h2o,140m,2.4GHz,1045.6,0.794989,3.4615966,5.1085268,969.2925,1139.9275000000002,0.741698255,0.8559580775,3.2078525675000003,3.7783020650000005,4.7410249575000005,5.544383762500001,5.4370363482999995,4.5982058854275,6.4457334267825,28.813924503140043,22.07520583513585,37.19106917860453
h2o,140m,2.7GHz,867.8,0.7057129999999999,3.6197267,5.007153300000001,851.7925,879.4024999999999,0.6852705225,0.7248973675,3.5375554,3.6828957025,4.9076959925,5.0839782,4.3485752344,4.195099501940001,4.4784641916400005,21.80947836956356,20.596636519894993,22.772213795037644
h2o,140m,400MHz,5610.5,2.1191771,3.1008361999999994,10.581341499999999,5521.255,5722.3275,2.0742933075,2.1690785475000003,3.04526823,3.1662571575,10.4059346175,10.788993094999999,59.4184098293,57.47897445572,61.94237602616499,629.8579871080204,597.1811938114002,666.6521429827434
h2o,140m,800MHz,2910.1,1.3271605999999998,2.4190124999999996,6.4128112999999995,2746.49,3141.9849999999997,1.2589248650000002,1.4010383075,2.2922838275,2.583322625,6.0729841475,6.902365162500001,18.872382900399998,16.642692250055003,21.902773786757503,123.89494193896635,101.00552599037502,157.6709166064412
h2o,175m,1.2GHz,2142.1,1.1656923000000001,2.5530824,5.633673100000001,1911.8575,2380.2699999999995,1.0543321675,1.2615663025000001,2.2624459475,2.8309792175,5.044253847499999,6.234381107499999,12.424772282300001,9.991239499337501,14.996876192805,73.98157534950272,52.83676649783692,96.02122560131232
h2o,175m,1.6GHz,1546.4,0.9643373000000001,2.4433778,4.742315699999999,1414.5900000000001,1689.8200000000002,0.8912713875000001,1.0452189125000002,2.2182375475,2.6766948225,4.3637617125,5.1877798375,7.4913755019999995,6.0633824170275,9.001518916174998,37.097670056920194,27.410325400717575,48.615340425000014
h2o,175m,2.0GHz,1177.6,0.827716,2.753363,4.572467,1115.095,1273.3075,0.7624177,0.91901667,2.60302753,2.9961251725,4.315096825,4.9806630599999995,5.4630180102,4.8116613616625,6.47194032428,25.824553767461396,20.857768329618843,34.0855909523292
h2o,175m,2.4GHz,1054.1,0.799646,3.4651674,5.124560599999999,1002.3,1129.3274999999999,0.7568501275000001,0.85651945,3.3016964150000003,3.7200124925,4.8815493275,5.4775532525,5.456330938900001,4.905769933249999,6.277712843295,28.571693306056574,23.979813983372047,37.32375116572491
h2o,175m,2.7GHz,887.1,0.7062865,3.7055847,5.1188719,864.8,916.605,0.67493154,0.739280785,3.5916194299999997,3.8370255075000004,4.9557171075,5.2926420599999995,4.5519301077,4.286662948685,4.829687669085,23.420982612855795,21.463192101701267,25.82605524439901
h2o,175m,400MHz,5722.0,2.1593750999999997,3.1814818,10.801879799999998,5431.195000000001,6224.3725,2.0454296625,2.3342315824999997,3.0351215375000007,3.4375270325000002,10.296159630000002,11.696930522499999,62.7956577818,55.9067265515,75.34491124689,702.7462286641024,575.5565274368357,939.6438163793292
h2o,175m,800MHz,3014.5,1.4119019,2.5015134,6.6717895,2762.15,3326.3100000000004,1.2822571975000003,1.5819045925,2.29338166,2.74641538,6.089278030000001,7.373763397499999,20.593045981299998,16.911094942897503,25.439353025360006,144.45124648864964,103.6887909624711,197.69863108871914
h2o,210m,1.2GHz,2060.9,1.1527038,2.480609,5.461437999999999,1834.1175,2392.855,1.012809685,1.32751539,2.19130803,2.8309874825,4.8138919425,6.21987844,11.7918215914,8.914045018405002,15.937032261259999,71.20353368122296,41.74621537713993,108.82564318895922
h2o,210m,1.6GHz,1656.2,1.0275573999999998,2.6327758999999995,5.0963074,1419.755,1947.2275,0.912179335,1.1698868775,2.2538306325,3.1291418625,4.35075447,5.996486262500001,9.010325052000002,6.235213233885002,12.841495784977502,52.71619341209795,27.887093402077284,85.97766276482218
h2o,210m,2.0GHz,1206.7,0.8447574,2.8429747,4.7045289,1133.0925,1307.46,0.7924126225,0.915828895,2.681824125,3.057343944999999,4.4236299875,5.0398874675,5.7536218359,5.062064118840001,6.71706990808,27.850774345419904,22.32111809900957,35.79139664468172
h2o,210m,2.4GHz,1072.3,0.8172178000000001,3.553204300000001,5.2442079,979.7925,1175.8025,0.74986489,0.8914215525000001,3.26961395,3.9155782400000003,4.775203885000001,5.7441695274999995,5.744051547700001,4.7266919469475015,6.8809654345975,31.444640086317907,22.875938098963342,40.528617587755114
h2o,210m,2.7GHz,911.6,0.723175,3.8413939999999998,5.2968628,873.7974999999999,959.52,0.6886098949999999,0.763490085,3.6726068824999993,4.0423395625,5.0661351,5.575766374999999,4.8594971844999995,4.418932099415,5.3734617928325,26.082999269797046,22.640734293695278,30.928431715662995
h2o,210m,400MHz,5739.9,2.1607420999999998,3.1962829,10.8542359,5460.0775,6153.215,2.0374603975,2.29219631,3.0349554050000003,3.4258816549999995,10.296372029999999,11.5975690025,62.9438092675,56.209416906662504,72.24795552222251,698.5389327136899,584.0764442877859,875.8885458174835
h2o,210m,800MHz,2979.1,1.3298891,2.4599856,6.5373779,2736.5,3299.7174999999997,1.2231970975000002,1.4473626099999999,2.2517063475000003,2.7142987549999997,5.9884892050000005,7.2193406799999975,19.9240505985,16.4041838262675,24.557643390752496,136.6992672114279,99.08894558776454,187.25147410648208
h2o,35m,1.2GHz,8816.2,4.9685424000000005,10.4311708,23.1102723,8239.565,9431.037499999999,4.629652392500001,5.2971832075,9.704044425,11.12258788,21.4236953775,24.686709419999996,206.1931683163,178.80157993477252,232.54745961263998,4876.442966966166,3951.7667803466393,5791.164576110748
h2o,35m,1.6GHz,6415.9,4.1862608,10.169336,19.81413,6203.9575,6606.71,4.06670896,4.304664642500001,9.831092465,10.476539855,19.18809803,20.397151925000003,127.4623161384,119.5518881908225,135.24680099975248,2538.5309700863263,2298.7610532559165,2779.549306310786
h2o,35m,2.0GHz,5007.9,3.6837644,11.5985292,19.431317,4687.0775,5366.23,3.42066691,3.9627288524999993,10.8302621225,12.467181162500001,18.1694334075,20.930959317499997,98.57371269410001,85.44217587608,113.20589613412749,1966.2212201395141,1554.4895351767339,2389.809674231083
h2o,35m,2.4GHz,4202.2,3.3953857,13.695385599999998,20.3989318,4100.295,4316.4,3.31204972,3.4923803774999995,13.302493797499999,14.129941370000001,19.90143943,21.0683323075,85.9006644662,81.495118514495,90.65723007616499,1760.0618802100694,1617.7042214194157,1926.7986452356788
h2o,35m,2.7GHz,3861.8,3.2061155999999995,15.861310000000003,22.2064085,3678.9,4046.4175,3.059019455,3.3545056975,15.174010964999997,16.5472906,21.2373693475,23.223372715,86.2234193867,78.79187379171002,94.439022969125,1935.5986886727019,1695.0498840144635,2222.905051336534
h2o,35m,400MHz,21691.0,8.1390015,12.094238399999998,40.9734007,20404.827500000003,23179.409999999996,7.628832225,8.6266456025,11.355015515000002,12.93392853,38.48999975000001,43.5248388,898.5004117935999,786.9669241756076,1027.0881290110326,37635.59056151803,30798.00459302471,45172.88703556439
h2o,35m,800MHz,12008.9,5.588086,9.906585799999998,26.4163454,11017.255000000001,13059.195000000002,5.141727459999999,6.0890809775,9.07113999,10.848614405000001,24.29575518,29.111221275,323.916109013,272.83076242084746,386.1837996823125,8935.408493850953,6603.448030358392,11856.668642644941
h2o,70m,1.2GHz,1955.0,1.1199706,2.3209779000000004,5.164782600000001,1848.2975000000001,2087.535,1.042241735,1.2127269175,2.1927252475000003,2.4714574375000002,4.88798718,5.51163265,10.210704015000001,9.025559040682499,11.746097111580001,54.012527705323166,43.920123991067875,67.56136126235886
h2o,70m,1.6GHz,1502.4,0.9324952999999999,2.3848265,4.6220398000000005,1430.485,1606.2275,0.8830099250000001,0.9969615150000001,2.268150725,2.5653716225,4.410799795,4.951492505,7.0171808245000005,6.3175579208325,8.10825777248,33.18138859741895,27.819885618669886,41.787212798000375
h2o,70m,2.0GHz,1201.9,0.8707155,2.7946531,4.6678953,1151.6975,1269.1125,0.8265496400000001,0.922532115,2.6830286400000003,2.9382122799999997,4.473575597500001,4.900070362500001,5.6442371721,5.1628948458075,6.2679994338275,26.677746916056314,23.225866903222244,31.653600502176626
h2o,70m,2.4GHz,1114.7,0.8673036,3.6592162999999998,5.427032499999999,1027.1675,1217.3224999999998,0.814024355,0.9382488674999999,3.35130939,4.00596941,4.956673314999999,5.904080145,6.1626968901,5.1443166537675,7.341906837529999,34.7872384313835,25.41379940641157,45.82249719911968
h2o,70m,2.7GHz,943.7,0.7572144,3.9412656999999998,5.447649999999999,893.6800000000001,1006.5024999999999,0.7135308325,0.8174977975000002,3.74037389,4.2202765200000005,5.15952935,5.8115381525,5.191023572000001,4.610042501475,5.9594576634,28.870633041082634,23.910926395204793,35.282650503134235
h2o,70m,400MHz,6343.9,2.3859988,3.5002073000000005,11.9456727,5770.062500000001,7090.607500000001,2.1354829575,2.6588242550000003,3.1125463399999997,3.9098392750000004,10.706711095,13.350869650000002,78.2116192571,60.029516986125,97.26176175403002,996.7808627605143,648.0975031696314,1368.9940765324225
h2o,70m,800MHz,3375.0,1.5615722,2.8019287000000004,7.449450799999999,3080.895,3675.165,1.4068162300000002,1.7100865075000002,2.5589545549999997,3.04672594,6.7736362925,8.131463315,25.684249646599994,21.310528827047502,30.319179609610007,199.4608087130403,148.28983194341413,252.14148840649707
jme,116m,1.2GHz,887.2,0.36843879999999996,0.9790711,2.1032775,783.0975,987.8125,0.31578764749999993,0.42410046249999994,0.841617505,1.117438,1.8309673475,2.35872253,1.9421661505000003,1.5261854396874999,2.4056284606175007,4.41805587239031,2.9006075964462417,5.768122571597045
jme,116m,1.6GHz,721.2,0.32495719999999995,1.0222657,1.9555969000000002,637.6975,800.405,0.27618220750000005,0.3709462974999999,0.8708537574999998,1.1636825525,1.7114796575,2.2027332575,1.4635360999,1.1145116126175,1.7636628348125003,3.076859796724892,2.1886898319311388,4.071787779575021
jme,116m,2.0GHz,585.6,0.29550780000000004,1.2190976999999998,2.0007019,528.78,641.8149999999999,0.26107484000000003,0.332446095,1.0772763925,1.3780373049999999,1.78693443,2.2648358350000004,1.2051011516999999,0.9744598479325004,1.451117646325,2.5604964016737757,1.8268099669946847,3.408365812638557
jme,116m,2.4GHz,489.0,0.26036970000000004,1.3565855999999998,2.0207031,436.685,541.215,0.2240452575,0.30623206249999996,1.1312591525,1.6244629099999999,1.7151319425,2.39116797,1.0362949388000002,0.7463045795225,1.3662982236625,2.351730723044974,1.3294199985108057,3.526159422599674
jme,116m,2.7GHz,471.8,0.26575340000000003,1.6509888,2.300598,430.2,510.2075,0.23394906499999998,0.30399572499999994,1.442461755,1.8742990875,2.0511326050000003,2.6153728875,1.1137453949,0.8807563560375002,1.3660169738199999,2.733017956261757,1.9222663692527246,3.7565894675755493
jme,116m,400MHz,2943.4,0.9989500999999998,1.6145752000000002,5.2291261,2569.3675000000003,3271.5449999999996,0.8549890175,1.1293252725,1.4002598425000001,1.8074298974999996,4.4449447724999995,5.8069644475,15.984281275999999,12.536928102505,19.292503620865,89.18632401527381,63.21809858676092,111.7642915352484
jme,116m,800MHz,1336.3,0.5080262,1.0583129000000002,2.7217711,1133.58,1550.2524999999998,0.417837125,0.5975466249999999,0.8718933799999999,1.2364890574999998,2.2944112,3.1724625975,3.8903430743,2.7698735935000003,5.1624596976724995,11.998926688977289,6.683155515215654,17.219186653607217
jme,145m,1.2GHz,910.9,0.3817077,1.0017515,2.1605896,780.2825,1032.7024999999999,0.31765337750000006,0.44453345,0.8318999924999999,1.1625248524999998,1.8459474,2.4739798275,2.0773771093,1.5177196636,2.6195416142249996,4.973955141331224,3.083247347141403,6.804188014073861
jme,145m,1.6GHz,666.3,0.29302989999999995,0.9134524,1.7734192999999998,586.9875,752.3075,0.24832099,0.3405094075,0.7740976074999999,1.0584262425,1.5031925075,2.0401350775000004,1.2423087,0.8920607923674998,1.6129963189174998,2.4378741416337406,1.4879982916354415,3.5041444558114065
jme,145m,2.0GHz,571.7,0.28726789999999996,1.1794005,1.9412603000000002,508.88,640.0125,0.24468789999999999,0.336431565,0.9751446825000002,1.3920686174999999,1.6518487875,2.2399853299999997,1.1640820055,0.864541664225,1.5040857105099998,2.5194332411143847,1.5261251443774941,3.608122006649611
jme,145m,2.4GHz,489.2,0.2530092,1.3649719,2.0287474,442.895,548.62,0.2211111375,0.296546565,1.1608966799999998,1.618267145,1.7586506225,2.36070131,1.0333222826,0.7932017873550001,1.3569893865399996,2.327358661935714,1.4330021487298084,3.7621266439639505
jme,145m,2.7GHz,472.0,0.2593325,1.6233215,2.2718689999999997,437.3875,506.4,0.23073896999999996,0.284709125,1.429788015,1.8098909174999998,2.0380907149999996,2.50772313,1.0927527543000002,0.9006438816574999,1.2701736553575,2.596999006707093,1.940790279859861,3.283469075102681
jme,145m,400MHz,2703.5,0.8973512000000001,1.4656310000000001,4.7813965000000005,2417.1,2960.7,0.7993954825000001,0.9911565550000001,1.321866825,1.6082700474999996,4.30291103,5.224063665,13.249964182,10.616707611710003,15.59042422294,66.39273682874396,49.044909666450785,84.47008781263956
jme,145m,800MHz,1322.7,0.4884889,1.0363218,2.6842161000000004,1132.4524999999999,1517.9550000000002,0.41160585499999996,0.5696274749999999,0.8688383350000002,1.2091609499999998,2.2989711175000003,3.109208475,3.7605279025000002,2.8455218256074994,4.886797187822501,11.249294827383201,6.966588454116718,15.861840363828714
jme,174m,1.2GHz,858.3,0.3482301,0.9263001,2.014551,736.0975,981.915,0.2928439525,0.40707903,0.781018745,1.073687405,1.6978339649999998,2.3488850675,1.8311971942,1.3274366434275,2.3896121435649995,4.128161037002131,2.5720281297544356,5.9136840107692015
jme,174m,1.6GHz,627.2,0.2769957,0.8533875999999999,1.6657166,552.2875,715.9100000000001,0.23834052,0.3216537325,0.7293952050000001,0.9939313275,1.4290758075,1.9271178424999997,1.0978283204000001,0.8146868198375,1.4388720480925,2.0320854269871607,1.2695904304663053,2.9815818576534032
jme,174m,2.0GHz,536.2,0.2588561,1.0436279,1.7577269999999998,491.99,583.9000000000001,0.234703535,0.28342260249999995,0.9383997924999998,1.1509103399999998,1.5852732575,1.9391245325,0.9637053228000001,0.7892709290575,1.1393818707525,1.7744241603764892,1.2707846699134002,2.302522869081466
jme,174m,2.4GHz,475.8,0.24783309999999997,1.2785828000000001,1.9232543,442.09250000000003,513.62,0.22574617499999997,0.27104714249999995,1.1572130125,1.3989857625,1.7491810300000001,2.0886072075,0.9304508435999999,0.78783862599,1.0895528853875,1.8542819356280684,1.4074506196700942,2.321142641025351
jme,174m,2.7GHz,455.7,0.2536927,1.5767579,2.2028503,404.2975,514.8149999999999,0.21659900500000004,0.29650935749999996,1.3123208025000002,1.86539813,1.8688601875,2.5894532625,1.0530686032,0.8029218301225002,1.3757125419549998,2.6010469643196754,1.5662835250795,3.957024047176664
jme,174m,400MHz,2634.6,0.8806274000000001,1.4466126,4.681299,2219.7975,3033.64,0.7384291450000001,1.0264367400000003,1.20990598,1.6748930475,3.95642823,5.399704355,13.105473665100002,9.437792573279998,16.677676457792497,68.39735515998322,43.140431284120545,94.3598942808061
jme,174m,800MHz,1426.1,0.5403808000000001,1.13349,2.9112367000000003,1207.37,1617.255,0.45845374000000005,0.622821015,0.9498896699999999,1.2923375099999999,2.4824665724999995,3.2913117874999993,4.3621824101,3.3295096391400003,5.45620364744,13.872832890881758,8.865474650335607,18.573970516735997
jme,29m,1.2GHz,2766.6,1.2678649999999998,3.2655883,6.7211488,2719.695,2815.9025,1.2508848449999999,1.2901227375,3.1986674149999996,3.341379735,6.6039298725,6.860163632500001,18.6110575568,17.9450165463425,19.416685124140002,125.32395112573606,119.08299711298628,132.74865751363254
jme,29m,1.6GHz,2166.5,1.1670592,3.3290954999999998,6.1671692,2118.8650000000002,2217.9075,1.1378705725,1.1945011625000002,3.256235305000001,3.4108712650000004,6.01750835,6.3112321675,13.3806065107,12.810264019629997,14.00111343003,82.76089719195645,76.8819208762436,88.12276884006067
jme,29m,2.0GHz,1816.1,1.146582,4.0394591,6.5703002999999995,1774.3975,1854.7,1.1218370825,1.1710731699999999,3.9389835275000005,4.131313237499999,6.424005997500001,6.720518424999999,11.948705490300002,11.383894413285,12.4747562424975,78.73157908637218,73.4466898492873,84.807096996045
jme,29m,2.4GHz,1603.8,1.1415403999999998,4.9895753,7.3254698000000005,1565.1925,1643.405,1.114037535,1.1685259350000001,4.8582624025,5.119550544999999,7.1449528175,7.498732692499999,11.767001634600001,11.12745499271,12.353204890314998,86.47305879016321,80.39862694781614,92.60192808034229
jme,29m,2.7GHz,1375.9,1.0183288999999998,5.3711181,7.388256899999999,1358.1975,1395.3024999999998,1.004578365,1.032388505,5.266276212500001,5.510575942499998,7.251433737499999,7.5449230225,10.1727777292,9.8693830308175,10.548443222199998,75.30492563355952,71.34866451995475,80.24161487931846
jme,29m,400MHz,7847.0,2.7796448000000002,4.3629087,13.9176941,7579.257500000001,8127.9175,2.6861906875000003,2.8779693149999996,4.2161972775,4.534749745,13.4444530975,14.3938440525,109.55540583759998,101.74276914349751,117.4047463677,1534.4947815785022,1373.3907277241278,1688.4896606306377
jme,29m,800MHz,4086.2,1.6657836,3.3643434,8.4068605,3990.6924999999997,4179.9225,1.63536263,1.70211445,3.2971284974999997,3.4371878525,8.235878659999997,8.59288937,34.3964345461,32.8647594259375,35.92943722149501,289.8971789535592,271.43848823785277,310.69364682509524
jme,58m,1.2GHz,989.7,0.4197389,1.1035586,2.3677916999999997,878.395,1113.3374999999999,0.3578397075,0.4851833025,0.9594017800000002,1.2406800849999997,2.1148156874999997,2.683108575,2.4357398659999996,1.8930066870175,3.0788424411624997,6.245993249567574,4.087934610821838,8.82094797041962
jme,58m,1.6GHz,759.1,0.35698240000000003,1.0643798,2.0580627,670.48,841.7025,0.307542875,0.40733763,0.9184214449999999,1.19960381,1.7931196225000006,2.30369059,1.6188939827,1.2583430978875,1.9535637904774998,3.5711711851230907,2.4158448395975913,4.680542879031891
jme,58m,2.0GHz,610.1,0.30334469999999997,1.2378417,2.0514585999999997,554.4975,666.1025,0.27417898500000004,0.3385791475,1.0967968724999997,1.39751395,1.8401268175,2.29577755,1.2845812777,1.0312241731724998,1.558721350225,2.7923423548744704,1.9451793456510276,3.806779812570708
jme,58m,2.4GHz,507.2,0.2698853,1.3970703,2.0874571,460.7875,555.51,0.2412338225,0.30211088999999997,1.1949002774999997,1.5914583525,1.8481964000000004,2.354885675,1.0913260264,0.86332946833,1.353846578075,2.4414919465998133,1.656034499539694,3.288927435341029
jme,58m,2.7GHz,489.0,0.2787964,1.7245423,2.4030822,444.1,539.0,0.24850103500000004,0.31137781750000004,1.4917881875000003,1.9726121875,2.1045643574999997,2.72177331,1.2126100460000002,0.9749256293425,1.5127415167850002,3.135846837120726,2.1251952045278903,4.272024570075162
jme,58m,400MHz,2736.5,0.919928,1.4909728,4.8507629,2371.6000000000004,3104.2574999999997,0.7839909899999999,1.0545110174999999,1.2741825025,1.70818964,4.1662965825,5.5029449050000006,13.9547630751,10.398927029390002,17.633405749244993,74.23541981135352,46.39991760407685,102.40805022721078
jme,58m,800MHz,1494.8,0.5771239,1.2040649,3.0696532000000003,1283.6625,1721.7125,0.4832089950000001,0.6691042225,1.0099531150000003,1.3931538975,2.5806266649999996,3.5367734125,4.868363173499999,3.5116563175,6.1125166904974995,16.607669857062213,10.51920476636204,22.415209498338257
jme,87m,1.2GHz,890.0,0.3637575,0.9696716999999999,2.0947814,795.1700000000001,991.7049999999999,0.3156868225,0.4144622,0.8405072025,1.10745929,1.8472970599999998,2.3468842100000002,1.9341812405999999,1.49871097055,2.3927644927174994,4.360955011300293,2.9613728207283816,5.917790377696641
jme,87m,1.6GHz,712.7,0.32528680000000004,1.006781,1.9338073999999998,622.4949999999999,803.54,0.27769641500000003,0.3768668975,0.857007545,1.1546318574999999,1.6765176425000001,2.19811904,1.4433198092,1.0677816845,1.8481471331074997,3.0667445636881645,1.8802762231577725,4.362954713175821
jme,87m,2.0GHz,570.3,0.2872253,1.1603514,1.9250671999999998,507.795,628.0374999999999,0.24902889500000003,0.326752675,1.00057756,1.3390326725,1.6608668299999998,2.1912341174999996,1.1417305742,0.8687770476925002,1.4294036199025004,2.3854361772774757,1.6083371085825404,3.2234709378109465
jme,87m,2.4GHz,546.3,0.29945079999999996,1.5911985999999998,2.3387328000000003,507.2975,594.9000000000001,0.2745691325,0.32689459249999997,1.4306888100000001,1.7308850925,2.1488211375,2.5386131949999995,1.2977050976000002,1.0995261349224998,1.513852211765,3.140885014038529,2.425319987098493,3.9056526919913366
jme,87m,2.7GHz,470.9,0.2703432,1.6924012000000002,2.3451904,419.295,525.3025,0.22939321500000004,0.3128823575000001,1.3981374575000003,2.013178145,1.9724207400000002,2.7478503749999996,1.1569371631999998,0.8625648565125,1.4909867706524997,3.02036054993615,1.8745048296141371,4.270506561583557
jme,87m,400MHz,3009.0,1.0337833,1.6674436999999998,5.3733581,2800.9375,3203.5074999999997,0.9532083000000001,1.1189697,1.5414396075,1.7654854425,4.953473942500001,5.7355225574999995,16.3819784783,14.296039804245,18.5099841579125,90.26276588778268,73.3587624479843,107.03935995492363
jme,87m,800MHz,1571.0,0.607422,1.2558472999999999,3.2163939,1401.5749999999998,1695.9075000000003,0.5387354775000002,0.6650464949999999,1.1136624549999998,1.3720924299999997,2.8653403850000005,3.4775825625000003,5.171537559000001,4.246777692825,5.9172850537325,17.323780176017245,13.294832155150198,20.88682934706202
jython,100m,1.2GHz,1553.9,0.6128235,1.8915528,3.9994751,1534.4924999999998,1572.815,0.5971226625,0.6333048225000002,1.8582869725,1.9245330025,3.9468370225,4.059580017499999,6.2174436682,6.05833012254,6.370808091232499,24.890580338690864,23.85606927391526,25.827181386224296
jython,100m,1.6GHz,1161.4,0.5048095,1.8889833,3.4844115,1136.3,1189.5075000000002,0.4795644275,0.5295386125,1.8437865824999997,1.93245851,3.3867707025,3.5799644450000003,4.053019676300001,3.8588169513150006,4.2598701813775,14.16808147544715,13.129029182216323,15.322454296946605
jython,100m,2.0GHz,923.4,0.45156849999999993,2.2157042,3.5215028999999993,909.4950000000001,937.1025,0.43037049,0.4727093225000001,2.1796533775,2.2504435224999995,3.468007275,3.5702813900000003,3.2536028791,3.1685205270975,3.3527739049,11.470722070349046,10.950887693175764,11.99985466621119
jython,100m,2.4GHz,786.7,0.40953989999999996,2.6882019,3.8040284,775.0975,798.8025,0.394925965,0.4238411675,2.6397200174999997,2.7413587774999995,3.7417164400000003,3.8716631900000005,2.9948036286000006,2.9015514365499997,3.1052482965875,11.409785742301178,10.870920174307214,11.991344190640328
jython,100m,2.7GHz,687.2,0.3783628,2.98656,3.9741333999999995,675.8975,697.9075,0.36670326499999994,0.38948488000000003,2.93050407,3.0414930274999996,3.9059693524999997,4.0404195475,2.7327932578,2.650403069735,2.8248780482424998,10.875174379601763,10.339478013568574,11.42114575227715
jython,100m,400MHz,4840.6,1.5649228,2.7143979000000003,9.130859599999999,4746.7925000000005,4923.429999999999,1.5262458525000002,1.6004410825,2.6474084399999995,2.7732183249999998,8.9542208925,9.296646505000002,44.23875541990001,42.51538180567751,45.66284051001001,404.69427082396265,382.3544913956637,424.1242226139123
jython,100m,800MHz,2380.1,0.8538574999999999,2.0132995,5.2031677,2329.6949999999997,2429.0025,0.8194858625,0.8849453424999999,1.9506463425,2.0632126875,5.072567482499999,5.32439227,12.4003303321,11.829458066495,12.95522378927,64.70404258810511,59.87311764982609,69.00485681691251
jython,125m,1.2GHz,1547.1,0.6086546,1.8838503,3.9839480000000003,1517.3975,1574.42,0.5870684724999999,0.6334064450000001,1.8486350249999999,1.9215628375,3.9040638675000006,4.0616808875,6.1694380961999995,5.928250321785,6.394509789224999,24.62832472482368,23.283587222116637,26.133480328725273
jython,125m,1.6GHz,1161.3,0.4900147,1.8911133999999996,3.4836058000000003,1138.39,1183.4125,0.4688172924999999,0.5165965674999999,1.8496722725,1.928326655,3.4038675025,3.5595898875000005,4.0501418313,3.876029845357501,4.216115477622501,14.143590940401277,13.20478473313434,14.979427191670082
jython,125m,2.0GHz,921.3,0.43389300000000003,2.2272826999999995,3.5217040000000006,893.095,947.9025,0.4143107,0.4521441775,2.1572972525,2.2944475325,3.41266165,3.6315087975,3.2519649078,3.0633344588500004,3.4532480106925,11.506073171879112,10.472186861310549,12.492360140391543
jython,125m,2.4GHz,760.1,0.37796029999999997,2.6123046,3.6889711000000007,744.1975,774.5024999999999,0.36126659000000005,0.3925139975,2.5515658075,2.668159375,3.6032307624999995,3.7681441775000004,2.8070823423,2.6891831820775,2.922594764815,10.3812455958499,9.70395025288238,11.04129062100323
jython,125m,2.7GHz,684.6,0.3618775,3.0011293,3.9887697,666.385,704.6025,0.34438394,0.38217271999999997,2.917866675,3.0878782075,3.8818983,4.1123257975000005,2.7359976798999996,2.5982055323275,2.9059336746,10.95834581402374,10.08646587610675,11.984403035556046
jython,125m,400MHz,4789.0,1.5422972000000001,2.6808165999999995,8.831506099999999,4704.8375,4875.0650000000005,1.5080747925,1.5777485225,2.6317984849999996,2.7305725675,8.685379522500002,9.002390029999999,42.3256551414,41.01875516806249,43.96011132509499,374.4092471489626,355.5775271151492,394.9022123668707
jython,125m,800MHz,2332.6,0.8516907,1.9802979,5.1249693,2293.2975,2366.04,0.8264338425000001,0.8772161625000001,1.9553963575,2.0038361525,5.0469881075,5.199998635,11.9616507278,11.6065722434525,12.317145463307499,61.37408104450193,58.36352124160385,64.12318665968583
jython,150m,1.2GHz,1537.9,0.6150452000000001,1.8780030999999997,3.8532105999999997,1505.795,1571.32,0.59133452,0.6389614949999999,1.83387862,1.9284925674999998,3.770877035,3.942703807500001,5.932818912100001,5.6887098296025,6.201430010155,22.91686445595979,21.378881172022545,24.445394593686043
jython,150m,1.6GHz,1143.4,0.5012633,1.8688414999999998,3.3616332,1127.4,1157.3,0.4839632075,0.5177986699999999,1.8377217224999998,1.90587394,3.303181625,3.4210253375,3.845738995,3.72163459602,3.9519850737574993,12.944600151527183,12.299774800618152,13.52093722494311
jython,150m,2.0GHz,919.6,0.43948349999999997,2.2351201000000005,3.46192,902.9975,935.105,0.42005452749999994,0.45713505000000004,2.1924016499999994,2.2710524175,3.3924131,3.5152687625,3.1861313555,3.05751923568,3.2811953583849998,11.048242532636136,10.422972681713185,11.527327157201617
jython,150m,2.4GHz,763.6,0.3814393,2.6178955999999998,3.6447449,750.995,776.5024999999999,0.3669719775,0.3956872875,2.5674847075,2.6739344425,3.58057875,3.7267667450000004,2.7855724925999996,2.682615953095,2.8977412586024998,10.172559670420949,9.59498068452275,10.776903399986214
jython,150m,2.7GHz,676.1,0.36103509999999994,2.9626769000000004,3.8890320000000003,665.4950000000001,686.0025,0.350083585,0.3729724750000001,2.9096560374999996,3.0180074900000005,3.8250723824999993,3.9547302025000004,2.6309274672000003,2.543489346495,2.71602809527,10.245352543102598,9.75574906581433,10.75810342406749
jython,150m,400MHz,4730.6,1.5187927,2.6344848,8.5730896,4614.7775,4834.232499999999,1.4835578175000002,1.5533906750000002,2.57174212,2.6980535574999998,8.373287000000001,8.7598134825,40.6067720205,38.781166320314995,42.31961953713499,349.00331969788516,326.820780770366,371.2123199246455
jython,150m,800MHz,2367.3,0.8515932000000002,1.9999450999999997,5.0051208,2338.6849999999995,2393.6025,0.82674803,0.872223405,1.9662149624999998,2.0296081999999998,4.9243685475,5.0756774,11.8539819247,11.525157296064997,12.149048369399999,59.392436531976514,56.80848244305599,61.68711037248751
jython,25m,1.2GHz,12608.3,6.968920800000001,15.0514466,33.0924439,12406.2625,12801.215,6.8586811075,7.0715365525,14.8230033575,15.284205585,32.59645932,33.55818743000001,417.50745755180003,404.06608786506257,430.5126431681,13833.965949229274,13163.293427926412,14465.658408841435
jython,25m,1.6GHz,9470.0,6.2285155,15.124291999999997,29.3985229,9354.147500000001,9602.6725,6.163739562499999,6.3161961625,14.9543219075,15.315922222500003,29.093582594999994,29.8038821375,278.51766525799997,272.08789937247997,285.71486145617246,8194.57617157227,7925.303247908973,8517.484443422554
jython,25m,2.0GHz,7943.6,5.7784729,18.449139499999998,30.7486695,7740.1625,8134.507500000001,5.6542937325,5.910132255000001,18.011266665,18.865995565,29.952450489999997,31.443749045,244.6226953296,233.349302194605,256.113960360295,7544.226753124077,7037.183304515576,8052.789877389222
jython,25m,2.4GHz,6529.3,5.1873778999999995,21.2169618,31.556414699999998,6415.092500000001,6671.594999999999,5.1070724225,5.284338175,20.838883414999994,21.618541849999996,31.005145900000002,32.177526385,206.245148564,198.566973763,215.24647067574998,6521.412932231175,6148.259635422791,6922.433218053081
jython,25m,2.7GHz,5948.6,4.9647704,24.3062988,34.0439879,5857.570000000001,6030.327499999999,4.899222447500001,5.0265488275,23.916418765,24.6799691625,33.540021762500004,34.5126006525,202.62059755650003,196.427176530505,207.7631228142925,6905.399621504342,6593.13699494593,7178.565977280263
jython,25m,400MHz,35472.6,13.302417,19.914331100000002,67.2271422,34833.875,36189.5275,13.092939889999998,13.5538358775,19.586536080000002,20.2662218525,66.07339954499999,68.5864896225,2386.7238440241,2307.2338964357828,2481.3681248017124,160726.24078194398,152647.64740801704,170318.96657848347
jython,25m,800MHz,18340.2,8.3858031,15.324060000000003,40.4963196,18010.8925,18657.087499999998,8.262318962499997,8.4885385825,15.083571335,15.5541927325,39.919076135000005,41.131759115,743.2553686893,717.9001655681676,766.9828025320174,30140.123960906698,28639.831121054944,31618.16304211944
jython,50m,1.2GHz,1566.3,0.6440857,1.9751892000000002,4.1111451,1534.7975,1606.82,0.602144075,0.7099172574999999,1.861473635,2.1750542449999997,3.9396876149999995,4.3862782475,6.461325572599999,6.035070290079999,7.099803389362499,26.916626857140763,23.87068604012652,31.821185164379603
jython,50m,1.6GHz,1176.5,0.5194211999999999,1.9111023,3.5397825000000003,1146.7975,1202.2024999999999,0.49964198,0.538870035,1.8583421624999998,1.965765925,3.4491644825,3.6285253725,4.1709716604,3.9646395669,4.3684548730275,14.811609735967247,13.734367069111684,15.908036863662094
jython,50m,2.0GHz,939.4,0.4582885,2.2604431000000003,3.5922669999999997,929.6975,949.0,0.44040215250000003,0.47463573500000006,2.2388955775000006,2.2819167825,3.5540616249999997,3.6305398550000003,3.3754753821000003,3.3067572567399997,3.44520878477,12.132654518969288,11.729323204624311,12.50477718477794
jython,50m,2.4GHz,780.9,0.40014659999999996,2.6619871,3.7778991,765.995,797.5025,0.38812818749999994,0.41158216499999994,2.6122301274999997,2.7162667825,3.708366985,3.8426085574999993,2.9529401010000003,2.8540265726675003,3.074813745035,11.175950298558117,10.577065914166116,11.817950985994031
jython,50m,2.7GHz,701.2,0.4178163,3.1346253,4.175738399999999,687.0999999999999,715.3025,0.39949945249999996,0.4349892825,3.00994383,3.2842064900000003,4.026970164999999,4.34147355,2.9317978157,2.77499427348,3.092829259725,12.308774815004284,11.15875818091859,13.550985998237145
jython,50m,400MHz,4835.0,1.5656128,2.6944885,9.0954287,4738.47,4942.33,1.51597141,1.6208766175000002,2.6330099175,2.7761055175,8.882197362500001,9.34076347,44.040063621600005,42.09756862892,46.3029985553025,401.8364694022232,373.8754649642661,435.3815288575127
jython,50m,800MHz,2342.3,0.8496034,1.9743104999999996,5.1269286,2307.1,2379.105,0.82695711,0.870472165,1.9288548975000002,2.01988149,5.0327925725,5.21895177,12.0173340669,11.595261307167497,12.4305735636175,61.70748543391677,58.61164336193349,64.87899499257212
jython,75m,1.2GHz,1541.1,0.6146178999999999,1.8732728999999995,3.969562,1516.6950000000002,1566.41,0.59263864,0.63829823,1.8406688574999999,1.9033166975000002,3.8930145449999998,4.042206355,6.1221400978,5.91561120011,6.328533511840001,24.34177340715656,23.070947414818413,25.612117873105362
jython,75m,1.6GHz,1146.3,0.495221,1.8590024999999997,3.4394653999999996,1126.0,1172.205,0.47724894000000007,0.5133712850000001,1.8245701025,1.8998736850000002,3.3853802625000005,3.5125334974999998,3.9465655032999996,3.8020307193524996,4.1189572929675,13.600986162881645,12.871652679871215,14.479312071432656
jython,75m,2.0GHz,931.3,0.4341614,2.2506774,3.5544799999999994,913.7925,947.2075,0.4144315475,0.4545114250000001,2.2104144900000002,2.2868506625,3.486423195,3.62393308,3.3131216121000002,3.1888334924175004,3.4318689158975,11.797215812236264,11.106113424096144,12.399762136573928
jython,75m,2.4GHz,772.7,0.38508890000000007,2.6336915000000003,3.7333375,758.0999999999999,787.0999999999999,0.368783595,0.40376971749999996,2.5852848450000003,2.6802748924999995,3.6643351074999995,3.8016275725000006,2.8874410204,2.775831225195,2.9934101956125,10.800155457660928,10.174460981811201,11.416608205399545
jython,75m,2.7GHz,702.5,0.38527219999999995,3.0636842,4.088348399999999,690.1975,713.6,0.3691158975,0.400831125,3.0084826225000003,3.1214799825,4.012679210000001,4.16058225,2.8742899198,2.7773599689999995,2.972052313825,11.771360261266674,11.183311854776196,12.357704393800663
jython,75m,400MHz,4755.6,1.5227294999999998,2.6585083000000003,8.9588134,4667.8,4830.5025000000005,1.4890920675000001,1.5510163475,2.5955511699999994,2.7117438600000003,8.7760702775,9.112537057500003,42.642893816900006,40.8841340884875,43.99430182906501,382.7435542791394,360.4697710671399,401.2220122735437
jython,75m,800MHz,2296.7,0.8234620999999999,1.9269286,5.006579499999999,2255.7975,2337.0074999999997,0.798297245,0.8481707249999998,1.8873472875000001,1.9627938700000003,4.917224077499999,5.0986118625,11.508421165200001,11.097789456492501,11.904906197185,57.718304272769004,54.760796572320835,60.79707683972999
luindex,13m,1.2GHz,2487.2,0.9815003000000001,2.3940614000000005,5.5894593,2399.7,2589.7324999999996,0.9471316449999999,1.0214837949999998,2.2972695100000005,2.4962777125000004,5.4132913625,5.79471639,13.9405127616,13.066811450425002,15.062677927905,78.3656020238868,71.35194622823704,87.19516244730423
luindex,13m,1.6GHz,2151.8,0.95282,2.5317931,5.385785,2000.78,2351.0775,0.8905216999999999,1.0338045675,2.3965483075,2.6871560175000004,5.071079555000001,5.720161074999999,11.727602659099999,10.17916685584,13.568595148547502,64.5938345172376,52.21245455420405,77.64950216588292
luindex,13m,2.0GHz,1800.4,0.8591370000000002,2.9898011,5.435211000000001,1703.6,1906.625,0.8220206275000002,0.89731597,2.8940610975,3.0913292224999998,5.249341117500001,5.625576065,9.8310935202,8.950259901619997,10.739017653655,53.86168065725743,47.4985716957424,60.55730456845991
luindex,13m,2.4GHz,1747.5,0.8456847999999999,3.5778013,5.9653197,1613.89,1895.2025,0.8112296375000001,0.8802817475000001,3.3822472725000003,3.7868789425,5.781121112499999,6.157010362499999,10.452438570800002,9.44301499903,11.5138871592825,62.682314040992594,55.564937092755656,70.57043388005395
luindex,13m,2.7GHz,1735.4,0.8360229,4.0796019,6.4532167000000005,1617.4550000000002,1867.7024999999999,0.80578768,0.868697635,3.8515257899999993,4.3527280699999995,6.241489390000001,6.7300923374999995,11.209533054900001,10.280518138365002,12.16636858324,72.65790064348602,64.8189966159279,80.89119044783209
luindex,13m,400MHz,8221.1,2.7579101,4.3049683000000005,14.582196099999999,7241.705,9246.905,2.4007105975000003,3.1323180500000003,3.6962893,4.891941725,12.804461660000001,16.567210432499998,125.0119002934,93.23324531636248,158.26405565638748,1980.3006436093551,1284.220744432202,2716.193842418176
luindex,13m,800MHz,3701.1,1.3599239,2.6597472,7.353820799999999,3451.895,4059.9125000000004,1.267336785,1.4973475575000001,2.49791032,2.9389177825,6.890350820000001,8.109270119999998,27.746872794899996,23.875338058600004,33.706192880645,212.90852723957005,164.2729019959965,290.9052872254898
luindex,26m,1.2GHz,2262.8,0.844879,2.1085877999999996,5.0118958,2089.875,2488.8225,0.7861460674999999,0.915909705,1.8244606650000004,2.479397665,4.664630970000001,5.3521498874999995,11.443412651,9.95441090375,13.27582650582,58.67590328100645,47.42497641897871,72.65591966380735
luindex,26m,1.6GHz,1601.8,0.6256470000000001,1.7554381000000003,3.8427064,1530.255,1678.7125,0.5936200675,0.6689997475,1.6537565375000003,1.8905720375,3.67302342,4.058540335000001,6.1856712918,5.64359845426,6.8472428958750005,24.049990806340844,20.885847428536344,27.868624662589774
luindex,26m,2.0GHz,1811.0,0.6872803000000001,2.1351135,4.4941102,1608.8925,1995.2025,0.626291795,0.7495412499999999,1.9916858675,2.3126674475,4.161730757499999,4.811845185,8.286433045899999,6.980967498019999,9.678683965177498,38.4237772711805,30.104562145506886,48.63998043566697
luindex,26m,2.4GHz,1738.5,0.6925294,2.8210754,5.1107484,1566.1999999999998,1923.02,0.6484775024999999,0.7491880949999999,2.5274360674999996,3.1692469575000004,4.813223005,5.437907299999999,8.9198618349,7.8517558779675,10.2667321552825,46.23082344707452,38.865415777670634,55.72291046157997
luindex,26m,2.7GHz,1659.9,0.6517396,2.9696596,5.1616089,1527.8975,1791.185,0.6007615599999999,0.7053118774999999,2.6886467224999997,3.39069571,4.7848438275000005,5.661005630000001,8.6813748691,7.4086745821275,10.200382081162498,46.35294092924779,35.98974327927731,59.25604084551246
luindex,26m,400MHz,4903.7,1.5523987,2.4722904,8.614599599999998,4413.1849999999995,5522.2,1.389861985,1.7636957724999995,2.1799000275,2.8538779075,7.729817565,9.775129747499998,43.8494295714,34.2323465818,56.837530942082495,410.4018373058264,265.930149703625,604.2393478139408
luindex,26m,800MHz,2647.2,0.9025207999999999,1.7934936000000001,5.1531861999999995,2490.0,2840.025,0.8499681325,0.9750075300000001,1.6692116324999997,1.9742540275,4.84491621,5.57826034,13.814379381999998,12.1205951861425,16.2549066105075,73.24785832952128,59.10026742096159,94.99795087166666
luindex,39m,1.2GHz,2139.9,0.8057740000000001,2.0913697,4.7635317,1911.07,2432.9625,0.6842580125000001,0.9389798175000001,1.7454352575000003,2.4856070525,4.1819191925000005,5.5134905299999994,10.6524238724,8.0602877492275,13.523962019632497,56.09986839079154,33.42287016193246,81.93676475605436
luindex,39m,1.6GHz,1746.5,0.6911620999999999,2.0538942,4.260949500000001,1605.4750000000001,1917.91,0.6186412049999999,0.779573435,1.8522934049999997,2.2621979175,3.8935099600000007,4.6493132225,7.601043121999998,6.34030389452,9.20561666301,33.878542717405736,24.864535528586316,43.90198697063011
luindex,39m,2.0GHz,1647.6,0.6514220000000001,2.2705139,4.3671873,1546.8825000000002,1772.57,0.6085616174999999,0.6946465974999999,2.0825583174999998,2.4768182250000006,4.096788447500001,4.612417075,7.243382932499999,6.4498430875000015,8.1605153243275,32.131724245923905,26.731254886215737,37.47722300017657
luindex,39m,2.4GHz,1794.6,0.6881896000000001,2.7420470999999997,5.032415800000001,1644.7475,1927.2075,0.6395831275,0.731666395,2.491280785,3.0499956525000003,4.75417692,5.3279564625,9.0625126229,8.096420253635,9.974853053240002,46.14388935031597,38.96844272081049,52.73098196665748
luindex,39m,2.7GHz,1809.3,0.6826232,2.9063904000000003,5.2137759,1702.26,1919.73,0.6591029475,0.7055873025,2.7873602075,3.0461499949999995,5.08179725,5.328157082500001,9.445467214299999,8.839706098859999,10.1048324759475,49.37958565645496,45.22358106619299,53.517699251400266
luindex,39m,400MHz,5211.7,1.6612121000000002,2.6443361000000003,9.0309507,4445.4800000000005,6178.155,1.4143491000000001,1.991019255,2.202660750000001,3.2038196224999997,7.6317179975,10.721655485,50.741222352099996,34.2177451002725,72.41051438465497,539.402634336028,267.22792079783477,895.2342315868401
luindex,39m,800MHz,2937.0,1.0165773,2.0390381,5.6652645999999995,2589.19,3352.7075,0.8781346425000001,1.172858525,1.6923806475000003,2.4026979975,4.907410765000001,6.544699554999999,17.4324563979,12.543690763407502,22.478853399952495,109.4363340209359,67.45490327437436,161.23844253876592
luindex,52m,1.2GHz,2155.9,0.789862,1.9004455,4.592925899999999,1915.6775,2414.0625,0.6843586899999999,0.9064316774999999,1.6585027625000002,2.279825365,4.069451964999999,5.306733757499999,10.2813905665,7.899230143829999,13.061731962294997,51.37588797908954,33.30918133857835,75.02883583995143
luindex,52m,1.6GHz,1760.4,0.6650696,1.8623655999999997,4.0729736,1597.7275000000002,1951.9525,0.6073105199999999,0.7442796875,1.672435225,2.14462032,3.7513166200000008,4.527918785,7.3191610729,6.0284245528225,8.851852817354999,31.249005823925547,23.228014901045082,42.403065037564375
luindex,52m,2.0GHz,1693.0,0.6296142,2.0564881,4.1911866,1560.1975,1825.0075,0.5804057950000001,0.6778761824999999,1.9196917325,2.3059026725,3.9136862275,4.5374129375,7.1684372953999995,6.200724810565,8.033535466439998,30.744586417506486,24.637496104949015,37.132177063310145
luindex,52m,2.4GHz,1777.9,0.6743532,2.7180237999999997,4.9751892,1621.8975,1911.0100000000002,0.622869695,0.723258925,2.5805107924999997,2.8794190274999996,4.6948640325,5.27038704,8.9383547065,7.786779489820001,10.072697059325,45.31578704974659,37.11616416563034,53.88380590041174
luindex,52m,2.7GHz,1718.6,0.6608463,3.0262939,5.2221862,1546.9875000000002,1890.8325,0.5969628250000001,0.7408326475000001,2.72911914,3.4659741400000006,4.787040012499999,5.849110842499999,9.154323717,7.592678991485,11.140509832412503,50.43546300021169,36.766391236682495,69.3556528098847
luindex,52m,400MHz,5542.9,1.7816528999999999,2.9267333,9.687585599999998,4854.05,6369.4775,1.53962598,2.0403943825,2.4775425275,3.40654145,8.423208670000001,11.0654317525,56.4542095852,40.65903987384251,71.69928201457249,604.1730607865586,368.7860885474231,858.1989723615026
luindex,52m,800MHz,2948.3,1.0190548000000001,2.0857177,5.724963600000001,2609.1475,3341.2599999999998,0.8752855300000002,1.1762930575000001,1.79640992,2.41863491,5.061013072500001,6.611779414999999,17.6577915942,13.431419141297496,23.0759010474925,111.25095074213573,69.23856728620991,165.3185956912065
luindex,65m,1.2GHz,2111.5,0.7655700000000001,1.9194213999999998,4.544812,1889.88,2410.1825,0.6757156825000001,0.8956681424999999,1.696522095,2.2917830875000003,4.0955236,5.267203867499999,10.0097890714,7.794415947470002,13.414978860707498,50.43313900086929,31.73605251234226,80.30418955897414
luindex,65m,1.6GHz,1700.2,0.6376285,1.8791565999999995,4.006988399999999,1557.9875,1870.415,0.5857460525,0.698533175,1.74031679,2.0801321025000004,3.7119952299999994,4.3544849425,6.934026252699999,5.806042591220001,8.3670080737975,28.82089431955431,21.847686598673715,38.241755851305356
luindex,65m,2.0GHz,1740.5,0.6764095999999999,2.3587829,4.5652283,1524.3300000000002,1947.6075,0.59637369,0.7540802074999999,2.1219151425,2.6495373824999997,4.134183237500001,5.0110996625,8.126806560999999,6.558717133167502,9.732807770712501,38.65928770914617,28.73000295227491,48.45622490680334
luindex,65m,2.4GHz,1705.4,0.6791503999999999,2.9265015,5.1105346,1600.895,1793.1075,0.6162540925,0.76185569,2.5414837775,3.429267765,4.643771265000001,5.742970507500001,8.8135620383,7.545819632357498,10.481900469762499,47.13101546659085,35.57131119597134,63.34543165113721
luindex,65m,2.7GHz,1887.5,0.7289247,3.3498231000000005,5.7575986,1779.2949999999998,1994.9175,0.6776773625,0.7823952150000001,2.9797770575,3.7463222024999996,5.315278007500001,6.2556732725,10.9487503436,9.72788915885,12.343056759904998,64.68795919046246,51.34515958092211,80.58984932054969
luindex,65m,400MHz,6343.9,2.0548218999999994,3.3575012,11.085016,5279.7525,7419.8425,1.7074686225,2.400234445,2.7462550199999995,3.9664583399999995,9.317449610000002,12.9860747,75.425861866,51.95119039766,97.76268524939248,950.6669576126511,552.1758650405008,1400.8946709440788
luindex,65m,800MHz,2962.7,1.0192261,2.1367920000000002,5.7824466,2658.295,3335.8150000000005,0.896017225,1.1489951099999998,1.8472140750000001,2.4463039699999998,5.095910932500001,6.526447557499998,17.756692008699996,13.612621131915,22.500852500349996,110.81358471976046,73.37243235626576,157.97054263244516
luindex,78m,1.2GHz,1929.4,0.6962402,1.7765382000000003,4.174072499999999,1793.8675000000003,2087.025,0.6405511874999998,0.7746473399999999,1.6574821200000003,1.9381516875000002,3.9231549875000002,4.5685105875000005,8.174926025199998,7.03740548363,9.669695835177501,35.24230582454491,27.909647182393318,45.86001111593408
luindex,78m,1.6GHz,1631.2,0.6449647000000001,1.9109741000000002,3.9710384000000003,1525.185,1745.2075,0.5832074249999999,0.7171692649999999,1.7513858974999996,2.09180997,3.6900314649999992,4.3274232775,6.5641368702000005,5.685044003535,7.698359964587499,26.88600745329012,20.955890459124316,34.062542028621166
luindex,78m,2.0GHz,1656.7,0.6608031,2.5574403999999995,4.651971400000001,1574.2725,1738.5124999999998,0.61564924,0.7022429674999999,2.2620026199999996,2.8904861325,4.2289271,5.052783042499999,7.761182517900001,6.837786941269999,8.619126200137499,37.01032115199955,29.826339606143936,43.87863833648067
luindex,78m,2.4GHz,1721.9,0.6490417999999999,2.6309204999999998,4.810504,1512.5775,1894.73,0.5830741375000001,0.7108977975,2.4748621899999996,2.82723915,4.4888204475,5.160009952499999,8.419057808000002,6.963233038945001,9.903265287155,41.62737812729615,32.27460132903163,50.376568691428325
luindex,78m,2.7GHz,1759.7,0.6569518,3.0250673000000003,5.2507506,1520.255,2038.4824999999998,0.5939203925,0.7276240449999999,2.7047362025000004,3.3985047150000005,4.893821194999999,5.6345850175,9.3703990532,7.6268360915225,11.2484339408025,50.57713059947866,38.34446165221543,65.81199034043232
luindex,78m,400MHz,4601.7,1.4577577000000002,2.3570253,7.983520499999999,4217.8975,5306.655000000001,1.3277938699999998,1.6763098699999999,2.1357297825000003,2.743773085,7.30073082,9.1667496225,38.44882417539999,30.829175269265,52.084728234284995,342.32311160478855,225.0082715885755,559.3248041013262
luindex,78m,800MHz,2633.0,0.9153990999999999,1.9902895,5.2409606,2467.5775000000003,2896.0125,0.8366578875000001,1.0381279499999998,1.7020248025,2.3782302075,4.7550902225,5.9196897349999995,14.106192478299999,11.6998662088075,17.80054722146,78.27727748703538,56.48167608781965,112.52864198294846
lusearch,10m,1.2GHz,1098.4,0.4731504,1.2955566,2.6758117,1082.5975,1109.9,0.45603397749999997,0.485850415,1.27390393,1.3208274875,2.6325351500000003,2.7143255724999995,2.9405015438000004,2.8508958869175,3.01279768233,7.8770829283052475,7.5187881323446994,8.168632343283443
lusearch,10m,1.6GHz,833.4,0.4106263,1.3245973000000002,2.3961794000000003,823.5,843.4024999999999,0.3872115225,0.43340296749999996,1.2855894500000002,1.3773680099999999,2.3396324725,2.4693283275,1.9985683591999996,1.9303428922925003,2.0818991382224996,4.8026704717919815,4.513523251708226,5.1746694770728
lusearch,10m,2.0GHz,661.7,0.3635558,1.5284239,2.412671,655.7974999999999,669.6,0.3568777425,0.37147305999999997,1.50596259,1.552839325,2.38396929,2.4432500575,1.5970024224000001,1.563055733265,1.6364598298575004,3.856035888546142,3.732644142789917,4.0073033692279205
lusearch,10m,2.4GHz,548.7,0.32480459999999994,1.8009826999999998,2.5464048999999997,543.3974999999999,554.3025,0.31887723500000004,0.33158072,1.7806562199999998,1.8216006125000002,2.522673065,2.5717093999999996,1.3975001921,1.3729819463025004,1.4246350930925,3.5602242069268755,3.4691566319964746,3.6660503582073396
lusearch,10m,2.7GHz,495.5,0.33510740000000006,2.0634887,2.7656556,491.9,499.6025,0.31957958249999996,0.36013302500000005,2.0425724575000004,2.0846862975000002,2.7477352225,2.787994565,1.3704802577,1.3545854209000001,1.38758388514,3.791056274333338,3.721324960786725,3.865971989037138
lusearch,10m,400MHz,3380.8,1.1394287,1.8631105000000001,5.985937600000001,3355.9875,3408.3025,1.1300415475,1.1472599600000002,1.8481536375,1.8798474699999999,5.954642807499999,6.016028967499999,20.239126083700004,20.000244254484997,20.5036108122925,121.17073187485066,119.18276090163612,123.36638241621905
lusearch,10m,800MHz,1682.7,0.6332339,1.3768555,3.4451352999999996,1663.1925,1699.2150000000001,0.6257866774999999,0.64101591,1.3526403075,1.398979735,3.4041622375,3.4852198449999996,5.7988019777,5.678906995195,5.9149727930900005,19.990767768550892,19.347464636533882,20.661054319535886
lusearch,15m,1.2GHz,1112.6,0.5987671,1.4085205,3.0718081,1105.695,1120.2024999999999,0.5862545975,0.6136171575,1.3919870650000001,1.4282171549999998,3.0478017800000003,3.096052635,3.4178727766000003,3.3793910913724994,3.4579588277749997,10.50120131329039,10.287998710021458,10.689819380247725
lusearch,15m,1.6GHz,835.5,0.5323183,1.4155459,2.8193967,831.6975,839.0999999999999,0.5254329400000001,0.5409658274999999,1.3972446050000003,1.4335301049999998,2.793138275,2.8431140899999994,2.3557661352,2.327727622965,2.3838206941049997,6.643722069834024,6.500635739776997,6.782454563229696
lusearch,15m,2.0GHz,679.0,0.486255,1.7937683,2.9764098,652.995,725.7,0.4323577950000001,0.5825758449999999,1.6082646975,2.14016741,2.6590637999999998,3.5410796675,2.0718205258,1.7443393444725002,2.6711429126125,6.881256977037298,4.629896244947911,11.010933539032845
lusearch,15m,2.4GHz,546.4,0.39749139999999994,1.9450803,2.8326234,540.9000000000001,552.0999999999999,0.38840182,0.40646009,1.9148105125000001,1.9770290025,2.7895602399999997,2.8746379274999994,1.5481665092,1.5121671321299999,1.5853453107475,4.389011576168497,4.223175088108751,4.557361772058524
lusearch,15m,2.7GHz,490.8,0.3672668,2.1864932,2.9889403999999997,484.3,497.0,0.36056311249999995,0.3767283725,2.141092295,2.2301280825,2.9309115225,3.0428993249999996,1.4678800765000002,1.4216968619700001,1.5095969418650002,4.3942138590100415,4.15442276515143,4.59618992115367
lusearch,15m,400MHz,3364.5,1.2146180000000002,1.8929504000000001,6.1812071,3315.495,3426.5099999999998,1.1580984825,1.2728854649999997,1.8399214074999999,1.9436513275,5.988482457500001,6.395549915,20.8125499175,19.9099480639125,21.773682263054997,129.10958860728442,119.55367924242115,138.88961861958452
lusearch,15m,800MHz,1691.0,0.7740723,1.4260374,3.8014649000000005,1677.6,1703.7024999999999,0.7632995475,0.7841435575000001,1.40093095,1.4491935525000004,3.7576009300000006,3.84078609,6.429506567200001,6.300316592475001,6.53410503284,24.453725697073498,23.660496562571982,25.088690838713887
lusearch,20m,1.2GHz,1080.3,0.46476449999999997,1.282788,2.6415284000000008,1069.4,1092.8025,0.447299655,0.48847111249999997,1.2484309349999998,1.3274760725,2.5842182374999996,2.7044614050000004,2.8553038934,2.76723487321,2.9591676586624995,7.55774159968976,7.156651589817133,8.031150330323184
lusearch,20m,1.6GHz,813.1,0.39775400000000005,1.2693297,2.3212342999999995,804.7974999999999,820.6025,0.38398841000000006,0.4203696975000001,1.2464464374999997,1.2953635399999999,2.2847210700000007,2.3596044175,1.8881093907,1.842686832055,1.9344161572775,4.387546239014224,4.214544416073298,4.561012665776991
lusearch,20m,2.0GHz,649.8,0.3518063,1.5049011,2.3690918,642.7,657.0,0.344944525,0.358447515,1.4681805075,1.54542402,2.3222024625,2.4188456725000003,1.5402978054,1.4946056847725,1.58980861078,3.655231306569071,3.47270064159695,3.839971812302855
lusearch,20m,2.4GHz,547.6,0.31824949999999996,1.8770751,2.6231507,539.395,556.51,0.2942369225,0.3377029775,1.8255443025,1.9270658025000003,2.555058005,2.6831266974999997,1.4376247973000003,1.3863206711375002,1.4899076173124999,3.779591653980443,3.5374025123241752,4.004186169608886
lusearch,20m,2.7GHz,482.3,0.3044739,2.0134701,2.6860351000000007,478.5,485.9,0.29279168750000006,0.31497180250000006,1.9883881499999998,2.0354893699999996,2.659633945,2.7107507975000003,1.2956433811,1.2738335669649998,1.3157519526325,3.481581028183281,3.3898692955625975,3.5734845418253594
lusearch,20m,400MHz,3353.7,1.2148255,1.9432617,6.4209473,3311.3825,3395.5,1.1894750575,1.24612009,1.84153304,2.1177221574999994,6.2648254775,6.638974762500001,21.5504712649,20.787264831507503,22.4282298538,138.82591789225611,130.3030863339782,150.1866301699396
lusearch,20m,800MHz,1667.7,0.6451781999999999,1.3624329000000002,3.4233336999999997,1651.2,1688.605,0.6207343575,0.683088265,1.3384415275,1.3869618,3.3735447874999998,3.4735625699999995,5.7111862899000005,5.581543666699999,5.8772665570000004,19.569991326891095,18.79537010699211,20.34500408341741
lusearch,25m,1.2GHz,1076.7,0.4844177,1.2907654000000002,2.6571287999999997,1063.3,1090.605,0.45360659,0.5317613849999999,1.2678892925,1.3136666725000001,2.6058773425,2.7156180375000005,2.8628791948000005,2.7742044830625,2.9692965855524998,7.621198142494355,7.245263556506003,8.077136630739552
lusearch,25m,1.6GHz,803.2,0.3907836,1.2590636999999998,2.2965698999999997,790.595,814.0,0.37868482,0.40097710999999997,1.2357249175000002,1.2849006199999997,2.2467155950000004,2.3373058699999993,1.8459418719999998,1.7801108855575,1.9045884705475,4.246520479701471,4.011255134068822,4.452958800946234
lusearch,25m,2.0GHz,645.0,0.3654967,1.5128970000000002,2.383069,636.4,653.9000000000001,0.35094991999999997,0.38045680750000005,1.4876675325000002,1.5345468625,2.3515387499999996,2.412900105,1.537695862,1.49989413255,1.5807468207050002,3.667665065347099,3.5261656645850707,3.8225613638090015
lusearch,25m,2.4GHz,538.3,0.31477049999999995,1.7801148999999998,2.5065125000000004,531.0975,545.4,0.30624374750000005,0.3240075425,1.7468140675,1.8131701775000004,2.4597565025,2.5513981600000006,1.3500689221,1.3070434109875,1.3925820191650002,3.3888604836179623,3.2024543166622865,3.5440776442954522
lusearch,25m,2.7GHz,479.1,0.30518809999999996,2.0090148,2.6797303999999995,475.3,483.3,0.2974244,0.31352092,1.9800789025000003,2.0367716175000004,2.6449482275000005,2.7123388125000005,1.2841897452,1.2567850492600001,1.3103757338575002,3.4436231585957486,3.324276113359174,3.5571472948684772
lusearch,25m,400MHz,3286.8,1.1380433,1.8207701999999997,5.8747681,3252.9925,3321.5075,1.12139467,1.15232108,1.7925186749999997,1.846748175,5.8080331075,5.93981757,19.3149726792,18.88917698964,19.77995734651,113.5429853956266,109.9600461027674,117.5210340363391
lusearch,25m,800MHz,1650.4,0.6294800000000002,1.3623536,3.3940551999999995,1631.1975,1670.8125,0.6155915875,0.6419323725,1.3317502399999999,1.396482725,3.334517439999999,3.4521995924999995,5.6044884468,5.440652149647501,5.764587395357499,19.04622575896869,18.184943585550176,20.028073667306824
lusearch,30m,1.2GHz,1067.6,0.4620545999999999,1.2568785000000002,2.5993957,1054.5925,1081.0075,0.448326925,0.4749394424999999,1.2328766549999999,1.28135869,2.5655636,2.6388407124999995,2.7762261576,2.6999420397775,2.8406411581625,7.223505523998881,6.929914956592,7.494961012270289
lusearch,30m,1.6GHz,807.6,0.3977904,1.2742251999999998,2.3189512999999997,800.0999999999999,815.3025,0.3805470450000001,0.4179826299999999,1.258255845,1.2899966174999997,2.2864580775,2.3539826175,1.8733052917,1.8358378504000001,1.9214548478874998,4.347799131550746,4.18799658288229,4.529290890429914
lusearch,30m,2.0GHz,643.9,0.3555908,1.4841126,2.3407654,637.4975000000001,649.6025,0.33526593500000007,0.382447125,1.4607757525,1.506162975,2.305692245,2.3709227999999998,1.5075878738,1.47429249265,1.53617349988,3.5315786386598456,3.3993136124556727,3.647859029548727
lusearch,30m,2.4GHz,528.2,0.31305549999999993,1.7436159,2.4626465000000004,517.5,536.5,0.2940480725000001,0.3304305875,1.710572155,1.7755542899999999,2.4068787449999998,2.5095718799999998,1.3019742558,1.250300561645,1.3445469904749998,3.2126540100888947,3.0136007062693695,3.378099043544646
lusearch,30m,2.7GHz,476.0,0.30255730000000003,2.0002745000000006,2.6623595,469.995,480.9,0.29361417250000005,0.31062197750000003,1.9787415,2.0233172825000003,2.6292960900000004,2.6951476,1.2676931265000002,1.2337691197625,1.2927199918075,3.3774828567536717,3.253382340543001,3.490278772486044
lusearch,30m,400MHz,3249.7,1.0945923,1.7580199999999997,5.723749,3229.9900000000002,3272.0025,1.0833820725,1.1077963825000001,1.7374809900000001,1.7836807799999999,5.6729975825,5.7731415425,18.6031011301,18.315188622552505,18.864016453422497,106.51605110923859,103.93291598620509,109.1644654690281
lusearch,30m,800MHz,1644.5,0.6290648000000001,1.3494142000000002,3.3769529,1631.2975,1657.9050000000002,0.607332445,0.6564576524999999,1.3253936000000002,1.3754402074999998,3.3333887324999996,3.4280097174999997,5.554966737700001,5.433968120252501,5.673399958077499,18.77412308761118,18.085671881260073,19.459516277085257
lusearch,5m,1.2GHz,2701.2,1.2779239,3.2514403,6.6756896999999995,2322.2700000000004,3138.4025,1.07143776,1.498687275,2.78059276,3.7478338099999995,5.677204489999999,7.7247000324999995,19.0735598092,13.220353961152501,25.099909198464992,142.46181851976107,83.87764903420266,207.38315798721575
lusearch,5m,1.6GHz,2432.4,1.3934385,3.8458191,7.111828700000001,2103.5600000000004,2752.1225,1.1597564,1.60252861,3.3422088925,4.31307768,6.106139472500001,8.0126954,18.103893540500003,13.596910693635001,21.87035904258,139.46222275630686,93.83721682218717,184.71894292949378
lusearch,5m,2.0GHz,1950.0,1.3113221,4.5188599,7.292798,1670.76,2204.82,1.07099893,1.5186077299999998,3.90263877,5.119845445,6.1336568924999995,8.21568762,14.987092874500002,11.177259840332502,18.505491199425006,119.64491336960398,80.46153863614069,158.41776194904375
lusearch,5m,2.4GHz,1491.0,1.0702333,4.9035157,7.071472399999999,1253.4925,1717.8325,0.8969884074999999,1.2541414149999999,4.217021127500001,5.6664399,5.9838766125000005,8.151917764999999,11.172014686199999,8.1687883639075,14.40133366935,88.01210457017741,51.808956993691766,122.09928427884165
lusearch,5m,2.7GHz,1425.6,1.1024474999999998,5.849554599999999,7.9598939999999985,1205.6875,1646.7075,0.9067814550000001,1.2815689849999998,4.9586029300000005,6.74735927,6.757088205000001,9.1666669225,12.0448190425,8.64086093379,15.278760677070004,106.40375276351776,66.39682014410745,142.4358043465749
lusearch,5m,400MHz,8371.0,2.9828002,4.6565978999999995,14.898168900000002,7057.6,9690.3875,2.4613157825,3.4744847974999997,3.9242933549999997,5.4440636875,12.7415867725,17.391715649999995,133.3197970954,89.94467378185001,174.9526477712825,2250.5226478499817,1319.111905080768,3205.181852564438
lusearch,5m,800MHz,4585.2,1.8997987000000003,3.8332155,9.5049623,3874.755,5283.7,1.5791070975,2.1927883925000002,3.2744489724999997,4.417837215,8.101942530000002,10.972515677499999,46.1504351776,33.68301478397749,58.3022402635325,485.8870089898484,307.94350410675753,666.4817058878126
pmd,14m,1.2GHz,377.8,0.199353,0.4489382,0.9434939,371.3,384.4,0.18209174,0.2185594325,0.44173538749999997,0.45560960749999996,0.9201149600000003,0.9684005675,0.35683832680000005,0.34185507136,0.37301511629000006,0.3376612110154066,0.3139622358117451,0.3611279125169214
pmd,14m,1.6GHz,279.0,0.17373659999999996,0.43686500000000006,0.8180788,265.5975,289.4025,0.15776283500000002,0.19045542250000003,0.415312635,0.454659195,0.7736928675,0.8552458875,0.22951351209999996,0.20838107250750001,0.24914267458249995,0.18989555129208271,0.16478035132311036,0.21364382024289869
pmd,14m,2.0GHz,219.6,0.15136100000000002,0.5067385000000001,0.8165832,212.3975,225.6,0.140173085,0.164298115,0.49277930000000003,0.5219932374999999,0.7942415525000001,0.8369383000000001,0.17965687970000002,0.1693048028175,0.1889722590375,0.14722573108942066,0.1353880215833359,0.15802300061426527
pmd,14m,2.4GHz,188.0,0.136035,0.6387694999999999,0.91062,180.6,192.9,0.12939438250000002,0.1420653525,0.6089337600000001,0.6639434000000001,0.87000013,0.9396028549999998,0.1716334121,0.1601112576375,0.17966645530750003,0.15721615509977632,0.14085272316862552,0.16841866104426936
pmd,14m,2.7GHz,173.2,0.1344911,0.7238648999999999,0.9771301000000001,170.8,176.0,0.1309197825,0.13834260999999998,0.7136212700000001,0.7344390075,0.9639267149999999,0.9915697824999999,0.1693236582,0.1647071115525,0.17441121897249998,0.16561537599539938,0.15849003299882855,0.17238256867251667
pmd,14m,400MHz,1066.8,0.3923888,0.5879761,1.8954467000000002,1037.885,1093.1,0.3739280375000001,0.4112798750000001,0.5705962475,0.6026137700000002,1.8396327275,1.9441880275,2.0258082028999995,1.9064000351900001,2.1193886280450003,3.8540331309484257,3.554780902118852,4.138901306678334
pmd,14m,800MHz,557.8,0.24306010000000003,0.46613150000000003,1.1643006,536.9925000000001,571.9000000000001,0.23222747,0.2545040049999999,0.44316166250000005,0.48712526250000004,1.1176441300000002,1.2066343000000002,0.6515687402999999,0.60486636232,0.687526830325,0.7639889558023845,0.6841461415489997,0.8353690692016084
pmd,21m,1.2GHz,373.5,0.20004909999999998,0.444214,0.9345152000000001,364.4,382.8,0.181375655,0.22085269500000002,0.4337575275,0.45542136749999995,0.91037753,0.9580028224999999,0.3495299692,0.33391916471000005,0.3662821806975,0.32763480242694937,0.3062482955451488,0.35390288762305105
pmd,21m,1.6GHz,282.3,0.1634947,0.4459411999999999,0.8227538000000001,279.1975,285.6025,0.1486069225,0.17781904749999997,0.43895615,0.4535977024999999,0.8148729724999999,0.8316714575,0.232291084,0.22803454363499998,0.236281202705,0.19119157348442503,0.18571100525791745,0.19637494834971897
pmd,21m,2.0GHz,226.6,0.1533753,0.5357238000000001,0.8554689,222.6,230.8,0.14500034250000002,0.1656277525,0.5231134949999999,0.55152325,0.8345158399999999,0.8808425824999999,0.19404738959999998,0.18581329023,0.20277139281749998,0.1665024468605622,0.15528672826881573,0.17810056538154329
pmd,21m,2.4GHz,184.3,0.1357971,0.6118408,0.8798707,178.0975,189.9025,0.126982825,0.1432760025,0.58554161,0.6373239025,0.8476609724999998,0.9119856099999998,0.16265228020000003,0.15110771147500002,0.1732592782075,0.14404093354951858,0.1288641189018603,0.15750915772532426
pmd,21m,2.7GHz,167.4,0.12520130000000002,0.7117678,0.9567017000000002,162.9,172.5,0.1180773875,0.13137489,0.691851945,0.7315927100000001,0.9280218625000001,0.9862809275,0.1604795677,0.1511575462475,0.1701647506,0.15420753377771668,0.14146011703102734,0.1681459653915411
pmd,21m,400MHz,1060.8,0.3927186,0.5850402000000001,1.8862608,1026.395,1091.7,0.37429830000000003,0.41218326250000004,0.5657148750000001,0.6025005824999999,1.8270025024999998,1.9422609575,2.005900475,1.88450435334,2.1250113019975,3.802284608578695,3.4370248591119426,4.151011647762552
pmd,21m,800MHz,540.3,0.2415953,0.4519959,1.1332885000000001,518.9975,558.1025,0.21918844,0.26707247500000003,0.4331618175,0.4671604125,1.0884368925000003,1.1724912550000002,0.6142102239,0.5698966456075,0.6515823018499999,0.7008718085107931,0.6199469719505175,0.7676753396472425
pmd,28m,1.2GHz,337.3,0.1775207,0.4010499,0.8406128,316.995,356.0,0.16056245000000002,0.1945923,0.37952253250000006,0.42191526500000004,0.7947715325,0.8831706725,0.28585426540000003,0.25320872110500003,0.31765629421999997,0.2440670484748036,0.2050676778338766,0.281737209092993
pmd,28m,1.6GHz,253.3,0.1571165,0.4027529,0.7513369,237.6,268.1025,0.1331959375,0.18026933999999994,0.37796806499999996,0.42957017750000004,0.701250125,0.7998861275000001,0.1921679819,0.16921788181250005,0.2141411729675,0.1473666014991227,0.1188720196338574,0.17358681822262748
pmd,28m,2.0GHz,212.9,0.1358701,0.5106141,0.8075317,201.2,221.4025,0.123361405,0.14795134,0.4830240075,0.5418101075,0.76623865,0.8517952125,0.1728832868,0.15606760686499999,0.187678590675,0.14129397369341182,0.12233810394857622,0.16058531051985225
pmd,28m,2.4GHz,173.4,0.1280946,0.5831177000000001,0.8366519,165.195,181.2,0.121013585,0.13576100750000003,0.5553586975000001,0.607440855,0.7939999874999999,0.8731783899999999,0.14588999,0.13283168984000002,0.1581557946775,0.1234098721682922,0.10668121535610377,0.13820071188766925
pmd,28m,2.7GHz,151.0,0.1211364,0.6373416000000001,0.8625426999999999,142.2,159.7025,0.11436099,0.1287445025,0.59696186,0.6739656600000001,0.8123881075000002,0.9125362475,0.13139967400000002,0.1158983688325,0.14642946631249998,0.11539815630602121,0.0944571267308919,0.13593134502190019
pmd,28m,400MHz,1051.6,0.3784178,0.5890504,1.8760801999999999,1030.1925,1075.3125,0.371111245,0.38512006,0.5751469975,0.6050574175,1.8331223275000001,1.9179079575,1.9753448084999998,1.8957988109,2.0706835121375002,3.715090072777177,3.474036345216811,3.964699040132329
pmd,28m,800MHz,533.9,0.23990490000000003,0.4322388999999999,1.1021665999999997,513.8,553.22,0.22384578,0.2610363825,0.4151234875,0.4473953725,1.05890011,1.1475622725,0.5906836120000001,0.5469790921225001,0.6316269653749998,0.6561822862322355,0.5807631985462639,0.7265312292115742
pmd,35m,1.2GHz,352.8,0.1861571,0.4269959,0.8870177,339.9975,363.6,0.16729608249999997,0.20703887749999997,0.416535775,0.4372545875,0.8649097825,0.9065075724999999,0.31353995970000004,0.295817628405,0.3284520122425,0.2790199690533419,0.2560455162477568,0.29739935591302114
pmd,35m,1.6GHz,255.7,0.1533508,0.403021,0.749182,241.2,269.8075,0.13661788749999998,0.1684637125,0.3807888,0.424346095,0.7040515325000001,0.7926812524999999,0.1932596399,0.17054188913499999,0.21422845546,0.1473987863473273,0.1233503021448967,0.17064271468795592
pmd,35m,2.0GHz,212.5,0.1504152,0.4901002,0.7933351,200.9,223.105,0.1406900025,0.16084716249999997,0.4623188774999999,0.5221996174999999,0.7498313775000002,0.8372058874999999,0.1698877566,0.15081566470749996,0.1887485992725,0.13691534932979238,0.1136150886120988,0.15889553945681367
pmd,35m,2.4GHz,178.7,0.1217835,0.6027464,0.8552979,170.4,186.2,0.11225503999999999,0.130689405,0.571352995,0.6302683699999999,0.8136079024999999,0.8935089549999998,0.15368183529999999,0.14072339632499994,0.16621159639750002,0.1328437142435193,0.11590334391282793,0.1486168450590849
pmd,35m,2.7GHz,154.6,0.11878069999999999,0.6481261,0.8743652,148.8975,160.7,0.11160508,0.1259600225,0.624583165,0.6738773625,0.8399258874999999,0.9065709125000001,0.1356933234,0.12547947035499998,0.145789171085,0.1195788126869876,0.10614805388481567,0.13450989417088283
pmd,35m,400MHz,1016.8,0.378601,0.5799987,1.8318237000000004,977.2975,1046.8,0.3598091075,0.3944093075000001,0.55611041,0.6027108125,1.763026465,1.8822726625000001,1.8678761130000001,1.7421334497799998,1.9689816845349997,3.440543626963854,3.1048958408076937,3.7175996930928807
pmd,35m,800MHz,530.7,0.24888340000000003,0.46439810000000004,1.1403747999999998,498.4975,558.7025,0.2196597475,0.28842622749999997,0.4153230825,0.5281264825,1.0490168375,1.2456545574999998,0.6116996241,0.5331782193925002,0.6979940519400001,0.7199803020325259,0.5591415266876849,0.9129963046244702
pmd,42m,1.2GHz,357.3,0.1792664,0.42590330000000004,0.8860412999999999,339.59000000000003,370.305,0.1624084975,0.1921811025,0.40748117749999996,0.4405245425,0.8349525499999999,0.921365045,0.3182440358,0.28615534862249997,0.3400977995225,0.28489024561650816,0.24895164401102046,0.3158356953099802
pmd,42m,1.6GHz,254.8,0.1591798,0.4107481,0.7627929,241.4975,267.3025,0.14330811499999996,0.17206190999999998,0.38799785499999995,0.42994893999999995,0.715199005,0.7988773625,0.19561816650000002,0.17515194549250002,0.21252749301749999,0.1512097587384933,0.13010431531703465,0.17088076576060243
pmd,42m,2.0GHz,205.8,0.13805550000000003,0.48364250000000003,0.7749512,196.0,214.5,0.1296367025,0.14806551,0.46179519499999994,0.5038162325000001,0.74094062,0.8049675399999999,0.1602462667,0.14540208606250002,0.1730626730925,0.12529037339377969,0.11015485826407222,0.13962154032630666
pmd,42m,2.4GHz,176.4,0.13157329999999998,0.5898557999999999,0.8465088,167.7,184.2,0.12517558,0.13848896,0.5601390125000001,0.61937606,0.806717,0.885781245,0.1501194955,0.13623372725500005,0.1634681748175,0.12846137382199252,0.11000211253426555,0.14398558650520973
pmd,42m,2.7GHz,158.0,0.11617439999999998,0.6679871,0.8957579000000001,148.3975,167.3025,0.104314425,0.1281346125,0.6282036850000001,0.7107014475000001,0.8406734475,0.94920213,0.14287225870000003,0.12587202383999999,0.15912301781000002,0.1303675382392815,0.1057330931883943,0.15321786905512125
pmd,42m,400MHz,1043.8,0.3859009,0.6001342999999999,1.8806457,1023.595,1064.8025,0.3690421399999999,0.40687545249999996,0.5785358774999999,0.62189792,1.8377005399999997,1.9232324774999998,1.9650831223,1.8845590901599998,2.0487060526350005,3.7046005230078505,3.476819937401839,3.9502745695455292
pmd,42m,800MHz,510.4,0.2319214,0.4364198,1.0840758,472.8975,546.015,0.20254235,0.26381103000000006,0.3927507775,0.4892677125000001,0.9923785575,1.175353345,0.5616590561,0.474431257155,0.647822343435,0.6291155975518734,0.48728839319733,0.7714469660412405
pmd,7m,1.2GHz,738.1,0.381671,0.8773133,1.8325744,690.6925,800.1099999999999,0.3323098099999999,0.442911575,0.8201405300000001,0.944634855,1.6909478875000001,1.9833060100000002,1.3742342048,1.17439022402,1.6188271867350001,2.6095979101017193,1.9915014628209222,3.372525942262347
pmd,7m,1.6GHz,538.9,0.305841,0.857361,1.5793333999999999,510.49,571.1199999999999,0.294017025,0.3196298625,0.8123706250000001,0.9122318000000001,1.5014620975000001,1.6732382974999997,0.8581008904,0.7745657806525001,0.9687372032925,1.3780295481710012,1.1612688605283232,1.658684658611273
pmd,7m,2.0GHz,430.6,0.2860049,1.0057436000000002,1.6138365999999997,400.8975,470.3025,0.262736375,0.31786535,0.934490065,1.0904188200000002,1.4953109075,1.7480013275,0.7064600236999999,0.6067863341874999,0.8421912093474999,1.1807878744472575,0.9164621898950912,1.5462153585052265
pmd,7m,2.4GHz,397.8,0.3031679,1.3200867,1.9068418999999999,365.0,431.505,0.27131334250000005,0.3373509074999999,1.2129917475,1.441608465,1.7474824825000002,2.0753835025,0.7724488419,0.6461766547725,0.90594941225,1.5303702836496293,1.160249758689188,1.9418287439269855
pmd,7m,2.7GHz,321.3,0.24527609999999997,1.3569643,1.8325194,306.9,336.805,0.23477068,0.25619891499999997,1.3040610125,1.4173001875000002,1.765201905,1.9131679474999999,0.5916188033,0.5411110899774999,0.64308773268,1.0943404415814726,0.9634710770841446,1.2583156087334413
pmd,7m,400MHz,2140.0,0.7732300000000001,1.1952821999999999,3.8168699999999993,2024.0974999999999,2271.7725,0.721696475,0.8328519000000001,1.1170678149999997,1.2698303049999997,3.5940706550000003,4.0502297125,8.248248571800001,7.269374453505001,9.2333726734925,32.11705772909646,26.589042401343384,38.04519466009323
pmd,7m,800MHz,1123.8,0.4733948,0.9311769,2.3238282999999997,1066.0974999999999,1198.5349999999999,0.4445800475,0.509561445,0.879473755,0.9853291349999997,2.200968795,2.4778340725000003,2.6348713387000005,2.3598755979625,2.9940607234149996,6.238319636597078,5.198627765236865,7.556538639149741
spring,100m,1.2GHz,583.3,0.3258972,0.6909849999999998,1.4752562999999999,541.6899999999999,632.9000000000001,0.3068723475,0.34674761749999994,0.6429130750000001,0.74513418,1.3721669300000001,1.60076756,0.8744855491999999,0.7441225536725,1.0293179603675002,1.333081147481588,1.0363926372591632,1.7392936889414468
spring,100m,1.6GHz,372.7,0.2564269,0.5804016999999999,1.1199768,356.2975,387.11,0.24591543499999996,0.2661447675,0.5538374225,0.6047984675,1.0672096649999998,1.1707537375000003,0.4193943664,0.3855781557325,0.45369056172,0.474231541692914,0.4150604756574327,0.5277627326307934
spring,100m,2.0GHz,341.3,0.2520632,0.7912597,1.2949584,326.2925,353.7025,0.2425459075,0.26313759999999997,0.7706952625,0.8122195074999999,1.2562353050000001,1.3341326850000002,0.44328575289999994,0.4121800170624999,0.47350996175,0.577072985111884,0.5217790759583083,0.6340031432229511
spring,100m,2.4GHz,308.1,0.2348572,0.9965332,1.4497924,269.0,350.1025,0.2167895325,0.2553469525,0.87869635,1.1361163499999998,1.27353779,1.6519552425,0.46737232879999996,0.34286754618750004,0.6113948961524999,0.7435766220692079,0.45007807254827437,1.1315955089573742
spring,100m,2.7GHz,257.1,0.21154159999999997,1.0500304999999999,1.4347045,242.5,272.0025,0.20081516000000002,0.22306748250000002,0.9885956424999998,1.111211285,1.3501415675000001,1.5182266225,0.3719584198,0.3314522667325,0.41103057716749997,0.542575184612199,0.44557099279042706,0.6346445780497295
spring,100m,400MHz,1528.6,0.5481387,0.8414062999999998,2.7105348,1238.1475,1864.04,0.45304904749999997,0.6427478375,0.69458802,1.00664349,2.213602445,3.26214311,4.6099423321,2.7702321091750006,6.445800872352499,15.148440761819089,7.383272102627805,24.060503277814668
spring,100m,800MHz,731.7,0.3255248,0.5986695999999999,1.5131714,657.6775,817.4075,0.2956169875,0.3575021175,0.53613675,0.6729344249999999,1.3642219075,1.6832074875,1.1457618961,0.9072315050724999,1.4429343880975,1.8577842528275188,1.2797478751230233,2.6043318217529237
spring,150m,1.2GHz,528.9,0.30610339999999997,0.6248292,1.3426879999999999,507.5975,548.3025,0.2989808,0.3134980025000001,0.594269855,0.6560229925,1.2911474025,1.3977739824999997,0.7127876297000001,0.6574506453925,0.7687089155575001,0.9643965668632821,0.8519046926601075,1.0735075690568934
spring,150m,1.6GHz,379.5,0.26060169999999994,0.5900754,1.1333923,358.7925,401.3,0.2476497975,0.27353271749999997,0.5565364424999999,0.6244771374999999,1.0754491525,1.2032110674999998,0.4337792877,0.38426908326250003,0.488409070295,0.5001405943369972,0.4202966872916193,0.5909794286418164
spring,150m,2.0GHz,300.7,0.2263367,0.6926574,1.1391357000000002,270.8975,331.1,0.20847998750000002,0.2440137225,0.627303495,0.7609279500000002,1.031928135,1.2491400449999999,0.350870143,0.28517609530000004,0.4167012528050001,0.4183506676006242,0.3055371898261825,0.5358883134462865
spring,150m,2.4GHz,305.4,0.22693499999999997,0.9948852,1.4422425,270.8975,341.3,0.21015493250000003,0.23991100499999995,0.8816453475000001,1.1193496099999998,1.2754269950000001,1.6115964525,0.4555686548000001,0.36481301945750005,0.5752213318125001,0.7010748363527214,0.4953179948460881,0.9854808645501759
spring,150m,2.7GHz,243.2,0.20006110000000002,0.9980834999999999,1.3629272000000001,234.0975,253.9,0.192942875,0.2069876875,0.9554738775,1.0413655875,1.3115280274999999,1.4255032025,0.3329240493,0.30506456451999997,0.36288662897000007,0.45793462198231455,0.4037305460171536,0.5201776354770179
spring,150m,400MHz,1420.2,0.522229,0.7911743,2.535492,1152.01,1746.7825,0.41989984,0.6378688450000001,0.6254561650000001,0.97463291,2.02382433,3.126188385,4.046795503,2.4153034932,6.049263718519998,12.88959074385989,4.569350649866088,21.474782536231242
spring,150m,800MHz,684.4,0.3044372000000001,0.5633729,1.4195372999999998,616.7925,765.4075,0.27612818499999997,0.33399051,0.5071080575,0.6335593525,1.2807934725,1.6062195499999998,1.003570522,0.7976713346400002,1.2735376142025,1.5266941379579897,1.0294873382252518,2.236101840351009
spring,200m,1.2GHz,527.1,0.3012636,0.6280518,1.3429688,498.8925,553.41,0.2905448275,0.31477893500000004,0.5959716375000002,0.6649553899999998,1.2754894549999998,1.4053187424999998,0.7124387039,0.6443684359575,0.78271977083,0.968929480080831,0.8283900820326048,1.1210549294969685
spring,200m,1.6GHz,397.6,0.26635109999999995,0.6162535,1.1853881,361.0975,452.205,0.2486665975,0.2873491375,0.55818144,0.697639375,1.077052355,1.3337116524999995,0.4867863943,0.3856476816525,0.6225525682024999,0.618686441785051,0.4123267881995176,0.9024276223391067
spring,200m,2.0GHz,302.0,0.2299378,0.7003052999999999,1.1449216999999998,282.1,325.2075,0.21563674000000002,0.24540481,0.6520592275,0.7489116224999999,1.0729550574999998,1.22611105,0.35047608459999996,0.30134364293750004,0.4019952301275,0.4119218185517167,0.32992785780410133,0.497378056884747
spring,200m,2.4GHz,310.3,0.2352479,1.0024229,1.4588014999999999,275.1975,347.0025,0.21852039499999998,0.25238847749999993,0.8934873949999999,1.1443291925,1.29898043,1.6328823049999996,0.46926011459999994,0.361125735555,0.5950970551199999,0.7361836359029352,0.48878918214538886,1.0661563995017036
spring,200m,2.7GHz,260.9,0.21677880000000002,1.0896913,1.4860901,245.5925,275.6,0.20523435250000002,0.2277237725,1.0239584675000002,1.164838775,1.3929175475,1.5750459824999998,0.39157166759999995,0.3453247876250001,0.44131072351499995,0.5942676764939943,0.48891301259545383,0.7021431909581908
spring,200m,400MHz,1680.7,0.5989743999999999,0.9288028,2.987378,1391.9075,1976.86,0.5076187325000001,0.696829895,0.7625031925000001,1.0950549350000003,2.4958104025,3.5500606575,5.4234367282,3.6740012382524996,7.280398475807498,18.681309517174448,10.286141331243915,28.600398034192523
spring,200m,800MHz,682.7,0.2953491999999999,0.5632691,1.4125793999999998,622.1975,774.625,0.27467232999999996,0.327920135,0.5145342749999999,0.6329003975,1.2982045125,1.5983147,0.9983484196000001,0.8073213592675,1.3088700018425,1.5250095105273922,1.0460289371262403,2.3148078592481176
spring,250m,1.2GHz,558.6,0.306012,0.6554018,1.3991271,520.995,610.8025,0.2945787775,0.3231603624999999,0.6113952475,0.718391575,1.3107634675000002,1.5279812524999998,0.7942670415,0.69001918655,0.9489900204975001,1.1507163615154208,0.908245529209685,1.5164652245881831
spring,250m,1.6GHz,381.0,0.25590199999999996,0.5902955,1.1368408,356.58750000000003,402.9,0.24342558250000002,0.2693947625,0.556988535,0.6260728399999999,1.0762000475,1.19643744,0.43687210760000006,0.38729212916249994,0.4862133723225,0.5049069265813212,0.42314909526263833,0.582917362553761
spring,250m,2.0GHz,320.6,0.2406679,0.7377745,1.2139284,292.995,342.0,0.22553007000000003,0.2544314,0.6809847474999999,0.7863420299999999,1.109952705,1.2968402875,0.39485335920000003,0.33621984588750004,0.44148218129999994,0.4921012948928983,0.39501496933469077,0.574422291423828
spring,250m,2.4GHz,304.7,0.2348388,0.9858093,1.4369567,285.1,331.0075,0.22574419749999997,0.24611799249999994,0.9199868649999999,1.0752362325,1.349149105,1.5599250750000002,0.4444015756,0.3851049358625,0.5280826901975,0.6587558026281815,0.5256873133890385,0.8597986064597789
spring,250m,2.7GHz,265.6,0.21367180000000002,1.1051145999999998,1.5023315,257.2975,271.5025,0.2083250975,0.21883031249999998,1.0639074499999996,1.1472535074999999,1.4479528525,1.5489503550000003,0.3998538845,0.3759837491225,0.42265871004999994,0.6036790907959937,0.5485006896301321,0.652942589238237
spring,250m,400MHz,1545.6,0.552478,0.9046875,2.7906369,1303.395,1809.105,0.47329755000000007,0.629178935,0.7292509200000001,1.10133193,2.2821022725000004,3.2825212750000006,4.6349060592999995,3.1778626842425006,6.232462004514999,14.845755523623108,8.212874889740492,21.82331859035534
spring,250m,800MHz,648.4,0.2905091,0.5326966,1.3370241,614.6800000000001,682.4024999999999,0.27428569500000005,0.30645201,0.4991692300000001,0.56531335,1.2576801700000002,1.4121799074999999,0.8735749263000001,0.788935026905,0.96795065503,1.186480756853571,0.9963689202228663,1.37857620762175
spring,300m,1.2GHz,523.7,0.30375379999999996,0.6095214,1.3211119999999998,500.5975,548.805,0.29576918,0.3109691175,0.5828726725,0.63900634,1.26951558,1.37764179,0.6952128023,0.6331828129550001,0.7527502769825001,0.9269995533151887,0.8146092060040392,1.0416339744477077
spring,300m,1.6GHz,391.6,0.2625792,0.6054992,1.1654785000000003,371.395,412.0025,0.2502979775,0.274445665,0.5724221125,0.63635383,1.104316725,1.2271653325000003,0.4597124887,0.41349998919,0.5108747644675,0.5434652656766066,0.4589696901645738,0.6410248666793366
spring,300m,2.0GHz,341.4,0.2516052,0.7807799999999999,1.2814026,314.0975,365.5025,0.2338826725,0.26577795000000004,0.7136921650000001,0.8402899649999999,1.179383005,1.3678070125,0.44403894499999996,0.38235404883750007,0.5037006349925001,0.5848683037810164,0.46967761806658964,0.6978096750133299
spring,300m,2.4GHz,289.7,0.2265686,0.9471861,1.3800782,280.495,297.5,0.21987773,0.23210556750000003,0.9143945425,0.976211155,1.328248965,1.41914838,0.4007134913,0.37262256873499994,0.42126022739749996,0.5557319990194158,0.5028497866189575,0.5984637429097657
spring,300m,2.7GHz,270.0,0.22001339999999997,1.1171571999999999,1.5205261,256.3975,282.1,0.21208358500000002,0.23076302,1.0688434775,1.1645335625,1.452293615,1.5841230274999998,0.4126367195,0.37458612074250003,0.4487221173624999,0.6336282128284213,0.5544808602149612,0.7136512410741993
spring,300m,400MHz,1535.0,0.5538453,0.8418213,2.7178406,1221.0775,1870.0075,0.459132455,0.6577285874999999,0.6816951175,1.028575885,2.1952060725000004,3.3342109775,4.6348951018,3.013599378085001,6.734216874945,15.423376882457418,6.3310998144608766,25.035268400276525
spring,300m,800MHz,774.6,0.3301393,0.6372926000000001,1.5973876,661.8875,900.75,0.29726519500000004,0.36852392,0.5478234175,0.7382789624999999,1.3882584924999999,1.8502745625,1.3194472058,0.9324726323125001,1.8085341040124998,2.4027407835597736,1.277035366841556,3.885572387491172
spring,50m,1.2GHz,733.5,0.4140441000000001,0.8716186,1.8513609000000002,680.8,782.4124999999999,0.3883233425,0.4402836575,0.8038406575000001,0.9343297150000001,1.7218740350000001,1.9746155300000003,1.375896298,1.1915674458525003,1.56074323705,2.61342331375148,2.078031918468689,3.144537408321093
spring,50m,1.6GHz,609.7,0.4137816000000001,0.9550663,1.8266785000000003,576.6700000000001,651.1025,0.39357483,0.44142252750000005,0.9019503,1.020812375,1.7350765925,1.9531008024999998,1.1246172159,0.9980036501925003,1.28744630939,2.096612222055757,1.7494157300286282,2.5936437705788777
spring,50m,2.0GHz,548.3,0.4014646,1.2671999,2.0670107,446.79,652.2175,0.35233591500000006,0.45810641249999995,1.0426894624999998,1.510242,1.69955484,2.4508796125,1.2309937702,0.8434706634300001,1.7978325895149996,2.9956784005188277,1.2789033260854474,4.736155831401299
spring,50m,2.4GHz,564.7,0.4638549,1.8351074,2.6794251000000004,506.4975,610.205,0.41759156,0.5032236200000001,1.62298777,1.98042859,2.4057605575000003,2.9016806074999995,1.5464971025999998,1.2700457588175,1.7834143228925001,4.304745365112327,3.3262995774114095,5.256092370236171
spring,50m,2.7GHz,555.3,0.485687,2.2575865,3.0954163,494.995,602.915,0.4340695,0.5270530925,2.0142681225000008,2.4462382049999998,2.7722757325,3.3431437775000004,1.7587976169999997,1.439873971905,2.031822102645,5.6650506555735385,4.313509304811853,6.882375075377808
spring,50m,400MHz,2429.0,0.8624938,1.3355225,4.298699900000001,2135.1499999999996,2708.8100000000004,0.7730263575000001,0.958903645,1.175074055,1.4805133325,3.74701666,4.8463042375,10.8419979979,8.288134513047503,13.435902242305,49.96349046004342,35.12995023096084,67.23004222689195
spring,50m,800MHz,1196.7,0.5326355999999999,0.9854004999999999,2.4817078,1107.7725,1286.1,0.49228681999999996,0.5799208199999999,0.910883155,1.0555548424999999,2.2973446275000002,2.6751261274999996,3.0128475232,2.5725815620025,3.4771836792049995,7.6970164926502775,6.040141893490955,9.545255215157503
sunflow,10m,1.2GHz,753.7,0.2513182,0.9217529000000001,1.8456545999999996,724.8,789.3050000000001,0.23730943249999997,0.26544896999999995,0.8828346100000001,0.9631875749999999,1.77095081,1.9288692999999997,1.397979588,1.2840237326200001,1.5412568040399999,2.606877246059386,2.3042909124183595,3.0033118041252007
sunflow,10m,1.6GHz,607.4,0.21453250000000001,1.0050048999999999,1.7538387999999998,576.5,639.7025,0.20100038750000002,0.22842226999999993,0.9594355800000001,1.0518602875,1.6657535975000002,1.8337232325000001,1.0722141438,0.96580727705,1.1698315138525,1.904055969445708,1.6368831378833377,2.1840388914894184
sunflow,10m,2.0GHz,480.5,0.174823,1.1670106,1.7585753,450.59000000000003,510.0,0.1613629675,0.18868191499999998,1.1004433575,1.2382294700000003,1.6540192275,1.8631852825000002,0.853167812,0.75033232387,0.9635314104999999,1.5295925615013592,1.2524227538783101,1.8106467916878644
sunflow,10m,2.4GHz,366.3,0.136511,1.2791017,1.7365539,354.6,378.3025,0.12666798,0.1487625325,1.2332468175,1.3311943875,1.673936405,1.8063041024999997,0.6383024936,0.5924338386275,0.6889701456925,1.1169320908682532,0.993329747387258,1.2545951596637945
sunflow,10m,2.7GHz,331.9,0.1253783,1.4690309000000001,1.8811219000000001,320.0,343.4025,0.1195431975,0.131421715,1.416437145,1.5182231700000002,1.8113088675,1.9410595325000002,0.6263687704999998,0.5805849120349998,0.6707617123925,1.1857767318732069,1.0623730416486508,1.3032475954194425
sunflow,10m,400MHz,2308.9,0.6971863,1.2589294,4.0611145,2201.3575,2450.7374999999997,0.6610682849999999,0.7399695649999999,1.197329035,1.32699803,3.872956475,4.3095802050000005,9.4444667488,8.518324065785,10.529292155187502,38.933121006598356,33.20750046593938,45.93715664230885
sunflow,10m,800MHz,1201.2,0.3868652,1.0071409,2.4772887,1125.96,1283.8000000000002,0.3624588225,0.41248302750000004,0.9497384174999999,1.068793265,2.3195871,2.6372359325,3.0060083111,2.6407916074,3.4006531462574996,7.59827180959886,6.235367571556694,9.036569435396528
sunflow,15m,1.2GHz,759.6,0.25912470000000004,0.9358276999999999,1.8668946000000002,716.0,811.01,0.241887145,0.27885200749999994,0.8845399150000001,0.99252616,1.7529395575000002,1.9831882625000001,1.4324071616,1.2580687273700004,1.6059190001074999,2.7297145050898184,2.2290909055730825,3.308917089873713
sunflow,15m,1.6GHz,581.4,0.20968609999999996,0.9702087,1.6892213999999999,540.195,628.0125,0.1919236225,0.22706869999999996,0.8887219599999999,1.05946573,1.5557509450000002,1.8317004375,0.9984676007,0.8455076117650001,1.17440528353,1.7444578252409013,1.3571440127747574,2.168232512065586
sunflow,15m,2.0GHz,442.8,0.1658386,1.0796691999999999,1.6291261,420.99,469.805,0.1553677975,0.178568065,1.0274876549999998,1.1436169799999998,1.5449976375,1.7286497175,0.7272090311,0.6507292513624999,0.81943676784,1.2050823948590184,1.014961628963612,1.4473785527409488
sunflow,15m,2.4GHz,379.1,0.14877929999999998,1.3215454,1.7952575,357.395,401.405,0.137957095,0.159492375,1.2481704200000001,1.3999135799999998,1.6902351025000002,1.8990974175,0.6869195881000001,0.6117006360025001,0.7659478068375002,1.2561465709291537,1.0335370759459357,1.4664639108132875
sunflow,15m,2.7GHz,328.7,0.1342958,1.4690062000000002,1.8834657,312.7,347.3025,0.126675435,0.14420093999999997,1.39674034,1.5449297925,1.7941197300000002,1.9862292275000002,0.6233854964,0.5630588979825,0.6873586122925001,1.1908441497440037,1.0142960170475968,1.3869852676390844
sunflow,15m,400MHz,2377.8,0.7221313,1.2904052,4.178485400000001,2254.3775,2507.115,0.6836827124999999,0.7590834775000002,1.2233938850000001,1.3558078125,3.9541391149999994,4.3932681475,10.0046884037,9.002825911815,11.0585278271475,42.3879055090877,36.20963931748677,49.1404451486108
sunflow,15m,800MHz,1113.1,0.3617676,0.9338135,2.2936462000000004,1056.9899999999998,1175.61,0.3460917625,0.37960683500000003,0.8926837724999999,0.9794878874999999,2.185167575,2.41882747,2.5703723508,2.3287795017825,2.87600693571,5.975533110811286,5.176709331698128,7.008788305533662
sunflow,20m,1.2GHz,742.1,0.2521849,0.9110903,1.8172180999999998,714.2,770.405,0.24037748749999996,0.26404059750000003,0.874045255,0.950687955,1.7508118324999997,1.8873764224999998,1.3540105209,1.246668621315,1.4712028164074995,2.481281104365567,2.1912111118350164,2.794959619180111
sunflow,20m,1.6GHz,566.0,0.20152589999999998,0.9252868,1.6199401999999998,534.5825,602.405,0.1880955,0.21524533,0.8734967075000001,0.986086345,1.5300717925,1.7247899025,0.9256327912,0.8186934704625,1.0409552799425001,1.5285374173204949,1.2731200796738333,1.8221816632285914
sunflow,20m,2.0GHz,480.1,0.18164680000000002,1.1827575,1.7775634,444.9,516.0,0.16671012999999998,0.1962590625,1.0983319750000002,1.260001875,1.6415288225,1.902534435,0.8645973951,0.7492435314349999,0.9883397322575,1.5759800401175579,1.2659765906222278,1.9259539710370717
sunflow,20m,2.4GHz,385.3,0.1514224,1.3412168999999998,1.8214234999999999,362.0975,410.005,0.1413724475,0.16294112249999995,1.2628830249999998,1.43406946,1.71519927,1.9525388199999998,0.7091369028,0.6190245133774999,0.8043221029450001,1.3198194413327138,1.0830229377310483,1.594818593478541
sunflow,20m,2.7GHz,321.7,0.12976680000000002,1.4276672,1.8312987,308.1975,338.3025,0.12278887750000002,0.1373065825,1.3601971900000003,1.5020906174999997,1.7512388675000001,1.9160678100000001,0.5926806521000001,0.5372028335524999,0.6540091152,1.0985247989317624,0.9372064935886082,1.2716104566905542
sunflow,20m,400MHz,2243.0,0.6840575,1.2316224,3.956604,2178.3,2334.11,0.66454378,0.7115904525,1.1945279375,1.279981925,3.845766925,4.105335685000001,8.903187796300001,8.356304206030002,9.627643306340001,35.458122398708596,32.279387360940994,39.911443105926736
sunflow,20m,800MHz,1171.1,0.38312979999999996,0.9843689,2.4186341,1110.28,1241.62,0.36152125999999996,0.40681384249999997,0.9330543075,1.0385240450000002,2.2980508650000004,2.5539241849999996,2.8546479254000006,2.5516365770175,3.1747732089325,7.013250291170597,5.948394465667463,8.239421878465214
sunflow,25m,1.2GHz,791.7,0.26921399999999995,0.9644714999999998,1.9308899,744.3924999999999,840.31,0.252165375,0.285506285,0.9074030825,1.0208924075,1.81300521,2.048057755,1.5427757027,1.372285129045,1.71316119188,3.0334569971918315,2.5099574863739,3.5682482730384764
sunflow,25m,1.6GHz,579.7,0.21052269999999998,0.9552550999999999,1.6720335,553.8950000000001,608.8,0.19990228749999997,0.22314510249999997,0.9131316875,1.005080245,1.6004206825000002,1.7556915800000001,0.9749566463000001,0.8875949861475,1.0716961738375,1.6499034872149507,1.4259638365939686,1.8869270900348336
sunflow,25m,2.0GHz,445.5,0.1726197,1.0970763,1.6551147999999998,425.1975,472.21,0.16289003750000003,0.1831605575,1.0377312225,1.1621235475000002,1.5724738450000002,1.7505991325000003,0.7430378952000001,0.664968496135,0.8336282529999999,1.250240679352211,1.0435244937718902,1.4769265047458857
sunflow,25m,2.4GHz,374.1,0.1483278,1.3064514,1.7737120999999998,354.1925,399.40749999999997,0.13970289000000005,0.1572391,1.2340136649999998,1.3821054149999998,1.6796985825,1.8824877150000001,0.6693364543,0.59478775069,0.7568546733425,1.208328656388661,1.0150132424066838,1.442665382974373
sunflow,25m,2.7GHz,335.9,0.1374695,1.4996215000000002,1.9212889999999998,312.3975,362.605,0.12799480249999998,0.1495916125,1.3971557850000003,1.6073319199999996,1.7808318425000003,2.0742651249999997,0.653816198,0.5589989041774999,0.7534868268125,1.2905062726544716,1.00893378018512,1.6139107998847038
sunflow,25m,400MHz,2327.2,0.7133239,1.266931,4.1002135,2223.985,2449.3175,0.6847368725,0.750964655,1.2099784325,1.334909125,3.9315451049999997,4.3336683350000005,9.6004388155,8.756372706755,10.666887911115,39.864068698411856,34.42259111193354,46.836014264035484
sunflow,25m,800MHz,1178.7,0.38518670000000005,0.9899901,2.4309264,1103.3825,1242.6025,0.3675831800000001,0.4036925475,0.9363948349999999,1.0429836000000001,2.29931107,2.560395265,2.8895137839,2.5508408422625,3.20742141785,7.135737851879609,6.089124354636119,8.3554200642966
sunflow,30m,1.2GHz,782.4,0.26657109999999995,0.9529846000000001,1.9101681000000004,724.3924999999999,843.205,0.24494493749999996,0.2881754175,0.880020135,1.0318990949999998,1.7677280075,2.0653402450000007,1.5180314246999997,1.2986581231600003,1.7704718208025,2.990910850791881,2.30519248557921,3.6964540550432186
sunflow,30m,1.6GHz,576.1,0.2073793,0.9551635,1.6632569,542.595,610.0025,0.19252328499999996,0.2219257325,0.8932434500000002,1.0146996925,1.5516527624999998,1.7600742424999998,0.9673559545000001,0.8430302737200002,1.081740715025,1.6402282882707113,1.3696334744586138,1.927970319594279
sunflow,30m,2.0GHz,448.1,0.17006230000000003,1.0923824999999998,1.6472291000000001,424.0975,477.505,0.1596345425,0.1810225225,1.037416875,1.1566698349999998,1.5661708300000001,1.7466950475,0.744055238,0.6597822901625,0.8361622993475001,1.2457957176807846,1.0445863041014503,1.477869834012825
sunflow,30m,2.4GHz,361.7,0.141803,1.2849732,1.7356200000000002,341.5,385.5025,0.1321121225,0.152668985,1.204642605,1.385340635,1.63334014,1.8673387774999999,0.6342500749,0.5594536430175,0.7216988789925,1.1262373302942341,0.914895740517412,1.4048678757560724
sunflow,30m,2.7GHz,341.7,0.1388489,1.5228638,1.948865,322.985,363.0,0.131695645,0.14650083000000003,1.4414900725000002,1.60782146,1.841599875,2.0576618799999995,0.6712348109,0.600520137965,0.7524523151,1.3290513970071451,1.1191003658651075,1.5675941639697781
sunflow,30m,400MHz,2303.3,0.7014772,1.2513731,4.0485413999999995,2209.595,2419.4075,0.67300283,0.7329083225,1.1980200074999998,1.3115937275,3.8883327225000004,4.2467563175,9.3732699828,8.596056022175002,10.2429684416925,38.35154750281462,33.56880078545639,44.40283195025104
sunflow,30m,800MHz,1179.6,0.382977,0.9892031000000001,2.4290834,1112.5900000000001,1248.305,0.35924594,0.40564585750000004,0.934281585,1.043363925,2.2800498300000003,2.5832111825,2.8915777917,2.5327651049349997,3.2227607653999994,7.148926713392993,5.97477943386284,8.378359611280514
sunflow,5m,1.2GHz,1723.1,0.7094422,2.1047240999999994,4.2423706,1701.6975,1759.7024999999999,0.6988096450000001,0.7262360025,2.0739908175000004,2.1515915775,4.187902139999999,4.33204696,7.3166394410999995,7.13373569105,7.630837791877499,31.09737502774097,29.83749189449752,33.16579867713678
sunflow,5m,1.6GHz,1307.2,0.627362,2.1314146000000003,3.8252502,1279.8950000000002,1342.5,0.6122351725,0.64565573,2.0871300474999996,2.1849155175,3.749090495,3.9215770874999993,5.007795013,4.803348273495001,5.260851021374999,19.213726869516513,17.92854419048395,20.67877721461912
sunflow,5m,2.0GHz,1064.3,0.5795104,2.5675965,4.002954099999999,1038.4,1093.8175,0.5621079274999999,0.5996354925,2.50011533,2.65214077,3.8910439974999997,4.1319346275,4.2693515172,4.0332050538125,4.517902913615,17.168058986670726,15.701240396204536,18.80198209999647
sunflow,5m,2.4GHz,886.9,0.533551,3.0215696999999997,4.2572875,870.8975,905.2025000000001,0.5212461500000001,0.5478287775,2.96688128,3.0822616375,4.176249364999999,4.341348685000001,3.7794110022,3.6452127580899996,3.9322685317899992,16.122232194149372,15.289173776624109,17.163743653432043
sunflow,5m,2.7GHz,786.9,0.5020263999999999,3.3975464000000004,4.5126157000000005,776.7,804.0,0.4937257425,0.51439297,3.3447816075,3.4748911624999996,4.4419819325,4.6169427575,3.5543466106000006,3.4535193318775,3.7178265072024996,16.07257811449471,15.353843025784272,17.20118025054175
sunflow,5m,400MHz,5176.8,1.7190246999999999,2.8645324000000003,9.1400513,5076.1775,5294.41,1.6668815824999998,1.7720774275000002,2.7871060475,2.9593718225,8.935127815,9.3997962625,47.3853090684,45.22497832803249,49.81185318585499,434.5098049453318,403.5610836156536,467.22871673294304
sunflow,5m,800MHz,2569.6,0.9489317999999999,2.1662231000000003,5.3058044,2556.9975,2584.5,0.9389030899999999,0.9600080300000001,2.14571372,2.1906007075,5.2686637725,5.3500643,13.635103218000001,13.480108988165,13.854466292040001,72.36342607123811,71.03383849756872,73.94857068870893
xalan,10m,1.2GHz,417.9,0.2209412,0.5006897,1.0630309,392.395,446.71,0.203640335,0.237436205,0.46766598000000004,0.5373293674999999,0.9961548,1.13497503,0.4494579193,0.39080982873750003,0.5116248237275,0.48934306614841744,0.39384422262051044,0.6063271865807776
xalan,10m,1.6GHz,326.7,0.2104555,0.5191833,0.9918028,308.0975,346.5075,0.19497430249999997,0.22371967499999998,0.48786664999999996,0.553328745,0.9301686849999999,1.0568740349999999,0.3273100765,0.2882143656575,0.3711040607275,0.3311742322494369,0.27406803865435225,0.399017261924383
xalan,10m,2.0GHz,265.8,0.18906260000000003,0.6324037,1.0277771,253.995,277.705,0.182775545,0.19520916,0.6012258825,0.6648139675,0.98234158,1.0729762424999998,0.27450850279999994,0.25049478995,0.29971008715749997,0.2850291104408072,0.24822377029608245,0.3245048648378191
xalan,10m,2.4GHz,233.5,0.1811645,0.7769288,1.1334472999999998,225.7,240.3025,0.17614551499999995,0.18624915749999998,0.7544626,0.7959502025,1.1054809425,1.1642790074999996,0.2652090957,0.25007499310500003,0.279235773565,0.3017935864376663,0.2789002348202919,0.3267692600428509
xalan,10m,2.7GHz,199.1,0.1599182,0.8474733000000001,1.1515745000000002,189.2,209.605,0.14888233499999998,0.1700398875,0.7993860774999999,0.89432614,1.0859788224999998,1.21304579,0.23095108729999997,0.20497857295499997,0.2536737871675,0.2699554975083852,0.22620338037249774,0.3136250621474303
xalan,10m,400MHz,1260.5,0.45866100000000004,0.6932008,2.2766784,1177.89,1352.9325,0.429272635,0.487867365,0.6488506174999998,0.7375683775,2.127007185,2.4198758075,2.9037208486,2.5370522533874995,3.2528037467999997,6.764481014111631,5.459541266663213,8.267916527945598
xalan,10m,800MHz,650.9,0.2806396,0.6131531,1.4399414,604.2950000000001,700.8074999999999,0.25556802000000006,0.305842925,0.5213096249999999,0.7228494825,1.30932538,1.5901908025000002,0.9529270821000001,0.806019008075,1.13513782135,1.4330273522344403,1.069244867183778,1.8654358733582763
xalan,15m,1.2GHz,425.6,0.227704,0.5149229999999999,1.0883241000000001,399.2975,450.9,0.21053057750000004,0.24358348499999996,0.4794586075,0.549557555,1.0154769025000001,1.1617539975,0.4678350656,0.41175327930000005,0.524326620195,0.5198574017592996,0.4247714148769472,0.617280165651555
xalan,15m,1.6GHz,331.1,0.21203599999999997,0.5449463,1.0205018000000001,313.6975,349.4025,0.2014891525,0.22363230499999998,0.5082122475,0.5802984775000002,0.9585129200000002,1.0799452775,0.34038265059999995,0.3028854128575,0.37563704161499994,0.3528264050055052,0.30003363071638833,0.40640415715108547
xalan,15m,2.0GHz,270.9,0.19517849999999998,0.6421264,1.0511537,253.495,284.4025,0.18165797749999996,0.2061118375,0.6042595875,0.6756867474999999,0.9828213825,1.1063397775,0.28718312170000004,0.25182104389000004,0.31458898609249997,0.3067795268125485,0.25924070692556267,0.34913363351591487
xalan,15m,2.4GHz,223.4,0.1755005,0.7438844999999998,1.0845398,213.7,233.3,0.17035423,0.18068398000000002,0.710797195,0.7750806625,1.0402553475000003,1.1246357949999999,0.24344433240000002,0.223470955035,0.2634124929975,0.2664279912117168,0.2332199135132882,0.29891174761453
xalan,15m,2.7GHz,202.3,0.16378170000000003,0.8519714,1.1610415,191.3975,212.7,0.15355733,0.171870715,0.8071622350000002,0.8923720849999999,1.09619038,1.216931975,0.2365685417,0.21062156263499998,0.26080025018499997,0.2785435511432689,0.23185909785974157,0.31968587310788943
xalan,15m,400MHz,1329.1,0.48809179999999996,0.7318908000000001,2.4067567,1235.09,1404.5049999999999,0.46165423750000006,0.5131492950000001,0.6885158499999999,0.7714482599999999,2.2594474325,2.5362210975000004,3.2298351067,2.8603528768924997,3.5760473560749997,7.915616482616254,6.583764310490978,9.239566143614867
xalan,15m,800MHz,645.1,0.2880553,0.5309082999999999,1.3650755,606.59,674.7075,0.26842553,0.30111267500000005,0.502341415,0.5537194849999999,1.2897428925,1.4233642549999999,0.8867266974,0.7946231523275,0.9595275230500001,1.2258210362653874,1.04546928177678,1.3758949058919516
xalan,20m,1.2GHz,420.2,0.2422424,0.5304076,1.1077027999999998,400.8,440.5,0.22471701500000002,0.26507977,0.487333885,0.5901388474999999,1.04119051,1.1801392999999998,0.4668674852,0.4284566637,0.5065583047875,0.5234082401424238,0.4496064071169441,0.5982813374976143
xalan,20m,1.6GHz,317.5,0.20314359999999998,0.5041930000000001,0.9615722999999999,296.2,340.005,0.1833628625,0.2261057775,0.4674149275,0.5394076549999999,0.8930801274999999,1.0330818824999999,0.3094557164,0.26562559212000003,0.35689902673999996,0.30583754555744974,0.24067497035780086,0.3699306468299599
xalan,20m,2.0GHz,265.5,0.1923645,0.6322021,1.0296387,252.9975,277.705,0.18341439999999998,0.2006355,0.60059398,0.6668722875,0.97512113,1.0779733649999999,0.27492284479999995,0.248905682895,0.29827310721499994,0.28639445438528943,0.24437098580375946,0.3237706871745023
xalan,20m,2.4GHz,220.4,0.1694153,0.7331239,1.0662107,209.2,231.6025,0.16283609249999997,0.17601417249999998,0.6915379024999999,0.7680672075,1.0157319450000002,1.1228110475,0.2366113964,0.21188556378249998,0.259762365175,0.2556676922684388,0.2210204019174155,0.2948108889735009
xalan,20m,2.7GHz,207.4,0.16744370000000003,0.8717102000000001,1.1912414999999998,201.9975,213.0025,0.16527675249999996,0.16945861,0.8474420874999999,0.8984683124999999,1.1626062325000002,1.226145525,0.2475073451,0.2350736077725,0.26144958347499997,0.29598184281670653,0.2742865200796043,0.32248686968845797
xalan,20m,400MHz,1330.1,0.4848696,0.7375733,2.4126831,1251.2224999999999,1404.4025000000001,0.4594761075,0.509046715,0.6913310125000001,0.78289433,2.2712151025000002,2.5499535024999997,3.2363741731000006,2.86627469503,3.5632728509875005,7.9379958151652135,6.598669447100857,9.081336584805696
xalan,20m,800MHz,653.3,0.2989013,0.5786867000000001,1.421637,620.0999999999999,681.805,0.2816278975,0.31767143000000003,0.5207456500000001,0.6670782850000001,1.3238992475,1.5248052650000001,0.9350347761000002,0.8268393865150001,1.0313090643300002,1.3563810718381935,1.1267448693637074,1.6206438656982394
xalan,25m,1.2GHz,424.8,0.21528920000000001,0.5028261,1.0639466,399.09250000000003,449.4,0.202799055,0.2273589525,0.47466022250000006,0.5309298125,1.006413365,1.1214814625000002,0.4558915601,0.40663344898,0.5071506678,0.4931818241160359,0.40864166115777345,0.5716346623557421
xalan,25m,1.6GHz,333.3,0.2132021,0.5277833000000001,1.0068481999999999,319.595,345.9025,0.20183541249999995,0.2237011275,0.503565965,0.547017595,0.95938841,1.0489818225000003,0.3369492755,0.307516740835,0.3612826648225,0.3420937749775613,0.3010049723132179,0.37845654735166007
xalan,25m,2.0GHz,269.5,0.19237069999999998,0.6371584,1.0415284,255.5,283.2,0.18167963499999998,0.20216822249999997,0.6023814125,0.6673359275,0.9868365724999999,1.0925319949999999,0.2826141555,0.254334130725,0.3064133567525,0.29827153096213255,0.2562407184707694,0.33712967392301246
xalan,25m,2.4GHz,226.9,0.17308980000000002,0.756244,1.0995239,213.9975,238.0025,0.16094308750000003,0.18128207500000001,0.7143382675000002,0.7956671100000001,1.0355935175,1.15452322,0.2513402841,0.22500784939,0.27622592308000005,0.28029682158548647,0.2398027425384472,0.32174505826232025
xalan,25m,2.7GHz,204.5,0.1665341,0.8603149,1.1735107,194.2975,214.8025,0.16159483500000002,0.17177740249999998,0.8135410075,0.9080653424999998,1.11259577,1.23351318,0.2415337047,0.21798590576250004,0.2631899774675,0.28714278415892125,0.244137321660734,0.32591192181791084
xalan,25m,400MHz,1284.0,0.46483179999999996,0.7185423,2.3319640999999995,1186.0949999999998,1376.4,0.4298669875,0.49715837999999996,0.654732275,0.7727906499999999,2.14139592,2.5036187150000004,3.0383272902000003,2.573545793885,3.47932326432,7.287231579655514,5.722968578854658,8.769884785450262
xalan,25m,800MHz,662.3,0.281305,0.5461974,1.3872436000000001,619.9000000000001,698.0,0.2617183975,0.29730163499999995,0.5123171375,0.575305315,1.3047951625000003,1.457607255,0.9267939341000002,0.8199341027425,1.0275130343849999,1.3073621042761316,1.0741791822350053,1.5023873822949616
xalan,30m,1.2GHz,447.1,0.2337768,0.5378903,1.1360536,424.6,466.5025,0.22123995250000003,0.2440741675,0.5053081150000001,0.5723671724999999,1.0757272424999997,1.1920578975,0.5111606958999999,0.460383569155,0.5581815782599999,0.5882710122372353,0.5054669881567597,0.6706741550512336
xalan,30m,1.6GHz,324.0,0.19976180000000002,0.5083008,0.9652527,304.6975,343.5025,0.18700971500000002,0.2108531725,0.4789078249999999,0.5360234074999999,0.9086772150000001,1.0187171625,0.315449843,0.27941915239250004,0.350473994425,0.309493886700821,0.2592170897193583,0.35586075455675953
xalan,30m,2.0GHz,274.7,0.1926394,0.6421265,1.0465394,259.195,285.8,0.180450395,0.20116829,0.609009515,0.6664776174999999,0.9923134050000001,1.085280745,0.28923102640000004,0.2605384911325,0.3103828965175,0.3059852027837544,0.26482585659551555,0.3372855746595189
xalan,30m,2.4GHz,217.3,0.1668458,0.7191529999999999,1.0448121999999997,205.4975,228.2,0.1560300425,0.17595325500000003,0.6824228,0.75584955,0.9881201549999998,1.0952623825,0.22867279489999998,0.20548680987999998,0.2504836895325,0.2422440906993691,0.2055384576856132,0.27751140895830695
xalan,30m,2.7GHz,200.8,0.1624816,0.8479798000000001,1.156482,190.7,210.1,0.15438164000000001,0.16965980000000003,0.8069385225000001,0.8876416775,1.09802381,1.2076510699999998,0.2336153742,0.21219391190500003,0.25427553229,0.2732962388069856,0.23726437503451725,0.3086617040986977
xalan,30m,400MHz,1311.8,0.47719729999999994,0.7218443999999999,2.3693909,1232.275,1384.81,0.44695408500000006,0.50087631,0.6763078824999998,0.7574420875,2.2291998625,2.49834626,3.1345377479000005,2.7661632095925,3.46100280474,7.548038783470206,6.2718717891703735,8.625588423577364
xalan,30m,800MHz,647.9,0.27832650000000003,0.5351378999999999,1.3609008,604.595,688.3199999999999,0.2555887175,0.2973523275,0.49775980000000003,0.5734639925,1.271754925,1.4553994175,0.8915535821999999,0.777025158025,0.999425752525,1.240128493692957,1.006879471629395,1.4769600722874108
xalan,5m,1.2GHz,784.4,0.365747,0.9357848000000001,1.9399476000000004,751.595,818.02,0.34898416250000003,0.38252331500000003,0.8961532299999998,0.9722629050000001,1.8622623425,2.0217684075,1.5284973196,1.394750520905,1.6562218673050002,2.9911545351935303,2.6391944284218702,3.3573220853818264
xalan,5m,1.6GHz,700.0,0.371106,1.0010682,1.9502868,584.6,917.6,0.32592114,0.4424502,0.9264507649999999,1.1231865399999998,1.7277756799999997,2.33365112,1.5453679202,1.0101907337699998,2.5606861037774995,3.860616485638426,1.7417214966984478,7.949795216789216
xalan,5m,2.0GHz,490.1,0.3312865,1.1579102000000001,1.8737427,478.9975,500.1,0.3214858175,0.34140070250000004,1.1246999175000003,1.19296748,1.8288443825,1.925306725,0.9194843075,0.8796150186875001,0.963461873525,1.7281552984576525,1.6144756938848166,1.8528562296811726
xalan,5m,2.4GHz,418.2,0.3097106,1.380304,2.0084656,400.9,437.8225,0.29193649000000005,0.32821095750000007,1.32564348,1.4475275674999997,1.9216168599999999,2.1010475724999997,0.8440332180000001,0.773961778025,0.9154150521900001,1.7122379189025403,1.5065539884894137,1.9335273431613804
xalan,5m,2.7GHz,392.4,0.3034058,1.6437502000000002,2.2377622999999995,375.3,412.90999999999997,0.28454366500000006,0.32506197000000003,1.5684536725,1.7223336200000001,2.1287987274999995,2.352708285,0.8832597414000001,0.8019972347900001,0.967748292325,1.9999688252291392,1.729006733536144,2.3047134464435226
xalan,5m,400MHz,2298.7,0.8229797000000001,1.2779053999999999,4.161108499999999,2224.1874999999995,2379.4049999999997,0.7841108225,0.8627430349999999,1.22896678,1.3272770525,4.011786775,4.3040020775,9.5968254782,8.91257156044,10.325744760847499,40.20325870941098,35.989648431432656,44.51623014838767
xalan,5m,800MHz,1180.3,0.4843445999999999,0.9830321000000002,2.4741515,1129.5874999999999,1242.0225,0.4537957375,0.52478035,0.9290379000000001,1.0483024375,2.3509370200000004,2.6236562125,2.9406073627000007,2.65094716383,3.297267983295,7.389089831446974,6.2169749461598025,8.682474414937664
zxing,10m,1.2GHz,832.4,0.2671082,0.9843080000000001,1.9996277,762.095,928.805,0.24104004499999998,0.3018693325,0.9031483749999999,1.0997618775,1.8347904900000003,2.2092762824999994,1.7099316412,1.4224603718625002,2.146171427325,3.628884775902524,2.572495185124961,5.220412907290258
zxing,10m,1.6GHz,616.5,0.2096985,0.977722,1.7377625,560.9975,692.8149999999999,0.18377013000000003,0.24337002000000002,0.8823095049999999,1.0971751725,1.56862765,1.95667328,1.1069613603000001,0.8826611305500002,1.4239372523624998,2.0681815619309023,1.412346026669208,3.0334156602371354
zxing,10m,2.0GHz,548.6,0.2009643,1.2866087000000002,1.9723997999999998,467.8925,643.7175,0.163907305,0.24445470249999998,1.1023455175,1.4913115075,1.68773879,2.3001195725,1.1537396569,0.8175476264625,1.5963064289700002,2.598536681006768,1.4040548045063674,4.190286736762506
zxing,10m,2.4GHz,404.6,0.1521546,1.3524169000000001,1.8631228,364.5975,466.40749999999997,0.1311884,0.1866046325,1.2137408250000001,1.5663159975,1.6760053075,2.1503616975,0.7947906986000001,0.6098509692449999,1.1070586619749998,1.679294837381968,1.017639816146346,2.8201594832482733
zxing,10m,2.7GHz,408.7,0.16414199999999998,1.73595,2.2556703000000002,377.6,449.1025,0.149181795,0.18316858,1.6065216875000001,1.9218879224999998,2.0879125924999995,2.4830215575000003,0.9429083365,0.7860039720399999,1.1724040663649997,2.2342422460743405,1.6468225713124314,3.076840522970547
zxing,10m,400MHz,2434.8,0.7293394,1.3512757,4.314269999999999,2266.785,2656.495,0.672511675,0.7999180899999998,1.2536185850000001,1.47382241,4.015010087499999,4.677474855000001,10.671715658599998,9.209194951070002,12.713011035834999,47.62257875967144,36.93268880311541,61.704121578650046
zxing,10m,800MHz,1156.5,0.35668330000000004,0.9421873999999999,2.3541321,1118.8925,1206.315,0.3421378375000001,0.37443459249999994,0.9098958300000001,0.9835028075,2.27279134,2.4421792850000004,2.7331454924,2.5331725027474996,2.9674341097099997,6.4862916351991045,5.802539308930355,7.4132472174040975
zxing,15m,1.2GHz,766.7,0.2470154,0.9067685000000001,1.8478573999999999,740.8,794.21,0.23501325499999998,0.25990076,0.8744447425000001,0.9412445049999999,1.7825006975,1.922999685,1.4218155956999998,1.3175719548125,1.5352491441374998,2.646900219629593,2.3613168436140994,2.9530861636502
zxing,15m,1.6GHz,647.0,0.21604600000000002,1.0205262999999998,1.8114929999999998,575.4550000000002,736.0025,0.185910505,0.25126396500000003,0.9085199525000001,1.1622858,1.6150145075000002,2.0707352675,1.2206450360999999,0.94297404301,1.5705213108024996,2.410275904071752,1.543811807931624,3.5442947939769036
zxing,15m,2.0GHz,620.8,0.23296509999999998,1.4525025999999999,2.2276,539.1925000000001,711.8274999999999,0.19465000250000003,0.27696864750000005,1.25575491,1.6582675974999999,1.9009946,2.55661322,1.4601454862,1.0526422500175001,1.8513434276525003,3.6068476876386035,2.244514106867021,5.116763611110101
zxing,15m,2.4GHz,513.6,0.2071351,1.7424926000000003,2.3971922,440.5975,588.81,0.1697631,0.24217552749999993,1.4701446475,2.0082422400000004,2.02867809,2.7550978824999994,1.3048840959999999,0.9427383693225,1.7071635160249998,3.4897718061781537,2.1367269002546,4.9492047912242585
zxing,15m,2.7GHz,370.6,0.1440062,1.5829713,2.0540833,328.8975,433.1,0.12147610750000001,0.1774050625,1.4078346949999998,1.8462940025000003,1.8194728299999998,2.3826545649999997,0.8062006913000002,0.5982515505275,1.1217293988,1.8900860702876898,1.1031893612032202,3.1834338090694705
zxing,15m,400MHz,2449.6,0.7271116999999999,1.3382018,4.3177246,2259.3925,2698.565,0.6694320125000001,0.8001753950000001,1.2435160125,1.4638532249999998,3.9951969825,4.71649489,10.7748329122,9.02832948114,12.990376686824998,48.36510709422161,36.168630151753064,64.51870179954845
zxing,15m,800MHz,1406.2,0.4447997,1.1738343999999998,2.8945619000000002,1205.55,1628.4,0.36987513250000004,0.5227918775,1.0112012775,1.3514809625,2.4859994275,3.32042688,4.293768677599999,3.0561457972475,5.506308798295,13.78180931051148,8.433674277716145,19.837834296454176
zxing,20m,1.2GHz,821.4,0.26491109999999995,0.9735777999999999,1.9767945999999998,740.1975,951.005,0.23352491250000004,0.31214255249999995,0.8714020000000001,1.1348086099999999,1.77761774,2.2964568124999998,1.7108948535000004,1.3211821850675,2.4133906966425,3.824053553794029,2.3537223309141813,6.400914568779118
zxing,20m,1.6GHz,719.1,0.2497436,1.1486021,2.0369265,628.2950000000001,821.7025,0.20948434249999998,0.2955831924999999,1.0054007375,1.302641145,1.7588679850000002,2.3308391349999997,1.5384001455,1.1472492763075002,2.024548429785,3.456204806150292,2.0633933096838737,4.969738127353551
zxing,20m,2.0GHz,517.7,0.1816041,1.2177063000000001,1.8569458,452.4975,594.6,0.15240088000000002,0.21927138,1.0725185250000002,1.4023349025,1.6348448775000004,2.1186634025,1.0078303714,0.7392631837125001,1.3357952220949996,2.067593898803124,1.2275842789648768,3.083325943345499
zxing,20m,2.4GHz,456.8,0.17490250000000002,1.5314634999999999,2.1075805,411.19,505.2025,0.15243310999999998,0.201058485,1.3858693075,1.712812555,1.8863242749999998,2.3388716499999997,0.9915787986,0.7796147856600001,1.21970303731,2.219483708010002,1.5563040740207466,3.0478429586753997
zxing,20m,2.7GHz,434.1,0.17543939999999997,1.8504822,2.4019654,368.8,502.4025,0.14012114,0.21010943749999997,1.5805938824999999,2.14243039,2.0404488725000003,2.7829824975,1.1055702184,0.7804379417775,1.4514134413199997,2.9766053044043668,1.7806200445341789,4.370218486801435
zxing,20m,400MHz,2299.0,0.6794678000000001,1.2453184,4.0410520000000005,2204.5950000000003,2402.015,0.6496591149999998,0.7086209099999999,1.195268435,1.29813816,3.8708432000000004,4.2243238775,9.3363020546,8.6005253202,10.148739027612502,38.101938948603895,33.402474327639446,43.61520783694585
zxing,20m,800MHz,1224.4,0.38049340000000004,1.0115049,2.5092529999999997,1145.785,1342.245,0.351628985,0.41993506500000005,0.94701565,1.0950357175,2.3455927875,2.73770464,3.1245209876,2.6983688019575003,3.7750058161000006,8.132421691412768,6.26489631502052,10.867931687098839
zxing,25m,1.2GHz,901.4,0.29386600000000007,1.0865295,2.1892335,794.0625,1027.6625,0.253844535,0.33957082,0.964327735,1.236506685,1.9418091,2.51233872,2.0605907287000003,1.5425995982749998,2.7259935747974997,4.93999067413204,3.1262813305688453,7.437958490398289
zxing,25m,1.6GHz,716.9,0.2468445,1.1311402000000002,2.0112734,605.575,823.3,0.20648713500000004,0.29236298499999996,0.9632667925,1.3056221625,1.7034770575000002,2.33317586,1.5332634382,1.0535386742650001,1.99985939447,3.469926924728006,1.9806607891012025,5.035170556703986
zxing,25m,2.0GHz,538.5,0.19461060000000002,1.2694216,1.9398194,484.6675,600.4,0.1683039,0.22284539999999997,1.13548719,1.4273004375,1.7302985,2.2028367025,1.0810201142,0.8532233769900001,1.359761493455,2.255447044721838,1.4731970843188202,3.294632620461527
zxing,25m,2.4GHz,460.8,0.17352910000000002,1.544104,2.1213132999999997,393.6975,543.4075,0.13996376,0.21382475,1.3236234425,1.8354943325,1.8113559999999997,2.5288209624999998,1.0506334368999999,0.6853914323575001,1.4365251607724998,2.572153415400878,1.3276788674420914,3.992518490063219
zxing,25m,2.7GHz,394.8,0.15083609999999997,1.6744141999999997,2.1701354000000004,358.9975,444.7125,0.13137891000000004,0.1732103325,1.5157925375000003,1.8763821749999998,1.9678429400000002,2.42260106,0.8834653134999998,0.7077871106699999,1.1148922995125001,2.0478605826873784,1.3862974537903912,2.8821030304983166
zxing,25m,400MHz,2395.8,0.7147461,1.3111024,4.231323099999999,2194.5899999999997,2662.52,0.646923195,0.789195595,1.2006586650000002,1.45629032,3.8692800825,4.7285422824999985,10.3966066107,8.5835641225625,13.143258870579997,46.496460314292975,33.669165336692274,64.81135846549734
zxing,25m,800MHz,1204.8,0.3768554,0.9982175999999999,2.4736938,1130.2875,1287.0175000000002,0.34999297749999997,0.4127798474999999,0.9370815375,1.0730759775,2.3240700175,2.6511280375,3.0167657259999996,2.630729686025,3.4808892446999997,7.657576358818287,6.150910210427673,9.565485527521059
zxing,30m,1.2GHz,857.5,0.2748658,1.015863,2.0637147,767.795,977.9125,0.24404762250000003,0.31427410499999997,0.9070067424999999,1.1639251800000003,1.8497513374999999,2.3175368300000003,1.8401318181999997,1.4160724737675,2.4215902560725,4.13475284860919,2.629369998564911,6.194639815396627
zxing,30m,1.6GHz,699.1,0.2439881,1.1127074000000001,1.9775635999999999,588.8925,800.01,0.20104069500000002,0.29430644749999996,0.9476619150000001,1.31403542,1.6775593749999997,2.2884147675,1.4714317450999999,1.0474291071325001,1.958118604325,3.296616845697124,1.8351466411921944,5.05294566874196
zxing,30m,2.0GHz,523.9,0.18842779999999998,1.2455383,1.8990296,474.375,579.015,0.16630563499999998,0.21232838250000002,1.1338880749999998,1.3628783274999998,1.7351469224999998,2.0901154175000003,1.0206870147,0.8284460139650001,1.2418448530925001,2.037944538413407,1.4568340796051267,2.6815561708792988
zxing,30m,2.4GHz,456.8,0.1725585,1.5289367,2.1026429,396.8825,515.905,0.14577848000000004,0.2031209375,1.3585858975,1.7424922549999997,1.8089973700000002,2.393480915,1.0073723105,0.7594971260325001,1.3280451638175002,2.336799089414107,1.3381301622700448,3.4230043642710637
zxing,30m,2.7GHz,429.7,0.1751709,1.8251036999999997,2.3717832999999997,367.19,498.3025,0.13844996750000002,0.21439845000000002,1.5679131949999998,2.1386445649999994,2.0295521250000004,2.7677122475,1.0889286566999998,0.765444805275,1.4752904500724997,2.946480599967668,1.624179640070362,4.608694125651208
zxing,30m,400MHz,2297.0,0.6841432999999999,1.2658446,4.0652465,2195.0975,2412.82,0.653033295,0.7235019475000001,1.204932285,1.3339353999999999,3.8795656775,4.301693987499999,9.3963211905,8.5138805533775,10.4379394294,38.69607373641452,33.17393715910144,44.885001907745945
zxing,30m,800MHz,1245.0,0.38519890000000007,1.0280029000000002,2.5459655,1095.1925,1433.2175,0.33389899,0.44729789,0.9040042925000001,1.175279545,2.2413901675,2.957077552499999,3.3246610648,2.4477470890724997,4.458571951799999,9.370132686213925,5.472216804807629,14.25764830797125
zxing,5m,1.2GHz,1266.7,0.4797118,1.5338928,3.0950074,1217.9975,1317.8025,0.46163319999999997,0.503601965,1.478834565,1.5949284625000002,2.9909837199999996,3.2295015650000005,3.9360922431,3.63966251008,4.2582832449075,12.281994867929438,10.918391890285312,13.96261720879926
zxing,5m,1.6GHz,847.2,0.36149890000000007,1.3370545999999999,2.4183654,830.5875000000001,865.61,0.3524701250000001,0.372114175,1.305966505,1.3698002500000002,2.3653689924999997,2.4806062549999996,2.0514585566,1.9661553738950002,2.1431631272824996,4.974398460123153,4.642040474409196,5.3077379110103315
zxing,5m,2.0GHz,796.0,0.3859252000000001,1.8567565,2.9101135000000005,726.4,875.325,0.35238304499999995,0.4259666900000001,1.6959920849999996,2.0452359749999998,2.6569221525000004,3.2094732625000004,2.369222877,1.96939823361,2.8727207752375006,7.222352262498815,5.32268046785153,9.774685574129396
zxing,5m,2.4GHz,621.1,0.3256288,2.0526975,2.8955627,589.7975,655.2025000000001,0.3094344125,0.34285015500000005,1.9447279850000005,2.1674958424999997,2.742343925,3.045909245,1.8114615562999998,1.62576648229,2.01624095301,5.322844160023081,4.537692926047967,6.2614033013810655
zxing,5m,2.7GHz,574.5,0.3098997,2.4039613,3.1837648,535.8925,612.0025,0.28398364249999997,0.330367345,2.243281315,2.56184095,2.9565224975,3.389971405,1.8508327855000002,1.6230815745475002,2.0938746210100003,6.028170821425585,4.903360060944002,7.107434019296583
zxing,5m,400MHz,3774.2,1.2367736999999999,2.1899292999999997,6.772784199999999,3503.5575000000003,4194.92,1.10441091,1.4534585174999999,1.9120040249999997,2.6620751374999996,6.1453277150000005,7.746327179999999,26.386698341,21.5286459498525,34.2851449200075,194.50180506913154,134.57356661867323,298.8081446971779
zxing,5m,800MHz,1821.2,0.6328552000000001,1.4996643,3.7330138999999996,1756.6950000000002,1901.2025,0.6091525550000001,0.6657588475000001,1.43965917,1.57607564,3.5942943775,3.9307710724999994,6.8295334267,6.335542902035001,7.527824783252499,25.753327712123458,22.819985159645352,29.97821984805667
