Benchmark,Heap Size,CPU Frequency (MHz),Time Elapsed Mean (ms),DRAM Joules Mean,CPU Joules Mean,Package Joules Mean,Elapsed Time CI 95% Low,Elapsed Time CI 95% High,DRAM Joules CI 95% Low,DRAM Joules CI 95% High,CPU Joules CI 95% Low,CPU Joules CI 95% High,Package Joules CI 95% Low,Package Joules CI 95% High,EDP Mean,EDP CI 95% Low,EDP CI 95% High,EDP2 Mean,EDP2 CI 95% Low,EDP2 CI 95% High
batik,114m,1.2GHz,831.0,0.2987425,0.9746825999999998,2.0967893,722.4949999999999,927.105,0.25780238749999995,0.34305171749999996,0.8420480124999999,1.10152561,1.8195965525,2.37286754,1.8155195527,1.4092812739825,2.24173663158,4.102058272595321,2.727531687854821,5.342750064685337
batik,114m,1.6GHz,707.6,0.26882320000000004,1.0913084,2.0477293,638.1600000000001,774.6125,0.23487198750000002,0.29489984250000006,0.9689359350000001,1.1926244375000001,1.83421303,2.2527798150000002,1.4852299342,1.2155010347125002,1.7495803176825002,3.1824953014686015,2.3406850616336956,3.9502484952849852
batik,114m,2.0GHz,523.8,0.2084718,1.2043274,1.9207398000000002,484.285,561.1274999999999,0.1874444475,0.23115931999999997,1.109150625,1.2913394075,1.7666827475000004,2.0672507675000005,1.0212629216000002,0.8763579288875,1.186588972175,2.021839482534013,1.5943399070857371,2.5048269099888754
batik,114m,2.4GHz,439.1,0.18007830000000002,1.4400026000000001,2.0418395000000005,385.3675,483.22999999999996,0.158116425,0.1991029575,1.2690093775,1.593367395,1.7949177725,2.254662165,0.924823444,0.7428921007425,1.1114329665025,1.9975485992131141,1.4269065259398777,2.528050117966388
batik,114m,2.7GHz,413.2,0.1788757,1.7251405000000002,2.2992678,367.9825,463.5075,0.15584160000000002,0.20153489249999998,1.5216426325,1.9254869375,2.038648245,2.5620392024999994,0.9824916081999999,0.7672244867925,1.2399336606125,2.4127724807690436,1.6200163900615683,3.345190907819073
batik,114m,400MHz,2687.5,0.8411500000000001,1.4702637,5.0428528,2508.9975,2850.405,0.784179285,0.8955978224999999,1.3677107075,1.560459075,4.7342121425000006,5.3486479524999995,13.690279068399999,11.9136332282975,15.21715006651,70.4026512679997,58.645696699300785,81.57675337195037
batik,114m,800MHz,1491.4,0.4948912999999999,1.1978211,3.1852845,1288.5925,1704.5049999999999,0.42085059,0.5645361624999999,1.0294906550000003,1.3618288600000001,2.7180426775,3.623356235,4.9900137472,3.6520962220100004,6.4340398849275,17.43938834916374,11.055637201486713,24.612308992937823
batik,38m,1.2GHz,1329.7,0.6109802,1.5858643000000001,3.4429565,1197.4750000000001,1457.3274999999999,0.5734408475,0.650742105,1.44758009,1.7227954425,3.128311455,3.7236355024999996,4.6801505181,3.854859093332501,5.481809372585,16.78252849089215,12.624216438814656,21.037843994312045
batik,38m,1.6GHz,1095.4,0.6069031,1.7485353,3.3412047,1041.875,1147.22,0.5741142825000001,0.631281925,1.667425685,1.8194294325000002,3.189474375,3.4901068125,3.6820662623999993,3.3178111577399996,4.05154632808,12.438938189378582,10.73198547279331,14.236825047789022
batik,38m,2.0GHz,913.125,0.55767075,2.1382906250000002,3.49278275,879.996875,958.253125,0.5306614125000001,0.5990544031249999,2.053666965625,2.235526303125,3.361822015625,3.6664981656249997,3.2023968501250004,2.967382892040625,3.5486974362500003,11.283492320448683,9.990675193554129,13.156879219575162
batik,38m,2.4GHz,855.5,0.582138,2.8238830000000004,4.123367,818.5,921.75,0.5429385,0.62976075,2.7064205,3.04158,3.9472039999999997,4.44183325,3.54363929775,3.230781133,4.10374520375,14.750002715894484,12.752533035306874,18.39604006880728
batik,38m,2.7GHz,880.0,0.63913,3.7354434999999997,5.092041,829.0,931.0,0.624268,0.653992,3.471863,3.999024,4.776612,5.40747,4.497082959,3.9598113479999997,5.0343545700000005,23.06880185461544,18.914482402592977,27.223121306637903
batik,38m,400MHz,3268.7,1.0954713,1.8122314,6.160803400000001,2877.0924999999997,3723.1974999999998,0.9556139650000001,1.2343411525000003,1.5882186674999998,2.0599859374999996,5.414977360000001,6.945940660000001,20.972186049600005,16.049049928120002,26.133367907112504,139.69487391894842,90.14249155599003,192.29264199250366
batik,38m,800MHz,1821.3,0.6933900000000002,1.4806091000000001,3.9368223999999996,1680.1875,1989.54,0.6467188925,0.7435948575,1.3554543525000002,1.6090162225,3.6285514375,4.2836252975,7.303507292500001,6.0690349778625,8.655969189590003,29.84032336225137,22.917753879238262,38.7889973896387
batik,57m,1.2GHz,1038.5,0.44856569999999996,1.2242188999999999,2.6589602,882.9950000000002,1187.8225,0.37411500000000003,0.5279371274999999,1.0303512875,1.4096500674999999,2.2322039650000005,3.0332237925000003,2.9194844308,2.1366731647700004,3.6960401570949997,8.59422776221717,5.4171842728708794,12.075620530265907
batik,57m,1.6GHz,1053.5,0.5728030000000001,1.7260315,3.2443785,964.1800000000001,1127.4075,0.5222782975,0.61444583,1.6150686899999998,1.8183274450000002,3.0145182,3.4374678375000003,3.457854091,2.9720825944950002,3.868639709175,11.454947110831535,9.287046212732177,13.432098220304548
batik,57m,2.0GHz,780.7,0.4310732,1.7986145,2.9245363,657.595,925.01,0.323943115,0.5457127099999999,1.5165421250000002,2.1115331274999996,2.4301616299999997,3.4953696124999993,2.4678887673999994,1.6784649482999998,3.3792988834974995,8.439092028571508,4.233751833184964,13.219374788025307
batik,57m,2.4GHz,574.6,0.35606679999999996,1.8803469999999998,2.732837,486.3975,676.425,0.25827523249999995,0.47087212750000007,1.5854141150000003,2.2015713949999998,2.2728172775000006,3.2181369675000004,1.6900460402999997,1.1504464175425,2.3450453284224997,5.365076625651334,2.853526141333428,8.19349060237338
batik,57m,2.7GHz,621.3,0.4100404,2.6067991000000004,3.5412415000000004,480.79,795.4899999999999,0.28297336,0.561556465,1.9842885525,3.30633256,2.7431333650000003,4.44911782,2.5858904168000003,1.2838950633300001,4.166472014282499,12.459665835201221,4.071010283431869,22.43339807447776
batik,57m,400MHz,3620.2,1.1844115,1.9877504000000001,6.7996764,3277.3775,3973.27,1.0675297049999999,1.2980675899999998,1.8033827025,2.1797247724999997,6.1365353025,7.505739385,25.192778073100005,20.45776881751,30.340261928232504,179.38130139101165,134.48036041385114,232.68421465866513
batik,57m,800MHz,1754.7,0.6229798000000001,1.4330443999999998,3.7895019,1460.7425,2079.73,0.4999921650000001,0.7799645525000001,1.167484,1.7304936750000002,3.1931812125,4.604015662499998,7.231933036499998,4.8864869139875005,10.3357908332925,32.36558601417226,17.553442979356554,55.40218263758162
batik,76m,1.2GHz,1118.0,0.5006590999999999,1.3269347999999999,2.8792783999999996,969.3675000000001,1254.0325,0.42218838,0.57060307,1.140279575,1.4940521549999999,2.4814151800000004,3.2652803225,3.3657403470999996,2.5461246809575,4.1136071344,10.483470956278227,6.8720965643201755,13.842572976656525
batik,76m,1.6GHz,814.7,0.39478169999999996,1.2799378,2.4303467000000003,690.7,924.2175,0.33455662750000004,0.45064549499999995,1.07740564,1.4708268799999997,2.083048455,2.774878215,2.0946084491,1.5115481124925,2.6541259333,5.632558925615044,3.6718852046990316,7.650248309422215
batik,76m,2.0GHz,719.3,0.374927,1.6880676000000001,2.7144714999999997,627.3974999999999,788.6175000000001,0.324099845,0.4276980649999999,1.4780756725000004,1.8605420175,2.3697406075,2.9782611374999997,2.0195421064000003,1.6063134422125,2.3739752001450003,5.806164615486356,4.2213493439558984,7.3671588727420385
batik,76m,2.4GHz,612.4,0.3475647,2.0116027,2.8993285,558.0,666.51,0.30812623250000004,0.39594847,1.8366217399999998,2.1953388324999996,2.64316949,3.1733084175,1.8100232441,1.5302839616975004,2.1266510649125,5.454614645416457,4.108128217453627,6.973250983988112
batik,76m,2.7GHz,518.6,0.3052122,2.1469542,2.9010315000000007,427.18,600.5199999999999,0.255581445,0.3595014775,1.7792361399999999,2.4737350025,2.4645598724999997,3.3946885399999998,1.6107702245,1.1526646525200004,2.1661250062899997,5.310311624869749,2.9878751399315724,8.122624573948237
batik,76m,400MHz,3229.5,1.0696899,1.7640927999999998,6.048687800000001,2858.445,3609.0274999999997,0.9415264200000002,1.1924852375,1.5521028375,1.9619766849999996,5.340623347499999,6.7550580425,20.2579474228,15.9820999540475,25.00458082716,130.92083518615908,89.84459156548662,173.7242159771815
batik,76m,800MHz,1528.9,0.5774902,1.2432311999999999,3.3139037,1275.9225000000001,1795.3125,0.4799568175,0.67649032,1.03151738,1.44216008,2.7921346424999998,3.8650240624999994,5.4545647277,3.73290296871,7.177101729244998,20.610007106817054,11.828814034176679,29.369988612401876
batik,95m,1.2GHz,975.3,0.3432373,1.1430358999999999,2.4494689000000003,884.7674999999999,1067.2,0.3050922175,0.3816650575,1.0334115575,1.280173005,2.2114070075,2.7182527375,2.4521373626,1.9665636849299999,3.01380484097,6.3457363726354625,4.500464075746046,8.589319672406143
batik,95m,1.6GHz,597.7,0.2230044,0.9167968,1.7240053,512.0,689.7075,0.1807129925,0.260666455,0.7729181175,1.0529969049999996,1.4622363025,1.9693749275,1.0889945593,0.8028071984874999,1.353246437955,2.0733190631433263,1.3201435512018176,2.810800112991783
batik,95m,2.0GHz,522.8,0.2045837,1.1921022000000003,1.9000549999999996,472.2875,573.6025000000001,0.18014600499999997,0.2328877925,1.0644795375,1.3189888825,1.6974211325000002,2.079506885,1.0199273414,0.8140762014474998,1.233741454,2.0398708142026933,1.4639464562304199,2.6424557600911296
batik,95m,2.4GHz,492.3,0.20904530000000002,1.6277832,2.3067687999999995,464.2975,521.1075000000001,0.1978817475,0.22040014249999998,1.5422155950000003,1.7202423525000001,2.1837491824999993,2.4321328674999996,1.1440367504,1.0277946813575,1.2665068427425,2.679044254153175,2.283185459839111,3.148863109069235
batik,95m,2.7GHz,415.8,0.18925779999999998,1.7492553999999998,2.3323302999999997,384.4,447.605,0.17135427250000002,0.2112093625,1.5907227250000002,1.9113213824999995,2.1369653074999997,2.5473586324999995,0.988214049,0.8263910405575,1.1438559867875002,2.394230215491206,1.798865460763943,2.981739369839913
batik,95m,400MHz,2851.3,0.8861633,1.5491639000000001,5.3339415,2726.0925,3006.2125,0.8484963600000001,0.9371523625000001,1.4839609575000001,1.6410713674999997,5.11481213,5.608642215,15.298474881499999,13.999427415597498,16.981200611372504,82.59312912696161,71.45596389541396,95.31786991145447
batik,95m,800MHz,1366.1,0.45213000000000003,1.0996643,2.9265989,1323.8775,1413.02,0.43689530000000004,0.46720169,1.0552636375,1.1421827274999998,2.8207062450000007,3.0256090425,4.0095960651,3.7498590371325,4.2673720018550005,11.804376609190603,10.64559907803651,12.983925031922155
biojava,14m,1.2GHz,368.7,0.1502075,0.46013790000000004,0.9558779000000002,320.995,417.8025,0.12975886500000003,0.17478681,0.403393395,0.5217066825,0.8430809800000001,1.07703271,0.36802212030000003,0.2760448527,0.47144933769249997,0.3833905374766341,0.23553083814664305,0.5389335884316246
biojava,14m,1.6GHz,269.8,0.1194947,0.4522338,0.8187315999999999,232.88250000000002,311.2025,0.1010605225,0.13905737499999998,0.3978967925,0.5165708099999999,0.7158232849999999,0.9483257400000001,0.2331049921,0.16703657822500004,0.31196086561249997,0.2129953254654399,0.1225723193572371,0.3404925303495475
biojava,14m,2.0GHz,231.2,0.11213390000000001,0.5745056000000001,0.8955567999999999,199.7975,267.4025,0.09435922000000001,0.13128757499999996,0.49949186999999995,0.669159,0.7783089000000001,1.0495311775,0.21890096609999996,0.16032991618000003,0.2984972976874999,0.22036921897220826,0.1292659190964208,0.3513826885789905
biojava,14m,2.4GHz,170.6,0.0875247,0.6111755999999999,0.8508058000000001,153.0,189.505,0.07510039250000003,0.10172846,0.5555170724999999,0.6757318649999998,0.76053546,0.9426222224999999,0.14923004990000002,0.12082183981499998,0.18342758607,0.1343057084545463,0.09662490485800462,0.18286802667594051
biojava,14m,2.7GHz,156.3,0.0865724,0.7249329,0.9496399999999999,137.1925,181.1025,0.070634115,0.105471755,0.6287913175,0.8485020275,0.8248513350000001,1.1007629075000003,0.1562845269,0.11454500464,0.20812595307249998,0.16600377282285228,0.09562943165149956,0.26229799591271047
biojava,14m,400MHz,1024.8,0.34550800000000004,0.5877502,1.9536132,954.5975000000001,1099.705,0.32088665499999997,0.374117435,0.5469758025000001,0.62978637,1.8104983250000002,2.0960378925,2.0322819277,1.7352743265325004,2.3359554655725,4.0887527705850575,3.189999928716932,4.997503204671427
biojava,14m,800MHz,527.2,0.19409179999999998,0.45543809999999996,1.159326,465.64750000000004,600.2075,0.1717515325,0.222021815,0.40400018249999997,0.5207755725,1.01586351,1.3186196199999998,0.639256029,0.4746938667900001,0.8492399125274999,0.8143612275018992,0.49938067551068777,1.2225818117883134
biojava,21m,1.2GHz,351.4,0.1427796,0.44555050000000007,0.9170107,307.9725,405.005,0.12443787,0.16464997,0.3944055175000001,0.5059412575000001,0.8062019775,1.0431553175000001,0.33689944780000003,0.25259140537499997,0.4416919792000001,0.338383656074367,0.2019757659502068,0.4934128196732352
biojava,21m,1.6GHz,279.2,0.1289182,0.4789065,0.8651367000000001,246.57000000000002,313.40749999999997,0.1126038975,0.1462061975,0.4207081225,0.5447198449999999,0.7637839725000001,0.9800512075000001,0.25137786560000003,0.1926603279425,0.3231150466125,0.236102590834505,0.15415538458430264,0.33302403158002086
biojava,21m,2.0GHz,203.2,0.0993165,0.5071716000000001,0.7888426999999999,187.1975,219.0025,0.0903007825,0.10913714999999999,0.4743321675,0.543172905,0.7302030899999999,0.8482463725,0.1627995518,0.13775364031999995,0.18976886564499998,0.1324655474362392,0.10249347340185137,0.1651132449018907
biojava,21m,2.4GHz,207.7,0.1122194,0.7400939,1.0372622,170.2,249.4125,0.0900440775,0.13446222750000003,0.6058906475000001,0.8824210125,0.84132541,1.2184618299999999,0.23648115060000002,0.14869058095250004,0.329557168565,0.2910587520003114,0.13483776521732999,0.45338051326373613
biojava,21m,2.7GHz,149.0,0.0851438,0.6810487000000001,0.8954772,136.3,161.7,0.0747613375,0.09556341749999998,0.63031498,0.732091945,0.82367178,0.967080095,0.135832876,0.1140680119525,0.15925401581,0.125898523414271,0.09550229020763144,0.15520494717221117
biojava,21m,400MHz,1111.7,0.3834471,0.6575928999999999,2.1405824000000004,961.3675000000001,1285.2175,0.3330907525,0.4426844574999999,0.56326414,0.7586578725,1.8661888850000004,2.4711278825,2.4996732385000002,1.8585633981725003,3.2657687775425,5.902889245040468,3.5879310250158825,8.841752082668755
biojava,21m,800MHz,479.0,0.18216559999999998,0.4325806000000001,1.0796815,447.8,528.7399999999999,0.17022028250000001,0.20080316,0.40424850500000004,0.47146833499999996,1.01246685,1.1777962725000002,0.5263761748,0.4566541433025,0.6385659075599999,0.590544806163214,0.4646877939201054,0.7933805473764128
biojava,28m,1.2GHz,326.1,0.1383606,0.4251769,0.8693604,294.195,366.7025,0.12232604000000001,0.15775440249999997,0.3729783225,0.4842835274999999,0.7800267175,0.9789916624999999,0.2938406457,0.2280895984575,0.3754878379725,0.2765345064165231,0.1736089146131081,0.3987982689227279
biojava,28m,1.6GHz,273.2,0.1256837,0.45907580000000003,0.8348755999999999,234.0875,320.2075,0.10634622750000002,0.1495907875,0.3966135,0.5313637250000002,0.7176952225000001,0.9738682074999999,0.2425619212,0.17434703316000003,0.32794243105249987,0.22914323655220037,0.125377175963674,0.3671321183940294
biojava,28m,2.0GHz,195.8,0.097516,0.4924681000000001,0.7681457,178.995,212.7025,0.088035165,0.10705610249999999,0.4577672025,0.5291423825,0.7098246675,0.8278573624999999,0.1530368749,0.12931634150250002,0.179260220035,0.12154004287480466,0.09199278426571086,0.15288318969571824
biojava,28m,2.4GHz,154.8,0.0840334,0.5646726999999999,0.7876953,145.2975,166.805,0.07668449999999999,0.09103552749999999,0.5347960924999999,0.6007208625,0.7430181425000001,0.8402549825000001,0.12334409910000002,0.10803066040749999,0.14283568154249998,0.0994155268133627,0.08011325616959664,0.12282610372654838
biojava,28m,2.7GHz,149.2,0.0878786,0.7150877999999999,0.9321105999999999,133.2,167.805,0.074765495,0.10282706999999999,0.6417374300000002,0.7973823674999999,0.8319771925,1.044235335,0.14376280840000003,0.113721321385,0.18276971995,0.143546110167676,0.09632883202243886,0.20159558542347847
biojava,28m,400MHz,1006.4,0.34547729999999993,0.5885682,1.9362794,928.595,1099.115,0.31543568749999995,0.379541455,0.5368445999999999,0.6465166474999999,1.783915375,2.10899363,1.9876231762,1.6581041022150003,2.351565593815,4.0090251322785715,3.0031935360744133,5.178887892792576
biojava,28m,800MHz,476.2,0.17745989999999998,0.4143251,1.0506164999999998,437.2975,535.6125,0.16121606,0.20367720250000002,0.3825708950000001,0.46440138999999997,0.9658120149999999,1.17835182,0.5163425706,0.42489387983500004,0.66419913264,0.5823847992257364,0.41035199156927554,0.8673572941225265
biojava,35m,1.2GHz,328.0,0.1352905,0.41271990000000003,0.8569273000000001,285.1,392.7,0.118522425,0.15794285000000002,0.3624731075,0.4834200625,0.75037027,1.0118467,0.2987152845,0.215897647185,0.41860337169749995,0.29210012300559274,0.1619494969221917,0.5107132512356151
biojava,35m,1.6GHz,261.1,0.11681510000000002,0.43853159999999997,0.7940124000000001,231.4875,305.7075,0.10298794750000002,0.13369897249999999,0.39220950499999996,0.5086887899999999,0.7082859525,0.9290882549999998,0.21816136209999998,0.16482699019,0.2981403264075,0.1937601061022825,0.11753068884830337,0.3187241447763581
biojava,35m,2.0GHz,201.3,0.09811999999999999,0.5059385,0.7874024000000001,178.095,228.51,0.08499034250000001,0.1118043,0.4513175825,0.5723812600000001,0.69118034,0.89076176,0.1656181061,0.12415434215,0.21636073762999997,0.14246322792381133,0.0910727434099476,0.21216188958001186
biojava,35m,2.4GHz,168.1,0.09099710000000001,0.6079529,0.8469664,152.4,187.0075,0.0793939425,0.10472410500000001,0.55101014,0.6753510925,0.76388143,0.9501578525000001,0.1468885966,0.11786116210750001,0.18685857819499999,0.1329729211716844,0.09031351895928841,0.18669646832223127
biojava,35m,2.7GHz,171.2,0.0970217,0.7760925,1.0215086999999998,143.3975,199.6075,0.08041389499999999,0.11397328250000001,0.6592790124999999,0.9022517874999999,0.88184265,1.2125341925000002,0.187866159,0.12981496364,0.26694318377,0.22175994422145817,0.11978263415685327,0.3649536005217454
biojava,35m,400MHz,912.9,0.3064391,0.5319090999999999,1.7447997000000002,863.2925,976.9075,0.2903430325,0.32890493249999997,0.5071308075000001,0.5629313224999999,1.6601676775,1.8601146825,1.6081577937000002,1.4295313101525002,1.8395911288575,2.8627990851695104,2.405857375832874,3.5189844401859047
biojava,35m,800MHz,465.8,0.17448740000000001,0.4068969,1.0306823,443.9975,493.7075,0.16677086749999998,0.18583567499999998,0.3897075675,0.42767553250000007,0.9865959400000001,1.0912400249999998,0.4835052083000001,0.4384610171625,0.5386502574625,0.5057073144864184,0.43283710703175143,0.6061802893558453
biojava,42m,1.2GHz,312.1,0.1313295,0.398993,0.8253052000000001,283.695,352.31,0.11893828000000001,0.147202775,0.36286781,0.45164974500000005,0.7516145974999999,0.931788075,0.26648203740000004,0.21339894640999998,0.34129943467,0.23714833972686603,0.16030613003951905,0.3737211570885802
biojava,42m,1.6GHz,243.9,0.12683740000000002,0.47275409999999995,0.8207642999999999,220.5975,268.9025,0.10592014749999999,0.14934851999999998,0.38801844499999993,0.5716502824999998,0.70592181,0.9523824575000001,0.20630982699999997,0.16180763208499999,0.25564426851999994,0.18425006915342398,0.11838071121723079,0.26297006823558083
biojava,42m,2.0GHz,202.4,0.09854750000000001,0.5069274,0.78775,174.095,232.9175,0.08455993250000002,0.11582233250000001,0.44477123250000006,0.58199233,0.6945743675,0.9059092249999999,0.16805481630000002,0.122084772625,0.229050618945,0.1474607663663797,0.08640030057298473,0.22329969823046522
biojava,42m,2.4GHz,171.0,0.09471429999999999,0.6288634999999999,0.8775573999999999,151.5,195.9,0.08271307750000001,0.108221105,0.5533447975,0.7342468,0.7744427100000001,1.0153123375,0.1564017197,0.11807466115500001,0.20333801882999997,0.15037975576023171,0.09385350681981199,0.23398110430564303
biojava,42m,2.7GHz,149.4,0.0851196,0.6939268000000001,0.9099730999999999,125.6,180.8025,0.0683956525,0.11024393499999999,0.58941295,0.8277877324999999,0.759489785,1.0977701450000001,0.1491186505,0.0968364513225,0.23201978092,0.1654065097548717,0.07415968826372886,0.3160540917910286
biojava,42m,400MHz,975.7,0.334491,0.567383,1.8723999,926.4925,1033.52,0.31686317999999997,0.3533622825,0.5393005425,0.599550275,1.7772159450000002,1.9846299875,1.8403320625,1.6603754074525001,2.0706271214775,3.497365731413564,2.9921095671560805,4.136095939007089
biojava,42m,800MHz,520.5,0.19432359999999999,0.4507140999999999,1.1479187,464.7,579.005,0.17470340000000004,0.21714180500000005,0.40670523999999997,0.499862865,1.02756577,1.2764176950000001,0.6173593015,0.4875396862725,0.7715920175975,0.7567788355646534,0.5229899419212974,1.0620837594596435
biojava,7m,1.2GHz,2489.7,1.3194091,3.1637815,7.014441,2463.5875,2524.7,1.3020312325,1.3376264825000002,3.1283333575000003,3.2051642575,6.9406735925000005,7.097906355,17.4696001048,17.11250235032,17.930958020044997,122.62068901788254,118.88812505986485,127.23680715254314
biojava,7m,1.6GHz,1921.5,1.2226381,3.2636659000000003,6.423102200000001,1892.8925,1955.805,1.2049433475,1.2414491025,3.2105804824999997,3.3215806475000003,6.3306958474999995,6.53242901,12.350672988499998,11.989314526184998,12.813775408247501,79.44291476129773,75.97567169973802,83.84556125727683
biojava,7m,2.0GHz,1555.2,1.1121643999999997,3.851477,6.473419299999999,1526.7,1579.1,1.0582913625,1.1591517424999997,3.7548505125,3.9492050874999998,6.2440420324999995,6.678307524999999,10.0817833848,9.5281153509075,10.552001588385002,65.56293453571445,59.5262857993609,70.44298730207578
biojava,7m,2.4GHz,1275.6,0.9344240000000001,4.2313538,6.2393921,1259.1950000000002,1294.7050000000002,0.9241024900000001,0.9454479100000001,4.177923645000001,4.293629224999999,6.162182245000001,6.3350493624999995,7.962866045599999,7.765023946037501,8.1915647831575,49.73229050548078,47.89359932830028,51.97268415424659
biojava,7m,2.7GHz,1159.0,0.8945250999999999,4.8971616,6.742828399999999,1147.5,1171.3025,0.8823303000000001,0.908129505,4.834698252499999,4.970936485,6.657853942500001,6.835431470000001,7.8174812715,7.650374418909999,8.003672350455,52.75353450662034,50.99907822480791,54.74415898396843
biojava,7m,400MHz,7343.9,2.9371338,4.432781899999999,15.158978500000003,7143.889999999999,7621.9275,2.81085698,3.1422953149999997,4.146772979999999,4.9466125275,14.563546012500003,16.1300900075,111.86923731520001,104.10341942868749,123.93871795062496,1719.9139210968995,1520.3167903681372,2057.7436125160634
biojava,7m,800MHz,3683.7,1.6714171999999998,3.2108094,8.692834200000002,3643.57,3727.5125,1.6332927524999998,1.7104269374999999,3.1782373349999995,3.2425637624999997,8.5974302175,8.785346020000002,32.0317334132,31.408545803260004,32.738656547035,278.62332302530916,269.9374868448418,288.7421993625699
fop,18m,1.2GHz,324.6,0.19563610000000003,0.38096919999999995,0.8608397999999999,303.7975,346.605,0.18642535250000003,0.20761740499999998,0.358891725,0.40625950749999995,0.8078446199999999,0.9217255074999999,0.2824963824,0.24836624773750002,0.3213842362025,0.2487313204552446,0.20295610470539624,0.3082665171684391
fop,18m,1.6GHz,253.1,0.1688903,0.4035887000000001,0.7893616999999999,243.1975,264.0,0.16381784250000003,0.17520532,0.3819385325,0.43112160000000005,0.7543252075,0.8280638049999999,0.20064718739999998,0.18464003027250003,0.21942977900250005,0.1599917043162448,0.1392062143270643,0.1832974360558867
fop,18m,2.0GHz,209.7,0.1509091,0.4868346,0.8121457,196.195,228.1,0.14177723,0.16162120500000002,0.45392819500000003,0.5257024674999999,0.7546525650000001,0.8796735324999999,0.1726869673,0.15087376992249998,0.20284897145499997,0.1443486538012771,0.11472696315832762,0.18438800354079382
fop,18m,2.4GHz,190.5,0.1477478,0.6318788000000001,0.9323482999999999,171.4975,211.2,0.13376159750000002,0.16280997749999998,0.5707617999999999,0.7001475624999999,0.83498078,1.0377847299999998,0.1827679506,0.14794194014499998,0.2237866482075,0.180702957572308,0.12845286949493723,0.24223006378755454
fop,18m,2.7GHz,168.4,0.1344178,0.7122617,0.9802123,157.195,181.9025,0.1248088175,0.14723236499999998,0.64877798,0.7945538875,0.8981446825000001,1.09939657,0.16833862719999998,0.1409825528375,0.20628108681750001,0.17323106857289278,0.12622640909147556,0.23082544351669498
fop,18m,400MHz,967.2,0.3625793,0.5375001,1.8296754,927.8975,1017.1099999999999,0.34790639249999994,0.3806872825,0.5091245424999999,0.5745752449999999,1.7563332300000003,1.9370170424999995,1.7800473609999998,1.6403815370949997,1.9865735349675002,3.299050620582693,2.838548131180127,3.902303961287867
fop,18m,800MHz,484.8,0.21229229999999996,0.4030151,1.0563232,465.8,501.4025,0.2038178625,0.22077731749999996,0.38332383,0.4232020425,1.0108010575,1.1008557049999996,0.5141795604,0.47571534384500014,0.5536111422225001,0.547875968392505,0.4816497395735314,0.6099601312126695
fop,27m,1.2GHz,322.1,0.19061290000000003,0.3761901,0.8506471000000001,305.3975,339.205,0.1833608875,0.19930450250000004,0.35633413750000004,0.3990142525,0.8080337275000001,0.8947284850000002,0.2760552106,0.24859690520000002,0.30566592610500004,0.2383128650114486,0.20260045066516127,0.28251721960593373
fop,27m,1.6GHz,242.0,0.161493,0.3770934,0.7446899,232.3975,252.6025,0.1562280875,0.16661593249999998,0.362365205,0.39300295749999997,0.71574079,0.7744959575,0.1809216394,0.16662211579500003,0.19455254765750002,0.13574666057950582,0.1202971422302028,0.15179504847129796
fop,27m,2.0GHz,203.6,0.1466979,0.4746277,0.7892885,198.4975,208.4,0.1423885525,0.15117169999999996,0.462380035,0.485103585,0.7708833025000001,0.8074570600000001,0.16089445799999996,0.15360832881000003,0.16759150137,0.1273304950725644,0.11832051099905834,0.13482731607517653
fop,27m,2.4GHz,193.8,0.1523439,0.6632446,0.9705995,178.595,209.3,0.13920777000000004,0.16739759,0.6010243700000001,0.7294930150000001,0.8809191650000001,1.0602976274999998,0.1909140565,0.16016755439250002,0.22126295306,0.19200323801967367,0.14664168234913805,0.24302807899329912
fop,27m,2.7GHz,154.8,0.12672109999999998,0.6409668,0.8872375,144.4975,170.5075,0.11995626499999999,0.136272755,0.5954694225000001,0.7099182625000001,0.8275009725,0.9709468925000001,0.1400579182,0.11902747173,0.17043867035000002,0.1297816935085614,0.0999623364158108,0.1794439348750422
fop,27m,400MHz,923.8,0.34551410000000005,0.5025818999999999,1.7376404,895.0925,951.01,0.33763084000000004,0.352539315,0.48790838,0.5153537425,1.6868728024999997,1.7823073325,1.608577606,1.5204752772099999,1.695503859435,2.8062585475359914,2.5800446592021373,3.033796150374185
fop,27m,800MHz,510.5,0.22399299999999997,0.41911620000000005,1.1079894000000001,480.19,547.9175,0.2125664925,0.23665362749999996,0.3961121425,0.4497901199999999,1.0453470725,1.1843297650000002,0.5716782163999999,0.5098368398175,0.656238538835,0.6478573382719617,0.5229836689028776,0.7899068538819152
fop,36m,1.2GHz,342.2,0.1962341,0.4065247,0.9069092999999999,315.2,376.1175,0.18340699249999998,0.2126178325,0.370772585,0.44662277749999996,0.8286430349999999,0.9948424749999999,0.3171806917,0.262317614235,0.3841449426375,0.3010241218585086,0.22368857799095057,0.39827214236176905
fop,36m,1.6GHz,247.3,0.1648619,0.38370390000000004,0.7602967,227.29000000000002,273.305,0.152379475,0.18028625999999995,0.34986986499999995,0.42444682,0.6966232725,0.8401028675,0.1924811387,0.159283633325,0.23928428138999996,0.1540348458134477,0.11223285405921986,0.20954932120612216
fop,36m,2.0GHz,192.3,0.1379943,0.4465089000000001,0.7428832,179.4,206.1075,0.13084552000000002,0.14499723499999997,0.41975861000000003,0.4755944375000001,0.6984124399999999,0.7917197224999999,0.14449863570000002,0.12791697178499997,0.1638838425975,0.1097477340290233,0.08786479960849422,0.13404328711890276
fop,36m,2.4GHz,201.8,0.1498293,0.6670535,0.9806701,182.6975,221.20749999999998,0.1374071225,0.1626955525,0.5962818675000001,0.7325454874999999,0.8839662374999998,1.074711885,0.20267267900000002,0.1649257473925,0.24077411023999998,0.20804996445883978,0.15070945647177889,0.2656178573652155
fop,36m,2.7GHz,163.6,0.13006579999999998,0.682141,0.9440066,154.8,174.1025,0.12517623,0.136352555,0.644254715,0.7247263850000001,0.8949476550000002,0.996207465,0.1558017551,0.13908261481,0.1779084534275,0.1497617646513083,0.12328956997338955,0.1790608201601323
fop,36m,400MHz,878.2,0.3282654,0.4955322000000001,1.6663757000000001,836.6,916.8025,0.31096194250000003,0.34317777250000003,0.45887531500000006,0.5287732275000001,1.57377805,1.7459615425000001,1.4728929276999998,1.32701024843,1.5973953057449997,2.4865409467670694,2.1034586269962623,2.7986002643424865
fop,36m,800MHz,479.2,0.2121092,0.4003236,1.0501223,436.7,518.1025000000001,0.19401564500000001,0.2287928475,0.36438797,0.43413892500000006,0.9569123824999999,1.1376078275,0.5120606109,0.4225287032675,0.6009503130649999,0.5566326594797213,0.42839133309303823,0.6848999180256489
fop,45m,1.2GHz,314.1,0.1901487,0.378998,0.8466735999999999,302.795,323.8025,0.180731,0.200453785,0.3572240675,0.40558958,0.8088213224999999,0.8850315599999999,0.26692812629999996,0.246094011315,0.2869457654025,0.22812830717242952,0.20007517858492962,0.25429337719415784
fop,45m,1.6GHz,245.6,0.16259170000000003,0.38414929999999997,0.7563719,228.2975,271.7025,0.15396750000000003,0.17540305250000002,0.3555358475,0.42382982250000006,0.7033488125,0.8356359675,0.1896912617,0.16079020309999997,0.23189978192750002,0.1501795276125545,0.11292254325523479,0.207096681941151
fop,45m,2.0GHz,193.9,0.1436524,0.47311999999999993,0.7748900000000001,185.1975,202.20499999999998,0.13580645000000002,0.1540052225,0.428435795,0.52863257,0.7180092675,0.8457949549999999,0.15138714790000002,0.13386178212500002,0.17169982661499997,0.1202093464103905,0.09788165429276043,0.14601834014774123
fop,45m,2.4GHz,178.6,0.13784829999999998,0.5867676,0.8691038000000001,166.3,194.10999999999999,0.1293215475,0.14905501,0.5443121599999999,0.6364990524999999,0.8095829524999999,0.9438716175,0.15775144280000003,0.13579159457500004,0.18955767569499998,0.1419130670957804,0.11021091764020449,0.18674835392484515
fop,45m,2.7GHz,162.5,0.1289671,0.6773317000000001,0.9337768000000001,148.5925,179.505,0.1192009325,0.141791065,0.6175263900000001,0.7507200974999999,0.85265734,1.0370077924999999,0.15533416590000002,0.12830881437,0.19023034683249995,0.1524912187141511,0.10988128605196944,0.20325262592982543
fop,45m,400MHz,907.3,0.34223020000000004,0.5013551,1.7144653,835.8600000000001,1010.8274999999999,0.3152887999999999,0.3773323175,0.45971659000000004,0.5548454399999999,1.5789416925000002,1.8978535849999998,1.5975400141000002,1.3363172057425,2.0055256664575,2.9062025643638387,2.1083590895165347,4.1923865667714395
fop,45m,800MHz,469.7,0.20524309999999998,0.38516839999999997,1.0190489999999999,454.3975,484.0,0.19776615250000001,0.21179910000000002,0.371703035,0.3968985,0.9866916024999999,1.0505559,0.47991329660000004,0.4481727813575001,0.5094553652825001,0.49165278805144064,0.44462139960966013,0.5369280140863356
fop,54m,1.2GHz,311.3,0.18865359999999998,0.36638800000000005,0.8313537,301.3925,319.5,0.18174211,0.1947332025,0.35448661,0.37477490750000003,0.8053457399999999,0.84966435,0.2592705638,0.24348564074999998,0.27041239102500003,0.21635107676267,0.1970030746935674,0.22966840662307014
fop,54m,1.6GHz,233.0,0.1547425,0.36589360000000004,0.7207821999999999,218.2975,250.3025,0.1454157875,0.1639415275,0.34098053250000004,0.39124327749999993,0.6710763175,0.7757964775,0.1701256431,0.14670006858500004,0.19575779079500003,0.1258878997344289,0.10037795528599902,0.15408222258683746
fop,54m,2.0GHz,210.9,0.1519776,0.4924804,0.8190307000000001,193.5975,233.21249999999998,0.1398716075,0.1669284,0.448682665,0.543939405,0.7515270150000001,0.9019721199999999,0.17654430470000002,0.1460547779125,0.20945167393499997,0.15141881560196752,0.11127788478785434,0.19609524216712848
fop,54m,2.4GHz,177.8,0.1355654,0.587024,0.8663025999999998,165.5975,192.0025,0.12815442,0.14486044,0.5490882125,0.63503125,0.8097765275000001,0.9377448549999999,0.1563264968,0.1339429075475,0.18544035253999996,0.13967010149484377,0.11087412249920833,0.1839998344910797
fop,54m,2.7GHz,165.7,0.1311708,0.6911073,0.9535949,154.09,177.105,0.12338066500000001,0.13967382,0.6444860450000001,0.7451568999999999,0.887655915,1.0254818975,0.16025190920000001,0.137091581085,0.18365326870499998,0.157095458091964,0.12302406944745793,0.1928057379049387
fop,54m,400MHz,911.2,0.34068629999999994,0.5001038,1.7156249000000003,892.995,925.0,0.33397093499999997,0.34677861249999997,0.48622842,0.5182274399999999,1.67796131,1.7479578475,1.5645803431999998,1.5062293427199998,1.61809740492,2.689107539109004,2.522169605552645,2.8150749064120912
fop,54m,800MHz,479.8,0.20765989999999998,0.3930724,1.0366943999999998,454.09250000000003,510.005,0.19586702749999998,0.22118129,0.37319781750000003,0.41933239749999995,0.9837319625000001,1.1005667375,0.5016958383,0.4501278474375,0.5667964507325001,0.5294318672156376,0.4434542721145773,0.6300833687390853
fop,9m,1.2GHz,1789.7,0.9196778,2.1352478,4.6335204,1707.7775000000001,1866.305,0.8832697475000002,0.9603211075,2.0372292375000005,2.2138426499999997,4.427030200000001,4.823381317500001,8.332735796200001,7.639181956960002,8.968674638900001,38.97179150446047,34.171615999328516,43.558265071016415
fop,9m,1.6GHz,1364.9,0.8580748,2.1598572000000003,4.1929625999999995,1302.29,1427.91,0.8229702400000001,0.8960959024999999,2.0485199,2.2588389175,4.0027454025,4.3919191049999995,5.755372999500001,5.2377219604175,6.280250074962501,24.40379914042319,21.293537383440423,27.631950528834928
fop,9m,2.0GHz,1127.7,0.8140197,2.6453247,4.4042176,1093.785,1159.5125,0.7915824475,0.8387575525,2.551529755,2.73216556,4.2631667975,4.547236365,4.9781627889,4.6699715632775005,5.244844102242501,22.034194279636758,19.930455999659767,23.913687800282574
fop,9m,2.4GHz,909.3,0.7188171999999999,2.9869078,4.442553899999999,891.895,930.5049999999999,0.7052652574999999,0.737869605,2.9356202524999997,3.0439522699999997,4.3636195849999995,4.532163359999999,4.043975778800001,3.8983020493425,4.227454203524999,18.003605636114486,17.001563602727458,19.285943734921304
fop,9m,2.7GHz,826.1,0.6746336,3.3879822000000006,4.7141113,799.9925000000001,851.2075,0.6548909275,0.6932444799999999,3.27380056,3.501421095,4.5519509650000005,4.8573937575,3.9050458422,3.6497498358400007,4.148178631295001,18.510572725247048,16.881001868484088,20.309546364961964
fop,9m,400MHz,5111.9,1.8556211999999999,2.8336669,9.6009888,4957.59,5235.705,1.796227025,1.8989693724999999,2.7361839825,2.9190129075,9.299933187499999,9.8372810125,49.175336466800005,46.13903006973249,51.45575736440999,473.9517056755118,431.9338348497325,507.2859407953703
fop,9m,800MHz,2717.2,1.1705747000000002,2.2801451999999998,5.936907799999999,2672.8,2773.8050000000003,1.1447566450000002,1.2025885175,2.23159622,2.3276457050000006,5.825714342499999,6.076774535000001,16.147758087899998,15.582649589429998,16.8728395886175,96.06909811841838,90.49644223486027,102.08030786185194
graphchi,282m,1.2GHz,1772.9,0.6861937,1.9037354,4.305236899999999,1768.5975,1777.2,0.6813773949999999,0.6923859024999999,1.8846040549999996,1.9240844025,4.279280937500001,4.329989907500001,7.6328932705,7.575416471204999,7.687109073687502,32.86487516406969,32.41207513755358,33.29203717425812
graphchi,282m,1.6GHz,1338.6,0.5729736,1.8973391,3.7357057000000005,1334.7,1342.5,0.5647740625000001,0.5829897599999999,1.8741411224999998,1.92248793,3.7045695575,3.7657873674999998,5.0008048166,4.946790739679999,5.053219259690001,18.685788707763212,18.341291708999044,19.033263577277015
graphchi,282m,2.0GHz,1070.0,0.49172340000000003,2.2379393,3.7213747000000006,1067.5,1072.8,0.488885245,0.4953856075,2.2190940825,2.2611231450000004,3.7026291800000006,3.7425282875000003,3.9818256298000003,3.962286085457499,4.0034954500225,14.818839925079857,14.67294207387405,14.973129420397147
graphchi,282m,2.4GHz,896.4,0.44313959999999997,2.643866,3.8996523000000005,893.9000000000001,899.0025,0.43828039249999995,0.44891609000000005,2.61554072,2.6749579575000006,3.8671936474999997,3.938095905000001,3.4957401384,3.4619081268625007,3.5335556021199994,13.635328549953783,13.381296767532735,13.908840469916155
graphchi,282m,2.7GHz,797.8,0.42100240000000005,2.9997619999999996,4.1296753,795.7,800.7,0.41373273999999993,0.429505265,2.9627314350000002,3.0497994774999997,4.0834884725,4.185313795,3.2948568596000003,3.2503711154099997,3.3430308130699995,13.612844761801615,13.276616882819768,14.005661998806419
graphchi,282m,400MHz,5454.2,1.7651918000000002,2.8711669,10.122674399999998,5421.090000000001,5484.1,1.7522043575,1.7800616324999996,2.8368930924999995,2.9091279625,10.0646247075,10.194026849999998,55.21540845129999,54.5628353275125,55.8444646310425,559.0348353899446,549.1190760075135,568.6708567799008
graphchi,282m,800MHz,2685.2,0.9591187,1.9853697000000003,5.5970093,2677.3,2693.7025,0.9521784425,0.9648805524999998,1.9738839124999998,1.9994659025,5.57584764,5.617678855,15.029448337899998,14.92833146796,15.1289301423825,84.12534841734865,83.24528573403269,84.95761411633312
graphchi,423m,1.2GHz,1778.2,0.6938049000000002,1.9066532000000003,4.3218505,1774.9,1781.9,0.6854488950000001,0.7053417750000002,1.8894825749999997,1.9276677,4.3002540125,4.3475249074999995,7.685082921300001,7.6424207769175,7.7312300259675,33.2163955603333,32.861178840646254,33.619260888664016
graphchi,423m,1.6GHz,1332.1,0.5654115,1.8787600000000002,3.7048034999999997,1328.9,1335.2,0.5598143475000001,0.5733738049999999,1.860105465,1.9032721600000002,3.68310804,3.7337201750000006,4.9352499037,4.8979549511825,4.977420237765,18.286599666304358,18.04881010734641,18.578556113797305
graphchi,423m,2.0GHz,1069.5,0.4897826000000001,2.233337400000001,3.7160585,1066.1975,1072.5024999999998,0.48547954749999994,0.49467277,2.2146662925,2.2551403775,3.6946110525,3.7392619549999995,3.9743669346999995,3.9481626152174996,4.006705967115,14.770608512749883,14.584549297375261,14.973466778592215
graphchi,423m,2.4GHz,896.2,0.44007579999999996,2.6160095,3.8690795000000002,894.4,897.9000000000001,0.4381525375,0.4419932200000001,2.60788489,2.6255030374999997,3.85615713,3.8830230050000005,3.4675197501,3.44974460648,3.4856642695324997,13.416701492607576,13.306029262659438,13.536407752441024
graphchi,423m,2.7GHz,802.5,0.4164854,2.9921508,4.1252139,799.8,805.6025,0.4130426924999999,0.42127141749999997,2.970831145,3.0214238149999995,4.098619735000001,4.1565556675,3.3105379407999997,3.281105612545,3.33755377305,13.658775948631051,13.446310585207009,13.886304803634005
graphchi,423m,400MHz,5442.1,1.7552065,2.8555542,10.084533599999999,5407.897499999999,5472.91,1.7413332975000002,1.7704817249999998,2.8232769725000004,2.8893612975,10.013763945,10.152006605,54.8864412082,54.16647165267,55.587410369562505,553.6278119290431,543.4514562798456,563.8572435432094
graphchi,423m,800MHz,2680.5,0.9526674999999999,2.0070315,5.5991026,2672.8,2689.6,0.9448842775,0.9611705025,1.9764689675,2.0382330125000006,5.561501444999999,5.64329018,15.008842130100001,14.859050713027498,15.137892121815002,84.04865502637017,82.73043858177527,85.26371486143424
graphchi,564m,1.2GHz,1801.4,0.7247436,1.9366087999999997,4.388641600000001,1797.9,1804.8,0.7190184000000001,0.7328271375,1.9130645499999999,1.967291355,4.362060135000001,4.420901959999999,7.9057691561,7.848211042377499,7.96706440054,34.70036528995474,34.235950503832036,35.205782673125604
graphchi,564m,1.6GHz,1350.6,0.5969482,1.9026857,3.7633912,1346.7975,1354.0,0.5922605475,0.6033464725,1.8888031925,1.9190553074999996,3.7487528200000004,3.7816471525,5.082806128700001,5.0585131473225005,5.1056001701725,19.129437935965804,18.976795140004675,19.310921266193933
graphchi,564m,2.0GHz,1085.7,0.5190249,2.2560668,3.7699037000000004,1081.5974999999999,1089.3,0.5171205449999999,0.520856,2.2450002875,2.270146325,3.7594968375000004,3.78157411,4.0930048825,4.073751128742501,4.1132026249175,15.430678281282288,15.317075086627515,15.548409456174314
graphchi,564m,2.4GHz,913.1,0.477234,2.6858888,3.980358699999999,910.8975,915.2,0.47231394,0.48323390750000006,2.6635393325,2.7101095299999995,3.950932584999999,4.008504392499999,3.634568342,3.60162268027,3.665718486205,14.469197104780235,14.252371171971165,14.698096133894099
graphchi,564m,2.7GHz,818.4,0.45628070000000004,3.0971191,4.2665527,815.9000000000001,821.2,0.4461964775000001,0.46997124999999995,3.0420741400000004,3.1527645024999997,4.20374643,4.3359131525,3.4917460594999996,3.44034571777,3.5461909353024996,14.906368256677311,14.477293888862784,15.380485266859642
graphchi,564m,400MHz,5468.9,1.8147461999999996,2.8900575999999996,10.175842399999999,5443.0925,5494.3099999999995,1.7950174649999997,1.8402589025,2.84704142,2.9426336075,10.108708364999998,10.252771782499998,55.654344827900005,55.06201474766999,56.36547896627751,566.4480509913972,555.986859881963,577.4994863230331
graphchi,564m,800MHz,2704.1,0.9908508999999999,2.0053162999999996,5.6430237000000005,2694.4,2714.11,0.9828654175,1.0009550425000002,1.9819516424999999,2.0319567325000003,5.604629752499999,5.683403482500001,15.2602106712,15.115617146192498,15.416752030067501,86.12926646021677,84.70138622438093,87.56610611296797
graphchi,705m,1.2GHz,1795.0,0.7201599,1.9103274,4.3536071000000005,1790.1975,1799.9025000000001,0.7152461949999999,0.7260875225,1.89889773,1.9242908749999998,4.3344459099999995,4.3746171325,7.8148405403,7.768389738759999,7.8670056771775005,34.025098986627356,33.69439470193557,34.41101851245446
graphchi,705m,1.6GHz,1353.1,0.5972411,1.8906431000000001,3.758905,1349.4,1356.5,0.5924378000000001,0.6032041,1.8781912924999997,1.9042142075000001,3.740390795,3.776624010000001,5.086273263400001,5.050757307495,5.11784137273,19.120429307355273,18.896779546182437,19.333243075954076
graphchi,705m,2.0GHz,1086.3,0.5194702,2.2419980999999995,3.753955,1082.9,1089.1,0.5171925424999999,0.5225409625,2.2325365899999996,2.2529174999999992,3.7415089899999994,3.7674902625,4.0779884416000005,4.055046276102501,4.09960130766,15.30928136314028,15.165404538523083,15.432318382704267
graphchi,705m,2.4GHz,913.7,0.47390730000000003,2.6596985,3.9491699,911.0999999999999,916.0999999999999,0.46941992749999994,0.4784885575,2.64836903,2.669757405,3.9303933824999993,3.9686167674999995,3.6084359424,3.5821075601375,3.6316171836849995,14.251491647539305,14.075285820649416,14.403810655196933
graphchi,705m,2.7GHz,817.1,0.4459351000000001,3.038788,4.2013488,814.0999999999999,820.3,0.44308388,0.4494703775,3.0201144975,3.0646439324999997,4.176751145,4.228200194999999,3.4329843971000003,3.4062116223025,3.4598915566499997,14.424836899871158,14.223014613645015,14.617699922263457
graphchi,705m,400MHz,5506.1,1.8195742000000004,2.8703797,10.210211099999999,5470.59,5536.799999999999,1.8024962500000001,1.8351332674999996,2.8385879675,2.90015931,10.1258910475,10.274635282499998,56.224447237999996,55.359541693125,56.90331611230751,574.2027734127896,561.2675007697727,584.4041411892592
graphchi,705m,800MHz,2703.1,0.995172,2.0226988,5.659875400000001,2694.595,2712.5,0.98837626,1.0029175524999998,2.0018676925,2.0450499525000003,5.634780749999999,5.6855367925,15.299475990100001,15.191565859412501,15.402532689052498,86.59950951081312,85.62373631747396,87.51664174224354
graphchi,846m,1.2GHz,1789.7,0.7186646000000001,1.9021545,4.3406188000000006,1783.8975,1795.4,0.7146232849999998,0.7236826675000001,1.8879677675000002,1.9213135125,4.320195945000001,4.3651561625,7.768679055200001,7.7066526681375,7.831997522319999,33.724544540677826,33.31575487328432,34.15963994045186
graphchi,846m,1.6GHz,1354.2,0.6053771,1.9204834000000002,3.7906921,1350.7,1357.8000000000002,0.59260143,0.6260223500000001,1.8897826350000002,1.9627091899999998,3.7469993324999997,3.8462767525000006,5.1333525717,5.074326008252501,5.211372191072499,19.467895394124906,19.015677070314496,20.02540282884057
graphchi,846m,2.0GHz,1087.1,0.5185487,2.2426943,3.7541199999999995,1083.8000000000002,1090.6,0.5157652925000001,0.521118555,2.2340089874999998,2.252473515,3.7409473825000004,3.7675313249999998,4.0812006264,4.056182309327499,4.108661208327499,15.322218936272327,15.177762249866632,15.480157050680788
graphchi,846m,2.4GHz,913.4,0.47379740000000004,2.7061523000000003,3.9912048999999996,910.5,916.5,0.46727884750000004,0.4824786300000001,2.668246965,2.7502626525000005,3.94758059,4.036395550000001,3.6457756449999996,3.5970189083024997,3.7012947440449997,14.557131189478877,14.18826042430781,14.94553076777797
graphchi,846m,2.7GHz,817.9,0.4462707,3.0428404000000002,4.204303,816.3,819.5,0.44182704749999996,0.45181270249999994,3.0105175675000004,3.080784735,4.1651298924999995,4.247732802499999,3.4387622982000003,3.4023441835549995,3.4738701076225,14.461417344287039,14.185966512516071,14.766936751990608
graphchi,846m,400MHz,5491.3,1.811841,2.8708432999999998,10.189276099999999,5459.297500000001,5525.902499999999,1.7964576524999998,1.8283214624999997,2.8270891325000003,2.922977825,10.102353544999998,10.276425405000001,55.9594515429,55.135855405689995,56.80138919617501,570.3682876186687,558.6814660297897,583.6425047286009
graphchi,846m,800MHz,2705.5,0.9982361000000001,2.0220152999999996,5.6694824,2692.7925,2719.2149999999997,0.9849173325,1.0152372,1.9895444350000002,2.0550802475000003,5.621167815,5.724816800000001,15.340274953199998,15.150412020675,15.5566368229525,87.00121457895384,85.18078610651435,89.37728302947218
h2,138m,1.2GHz,668.9,0.29611200000000004,0.8203735,1.7299379000000001,637.7,709.7075,0.27244839749999994,0.32200401749999996,0.7800653900000001,0.8668593699999999,1.6471607800000003,1.8371348925000002,1.1661440469,1.04660547091,1.3190985848,2.050874329358666,1.737788886841448,2.433461817168834
h2,138m,1.6GHz,531.6,0.29466559999999997,0.8619875,1.6197935,508.99,554.605,0.26981317000000005,0.32375028,0.815774175,0.912597655,1.533628575,1.7070756825,0.8662875009000001,0.78861654953,0.9479475257125,1.422302031495526,1.2247827434707983,1.6616198391276007
h2,138m,2.0GHz,410.0,0.2540285,0.9694338000000002,1.574884,392.3925,430.905,0.224224745,0.28459774750000005,0.9256471974999999,1.0147037525,1.4928005975,1.6590219325000002,0.6500125323000001,0.5848736520925002,0.7171470505175,1.0379498083927319,0.8949485721739453,1.1957305289748257
h2,138m,2.4GHz,351.7,0.2417297,1.1908203,1.7322938,333.3975,374.22499999999997,0.22418723750000003,0.2588480775,1.1268085275000002,1.2621332925,1.6415029225000002,1.8424234225,0.6147222276,0.5475937333324999,0.7051351128675,1.0853002549618918,0.9078986420923632,1.3274685164502498
h2,138m,2.7GHz,320.2,0.23153700000000002,1.3697876999999998,1.8680237000000002,305.895,335.105,0.20874543500000003,0.25672361000000005,1.311525475,1.4471086275000002,1.7789663299999998,1.9725330800000003,0.6018222728000001,0.54528112601,0.6669033714849999,1.1391606714388747,0.983002861766789,1.3219230265168977
h2,138m,400MHz,1942.6,0.6914914999999999,1.0951479,3.6869629,1854.6950000000002,2022.5225,0.65793703,0.7304154800000001,1.0430658375000001,1.14618911,3.509207775,3.8496372675000003,7.1976250659000005,6.646515855952501,7.800776057794999,26.79880910775219,23.151488736942394,30.51855150884708
h2,138m,800MHz,1013.3,0.41055910000000007,0.8649903,2.2312439999999993,992.4949999999999,1039.21,0.38968231000000003,0.4356515649999999,0.84642009,0.8869628549999998,2.1815988,2.291898675,2.2645509968999997,2.1678970584774997,2.3983867821675,5.07032192217,4.736105678902508,5.53056896790976
h2,207m,1.2GHz,654.8,0.3012451,0.8020627000000001,1.7012328,640.6,670.1025,0.28441011499999996,0.32134695249999995,0.7822730575000001,0.8250128700000001,1.6595027,1.7495127175,1.1154457157000002,1.0688273897175,1.1727876385275002,1.9034309755266938,1.7686306422059688,2.0485342533037465
h2,207m,1.6GHz,527.6,0.28123770000000003,0.8538758,1.5954221,505.895,550.5024999999999,0.2584676325,0.3058257175,0.8218777875,0.8887042375,1.5278894399999998,1.6636417075,0.845642567,0.7757996602400001,0.924218312835,1.362003835655166,1.1921485439503434,1.5414011490835688
h2,207m,2.0GHz,428.2,0.2544314,1.0178283,1.6410217,407.1975,451.90999999999997,0.2315006575,0.27759272,0.9593383000000001,1.0723059625,1.5524859825,1.7390792375,0.7083428862999999,0.6294053448799999,0.7930470345224999,1.1822674025987179,0.994473494212732,1.400773026031791
h2,207m,2.4GHz,369.3,0.25488279999999996,1.2513001000000001,1.8149292000000004,346.2,391.0075,0.23026033249999997,0.2802694875000001,1.1614962424999997,1.3282476600000002,1.6926030525,1.9254459075,0.6771510358999999,0.5898720088824999,0.7562383339874998,1.2547903437670045,1.034459927496014,1.4882466161389951
h2,207m,2.7GHz,316.2,0.23445429999999998,1.3456787000000001,1.8375,295.8,334.5075,0.21458703750000002,0.25360246999999997,1.2579221999999999,1.4218091625,1.7166240075000003,1.9345760425,0.5869177809,0.513983871355,0.6502843697299999,1.0990284645496797,0.8903963538954488,1.2738072780221448
h2,207m,400MHz,1984.1,0.7160462,1.1409363000000001,3.7967896999999993,1924.9,2055.9025,0.691962955,0.7399668675,1.1033196925,1.1782079650000004,3.6865893250000004,3.916183905,7.5522967811,7.141277142235,8.087027523135,28.818613182653017,26.231783577093353,31.748321388003276
h2,207m,800MHz,1037.9,0.424408,0.8928588,2.2864749,980.5975000000001,1097.8025,0.4007630000000001,0.4498779025,0.8388446225,0.946771215,2.156010875,2.410945335,2.3926956811,2.1455595726224996,2.6831178256125,5.561988869950609,4.636002225090848,6.4877496541533235
h2,276m,1.2GHz,649.9,0.3075135,0.8477292999999999,1.7441527000000001,565.6675,708.4075,0.26284874500000005,0.34745026999999995,0.7070268675,1.0118651525,1.4969602000000002,1.9664501825000003,1.1740140887000001,0.9234688538025,1.4035238595175,2.1899547997290525,1.5799542279895529,2.8542754099109
h2,276m,1.6GHz,516.3,0.27292479999999997,0.8305664,1.5545227000000001,490.095,544.0999999999999,0.24174667249999998,0.31477812,0.7925267450000001,0.8680840349999999,1.4668173825000002,1.6437825325,0.8085526985,0.722042787805,0.899645012015,1.2768002615338419,1.0815277882883096,1.4893967015620755
h2,276m,2.0GHz,407.4,0.2491453,0.9654784,1.5596926,388.1,433.005,0.23495374750000003,0.26493622,0.91798939,1.0168801075000002,1.4862224524999998,1.6440085850000001,0.6400971835,0.5799387465625001,0.7189502849,1.013605180381505,0.8619427726803521,1.2120067509620156
h2,276m,2.4GHz,340.8,0.2271668,1.1597412000000002,1.6786196,330.1975,354.2075,0.20614233499999998,0.24796891499999996,1.119932875,1.20139796,1.61771137,1.7446668674999999,0.5739475302,0.5349927217125,0.6197655740550001,0.970474874470783,0.8679453713538501,1.0887690944035853
h2,276m,2.7GHz,295.8,0.2317809,1.2465087,1.7115234999999998,265.295,319.305,0.201968345,0.25685252000000003,1.1185027449999998,1.3426604525,1.5231128850000002,1.8607300850000004,0.5184120546,0.42685010081999997,0.5980878704650001,0.9237654877114778,0.7142900844544722,1.126702943677332
h2,276m,400MHz,1922.5,0.6813477000000001,1.0683835,3.6379211999999996,1879.0825,1952.7,0.6609554400000001,0.6990482075000001,1.0460700125,1.0848278299999998,3.5675358975000004,3.696278745,7.0003078496,6.717862985694999,7.22771356944,25.513120588053688,23.850355902942738,26.6734391385643
h2,276m,800MHz,1034.7,0.42368170000000005,0.8807677999999999,2.2735533,991.995,1079.9125000000001,0.394744095,0.453155505,0.8485435825000001,0.9173979025,2.1821409975000003,2.3701906725,2.3637630255,2.1597996375125,2.5786972032824997,5.425618698313157,4.770720611951233,6.150279285580814
h2,345m,1.2GHz,654.9,0.29800409999999994,0.7898741000000001,1.6794373,628.8925,679.5175,0.27123470749999995,0.32693465999999993,0.7620378375000001,0.8216298875,1.6089104900000002,1.7628901449999999,1.1050513481999997,1.01772555772,1.2086489890949996,1.8748605140882961,1.64358712699317,2.150911061620375
h2,345m,1.6GHz,489.8,0.2719116,0.7825011999999999,1.4737244999999999,463.8,518.515,0.24352211000000004,0.30124311749999994,0.739311635,0.8305005799999999,1.3914802000000004,1.5629656349999999,0.7277808417,0.6461569650274998,0.8128706121775001,1.0908566981248533,0.9125695132991511,1.2853891018826262
h2,345m,2.0GHz,415.8,0.2628786,0.9805481,1.5959716999999998,396.2975,436.3025,0.2387502075,0.2891915825,0.9356622849999998,1.0266383449999998,1.5243127374999998,1.676668085,0.667750615,0.60672844572,0.7364714639275,1.0798034416328401,0.9179274194847776,1.2413392776912737
h2,345m,2.4GHz,345.9,0.24728370000000002,1.1909179,1.7273010000000002,322.7975,367.71,0.23014449250000002,0.264845995,1.10888155,1.2773427475,1.6040409425,1.8668532450000002,0.604480233,0.5344386194575,0.68802671483,1.0706263879730469,0.8608336636961769,1.2986267531305657
h2,345m,2.7GHz,300.4,0.2191772,1.2689943,1.7318114999999998,288.3,314.4,0.19635797,0.24327475999999998,1.215326545,1.3231244225,1.6604536724999999,1.8078990875000003,0.5228929263,0.4772807534299999,0.5677396667825,0.9150157309156894,0.8013986035078046,1.0480559095687483
h2,345m,400MHz,2040.8,0.7313965999999998,1.1608764,3.8882019999999997,1947.7875000000001,2148.02,0.6931225775,0.7685145525,1.1120882525,1.2119197500000003,3.708657995,4.093165849999999,7.985438460999999,7.289994117480001,8.823922487625,31.447778735498918,26.99681497630963,35.99967651306314
h2,345m,800MHz,1041.1,0.4261963,0.8997923,2.3060544999999997,995.395,1095.7,0.4027157400000001,0.45313298750000003,0.8615896825,0.9524891974999999,2.2141356,2.4209767875,2.4150896521,2.2143455555025007,2.6741487081625004,5.639334907785768,4.877606587246655,6.668186861264725
h2,414m,1.2GHz,708.5,0.3268067,0.8691528,1.8391539,666.865,756.9200000000001,0.29808284500000004,0.35710359,0.8158648625,0.9261356225,1.7261488750000002,1.9556713924999996,1.3157374964000002,1.1612425546275,1.4735300186149998,2.4681468056672613,2.058001036466446,2.955669449656617
h2,414m,1.6GHz,507.5,0.26902460000000006,0.8147583,1.5297363,479.5,534.7025,0.245195985,0.300337075,0.7740793525,0.85922265,1.4477543775000001,1.61225819,0.7825410445000001,0.6967852093800002,0.8741222270975,1.2169546440946726,1.026015809322015,1.4299341501691694
h2,414m,2.0GHz,430.9,0.2692567,1.0881105000000002,1.7224975999999999,411.0975,452.1,0.24731358499999997,0.2911983025,0.9852951199999997,1.23728163,1.5831935475,1.9048330074999997,0.7456815638,0.661310845585,0.82582333213,1.314829204248873,1.0749986617913365,1.5600309434705342
h2,414m,2.4GHz,324.9,0.2148987,1.0971255,1.5919190999999997,316.8975,332.4,0.19988074,0.23056635,1.0640136875000001,1.1298892774999998,1.5499644074999999,1.6341910924999996,0.5180466922999999,0.4932317532399999,0.5437654543425,0.8275307826434443,0.7653596742019851,0.891080200413388
h2,414m,2.7GHz,306.1,0.24194949999999996,1.2988162,1.7857359000000002,297.4,315.1025,0.218052065,0.267222365,1.256689545,1.3439399975,1.730376235,1.8447434824999998,0.5478211323,0.5164508908250002,0.581299406785,0.9830428194033537,0.8990761249345776,1.0794189292763432
h2,414m,400MHz,2014.1,0.7262084000000001,1.125885,3.8147521000000006,1886.3125000000002,2134.66,0.6699613874999999,0.7759708700000001,1.0562475599999999,1.1879998374999998,3.5789136899999994,4.032590742499999,7.757336395200001,6.8908266716424995,8.583003928699998,30.14826550575911,25.105553737064117,35.30235844199399
h2,414m,800MHz,1057.8,0.43474730000000006,0.8903319,2.3148499,995.5925,1121.9,0.40240332250000005,0.46784167000000004,0.8419058374999999,0.9384012249999999,2.1909342074999993,2.4393159300000002,2.4690414338,2.2079664724850003,2.7399307753625,5.8101604257826605,4.846527136318252,6.816728821321376
h2o,116m,1.2GHz,2058.1,1.1429380999999998,2.4776856999999994,5.4507995,1877.165,2253.64,1.036361515,1.2637174899999999,2.28012872,2.7243021749999996,4.972959095,5.9749964425,11.4780333848,9.594846904390002,13.870189963180001,65.57079192280682,48.5478467536542,86.76309093966964
h2o,116m,1.6GHz,1384.7,0.8853943,2.2043275,4.2782105,1356.9,1411.8025,0.837256,0.9336425024999999,2.1499965325,2.260115385,4.1736755425,4.391981117499999,5.9308681712,5.699432456874999,6.174047985274999,25.4410668953477,23.815822424415487,27.111953349639393
h2o,116m,2.0GHz,1290.7,0.9265196,3.0407653,5.0499267,1156.6950000000002,1426.03,0.8557678325000001,1.0021808350000003,2.709981175,3.3993234725,4.5786849400000005,5.616662045,6.7020444549,5.3681806644300005,8.2848353079575,35.85326547472833,25.06072575237656,49.34930855690887
h2o,116m,2.4GHz,998.2,0.7738343000000001,3.2941528,4.8846924000000005,965.8900000000001,1026.005,0.7558346949999999,0.7914263324999999,3.1826589225,3.3764969799999998,4.71881669,5.01637704,4.8868082152,4.602297240997499,5.159381562027501,23.973652056891975,21.84735297120479,25.808131093908848
h2o,116m,2.7GHz,910.7,0.7230897000000001,3.8236571999999995,5.2733216,881.7974999999999,959.9100000000001,0.6884345075,0.767734065,3.6997915200000002,4.000571969999999,5.1044388225,5.5340791975000005,4.824371854,4.50882700885,5.3458556756675,25.6895570638346,23.045539757590664,29.68155735049755
h2o,116m,400MHz,6130.6,2.3415097000000005,3.4418395000000004,11.6425845,5627.1775,6842.615000000001,2.1700128949999997,2.5621529224999997,3.1557535675,3.8187184025000005,10.69035923,12.9103482225,73.0648869307,59.951400634204994,90.74367301976,893.9188790637276,644.7542600729723,1246.6156606239838
h2o,116m,800MHz,3084.6,1.4031676999999998,2.5885925,6.820507999999999,2806.885,3390.9375,1.3196673774999998,1.4990553775,2.3721552349999997,2.8362179574999997,6.245107760000001,7.4307249,21.4904908292,17.39551772427,25.8719035902,152.9505228821518,116.52778519005295,200.34650412460985
h2o,145m,1.2GHz,1876.0,1.0425841,2.2458129,4.948614399999999,1788.795,2021.4575,0.986183065,1.1321639825000003,2.133316865,2.42330635,4.7011084924999995,5.332433184999999,9.3959805175,8.382569256447502,11.005654841315001,47.796094872787364,39.771194113650054,61.6260085886709
h2o,145m,1.6GHz,1575.5,0.9367247000000001,2.5129699000000003,4.8284608,1422.7475,1781.1075,0.8586290350000001,1.0247814325000002,2.24286189,2.8069145975,4.312151885000001,5.3872126475,7.865095266599999,6.170360996462499,10.041281243239998,40.73942492569154,27.965942161111517,60.229031276913936
h2o,145m,2.0GHz,1269.2,0.8920834000000001,2.9923157,4.954425200000001,1202.1999999999998,1347.1025,0.8408361050000001,0.9548532724999998,2.8392475725,3.15957768,4.690610852500001,5.255896067499999,6.339286673699999,5.6786352040775006,7.140576788152499,31.929568141651806,26.883640566357403,37.981568340615304
h2o,145m,2.4GHz,1103.8,0.8399110000000001,3.6798217,5.426117,1016.4749999999999,1199.6025,0.785784795,0.903470105,3.3856720725,4.031215187500001,4.98782816,5.9164387025,6.0982541732,5.0200245690125005,7.2457603604525,34.376621177900674,25.574402310851262,44.40852347011146
h2o,145m,2.7GHz,877.6,0.7155213,3.6709533999999993,5.0770325,867.7974999999999,887.4024999999999,0.6948952675000001,0.73572761,3.6213124325000003,3.7149925475,5.010514514999999,5.1359835525,4.4570159379,4.3474220799,4.55996553835,22.6449746642025,21.885120188464487,23.457158540244997
h2o,145m,400MHz,5781.9,2.2001527000000003,3.2425416,10.975775500000001,5506.2725,6237.844999999999,2.07479854,2.3879154625000005,3.0733221100000003,3.5026686625000005,10.435928032500001,11.849958585,64.2933765147,57.36720122518751,75.896407630425,726.5833144330999,600.3116583490913,952.6357379023647
h2o,145m,800MHz,2773.1,1.3089479,2.2813416,6.1318177,2708.4900000000002,2836.315,1.24871164,1.3687296275,2.2251290499999996,2.3366776675,5.986686762500001,6.292813122499999,17.029256703799998,16.2455771222075,17.843343374199996,104.74794395890993,96.8386427111742,112.70463194992227
h2o,174m,1.2GHz,2165.3,1.2050052,2.5910827,5.7231811,1980.6350000000002,2347.22,1.0856501175,1.32692255,2.3525182525,2.857329375,5.1907169474999995,6.27968153,12.665502967299998,10.329020690057499,14.9992457423125,75.72916114539711,56.33109666834896,96.00824505254448
h2o,174m,1.6GHz,1496.1,0.9347839,2.3827395,4.6108275,1365.2949999999998,1640.1449999999998,0.8768218399999999,0.9941265725000001,2.170597345,2.63900977,4.2105581574999995,5.053353110000001,7.0520259517,5.888150002165,8.449411510830002,34.003893783872364,25.151240692307933,44.69074847453651
h2o,174m,2.0GHz,1235.7,0.893988,2.9130190000000002,4.8363772,1120.9899999999998,1420.415,0.8210746950000001,1.0128803725,2.632626235,3.3682269974999994,4.387104565,5.57805731,6.2610261221000005,4.947993833439999,8.635589052065,33.75177172637425,21.748827972647202,55.245907480433814
h2o,174m,2.4GHz,1078.6,0.797479,3.5710694,5.259564299999999,997.6875,1168.92,0.7499879475,0.8483705674999998,3.2799689549999997,3.8751791699999996,4.8708454175,5.731219815,5.7712673389999996,4.832084258595001,6.807027434662501,31.43009652882173,23.969568618697544,39.36009607955144
h2o,174m,2.7GHz,897.3,0.7152832000000001,3.7918762,5.2220398,868.7,943.31,0.677798445,0.7644199574999999,3.6650584649999995,3.998116505,5.04163189,5.4924812225,4.71045146,4.393291163955,5.25235864282,24.882844846353397,22.15126982405853,29.257822513910664
h2o,174m,400MHz,5994.6,2.2519837,3.3478272000000002,11.339715600000002,5481.487499999999,6704.6025,2.0616984475,2.5204463524999996,3.060256535,3.7509556649999993,10.375907574999998,12.712512140000001,69.81566653090002,56.955776668510005,88.073350114845,838.3588767328595,589.810425110358,1095.1983125391948
h2o,174m,800MHz,2914.7,1.4066224999999999,2.4168885999999996,6.489709500000001,2681.7975,3229.55,1.2929495825,1.5397736975,2.216745255,2.6854517375,5.97619349,7.129092825,19.3526453476,15.999707318999999,23.6926645105725,131.85950971066012,95.4556038514749,183.40490569534316
h2o,58m,1.2GHz,2092.2,1.184778,2.5092468,5.550195400000001,1887.1825,2329.1549999999997,1.0682832174999999,1.3126045574999998,2.2385479550000005,2.78660042,4.9385545125,6.1633484175,11.94155273,9.814838162685,14.6554647376625,70.22689980025888,51.562792522439636,95.11077086372138
h2o,58m,1.6GHz,1575.3,0.9780943999999998,2.5266112000000005,4.8726255,1461.98,1706.6625,0.9118210225000001,1.0478986300000002,2.3499008349999997,2.7283341599999997,4.503246365000001,5.2723385,7.7930212143,6.6685729162475,9.190115411357501,39.16992189786129,30.17152595252432,49.576409599038904
h2o,58m,2.0GHz,1293.8,0.9532899,3.0849059999999997,5.1135985999999995,1206.185,1392.55,0.8998092125000001,1.0288377825,2.83277898,3.3767731175,4.7403369799999995,5.516789510000001,6.723256133900001,5.733624636030001,7.915059898067501,35.564641813924624,27.545664637797547,45.53032702580262
h2o,58m,2.4GHz,1044.3,0.8297365000000001,3.4264283,5.0940674,1022.0975,1075.11,0.7947499725,0.8577052399999999,3.334020895,3.5625569250000004,4.966814285000001,5.2716764925,5.3313429903,5.0829054828724995,5.7430096853,27.29354513071822,25.205757674376578,30.21818113633525
h2o,58m,2.7GHz,1011.9,0.7985902,4.2286988999999995,5.8332213,947.3,1089.605,0.7594175525,0.8398109650000001,3.9331116225,4.568743325,5.465871995000001,6.2514782124999995,5.977083010099999,5.2068676048175,6.9285331769025,35.79714219090382,28.69345995968347,44.2701180999194
h2o,58m,400MHz,6181.2,2.3556456999999997,3.444214,11.6899536,5674.717500000001,6839.0199999999995,2.1757308925000003,2.604792395,3.1500969825,3.7938974049999987,10.748659552500001,12.932535085,73.9830780864,61.095933661475,92.51458308805499,909.3369069732228,650.9836433902933,1266.8399881548098
h2o,58m,800MHz,2817.5,1.3603942999999998,2.3474486,6.2711178,2773.7975,2862.315,1.29138762,1.43093089,2.3093199425,2.3834213425,6.1712580825000005,6.37773188,17.679164437000004,17.1108178050175,18.2276948264825,111.01702076404426,105.7071581699572,116.07833239005755
h2o,87m,1.2GHz,1911.7,1.0666627,2.3043883999999997,5.066643999999999,1819.4,2046.9,0.99837579,1.149939,2.1878950099999996,2.4761330675,4.817369679999999,5.435267174999998,9.7902141629,8.8102612505675,11.34783601429,50.79399181571075,42.21414376806143,64.26857027190327
h2o,87m,1.6GHz,1487.2,0.9508302000000001,2.3613523,4.591882399999999,1413.3975,1598.8274999999999,0.8823557599999999,1.0454685875,2.2340548499999997,2.5395479775,4.3581819975,4.959767715,6.9135201847,6.148599489995001,8.1866356459375,32.62647164618724,26.81914128828309,42.01552224835395
h2o,87m,2.0GHz,1193.0,0.8622132,2.9476135999999995,4.8021668,1161.19,1216.9025000000001,0.8243816149999997,0.9239455824999999,2.7210364149999995,3.2928450600000003,4.531233597500001,5.154393604999999,5.745257515699999,5.297011977845001,6.3108048175225,28.044251387960838,24.096702663353927,33.58119121802032
h2o,87m,2.4GHz,1027.3,0.8015623999999999,3.3895933,5.019885299999999,979.3,1097.2025,0.7534283574999999,0.8554616424999999,3.220768115,3.638279045,4.7810308575,5.355104967499999,5.203301629299999,4.6938587601075,5.976425122919999,26.62669107890897,22.494543933868705,32.60820017447029
h2o,87m,2.7GHz,919.5,0.7523195,3.8837769,5.3530518,893.8,943.5025,0.7215738049999999,0.7790590999999999,3.7567738050000004,3.9902115250000003,5.1929504025,5.492746155,4.931708033400001,4.6404556342525005,5.1739686404950005,26.504956155718787,24.238543461318102,28.32542811568369
h2o,87m,400MHz,6175.0,2.3353699,3.4637268,11.6911195,5563.785,7054.795,2.1164541425000003,2.6314333075,3.1233942425000003,3.9255723925000003,10.540448542499998,13.2663746825,75.02862084339999,58.6941462669,96.65628399384998,954.198791703494,620.7513291269871,1492.450038307792
h2o,87m,800MHz,3216.4,1.4513184,2.6674683999999997,7.0869997,2914.9775,3532.5575,1.3641456950000002,1.53648025,2.4100468475,2.9171405950000007,6.4426030674999994,7.7696613475,23.3223434167,18.9631439772775,28.239710241202495,172.81584259941405,125.59919587151286,223.29428043903852
jme,116m,1.2GHz,935.2,0.39626480000000003,1.0233764,2.3162292,808.2950000000001,1065.52,0.32110141500000006,0.4722754125,0.8466770349999999,1.191569075,1.9665142800000002,2.6845643000000003,2.2966173267000003,1.6459594503250001,2.9267559722075003,5.9449958705004295,3.5945979328645645,8.241667827594174
jme,116m,1.6GHz,708.0,0.3334167,1.0326356,2.0370665,621.8925,798.68,0.27306850250000003,0.3938789125,0.8444294825,1.1940658574999998,1.714620305,2.3629685,1.5173619385000001,1.0741334643450002,1.9402829257,3.4284574307203557,2.16483300653879,4.79939404987278
jme,116m,2.0GHz,550.0,0.29556270000000007,1.2239563,2.0264831,489.695,607.2,0.24473753499999998,0.354676345,1.0136433699999998,1.46337262,1.7322450225000001,2.3497153450000003,1.151767416,0.8873002552050001,1.4168283524825003,2.5445375987998005,1.65694828051567,3.4580878227666516
jme,116m,2.4GHz,467.6,0.23984989999999998,1.2533078,1.9359679,422.885,519.105,0.21242624250000003,0.26680233750000004,1.1055488649999998,1.4197442025,1.7213050275,2.1790935275,0.9333887877,0.7364825911649999,1.1488184978075002,1.9307581854757685,1.2951995523929527,2.6591729586367023
jme,116m,2.7GHz,454.8,0.2510195,1.5518921,2.2290342,412.2,502.91749999999996,0.2243878725,0.27502973249999996,1.3626285500000002,1.7489067875,1.9593635125000002,2.5025257849999996,1.0417161699000002,0.8361055063975,1.2551380240474996,2.4597383395684345,1.7148239781507875,3.2211793427367805
jme,116m,400MHz,2786.6,0.9471862999999999,1.5286559,5.2506409000000005,2302.86,3198.8849999999998,0.762336405,1.1146767699999998,1.2477774400000001,1.7804219225000002,4.356147495000001,6.0658137875,15.672354614100005,11.3325025404225,19.8502016395675,92.56044219113583,57.748136306445815,126.69672184877619
jme,116m,800MHz,1546.1,0.5886840999999999,1.2296815,3.322986,1384.9,1665.9,0.5215953500000001,0.6440582524999999,1.0722637625000002,1.3391021475,2.9583482275,3.5800476850000003,5.2601842078,4.3328725967200015,5.962760005184999,18.18952161938718,13.423771182674276,21.482629549809587
jme,145m,1.2GHz,968.6,0.4023009,1.0717104,2.4090207999999995,862.0525,1056.1999999999998,0.35077616500000003,0.45157028,0.9372240599999999,1.1905708099999999,2.1354329799999996,2.658830295,2.4021414581,1.911399803405,2.7994275675474993,6.110119820254193,4.5214943045869616,7.6706025611573265
jme,145m,1.6GHz,747.0,0.3553102,1.1067869,2.1662292,655.5925,830.4224999999999,0.30070611249999996,0.40854744,0.9433544549999999,1.2562482375,1.8736131675,2.46048242,1.6881716177999997,1.2612132597175,2.0984288981399994,3.9723822090420002,2.6649107409122577,5.2724930184807945
jme,145m,2.0GHz,554.2,0.26890859999999994,1.0958618,1.8934507,503.58500000000004,600.9000000000001,0.24342945000000005,0.29541889749999994,0.9829669825,1.197438365,1.7170469400000001,2.06102488,1.0724909799,0.8765607312174999,1.2716037584250002,2.119898778595558,1.5755757807994382,2.67984791606552
jme,145m,2.4GHz,459.9,0.24837650000000006,1.3023681000000003,1.9855346,422.5975,500.51,0.21956423499999997,0.280084665,1.1396556599999998,1.5018010399999997,1.7555405524999999,2.2449563899999996,0.9371684459,0.7563457720750002,1.1437767647,1.9844281055953608,1.3832453510455984,2.7888938104802814
jme,145m,2.7GHz,478.5,0.2683594,1.6915651,2.4027465,426.8975,526.0,0.2273139475,0.31467128499999997,1.4016434425000002,1.9893722000000003,2.058554600000001,2.7925963675000003,1.1971996513999998,0.8999740157175,1.485317921995,3.1626916155017155,1.9837832194934923,4.4518167623275655
jme,145m,400MHz,2692.2,0.9045228,1.4730834,5.0731198,2272.325,3108.3424999999997,0.7388609425000001,1.05113594,1.2205155050000003,1.7172259775,4.20287075,5.8778369275,14.627532009800001,10.091937110072502,18.788945641644997,83.533302805027,48.976437393284755,116.20582158542943
jme,145m,800MHz,1316.7,0.4935120000000001,1.0406860999999998,2.8303591,1089.475,1551.1125,0.40254641499999994,0.5997690699999999,0.8423865475000001,1.242659565,2.3353118374999995,3.3599634125,4.0320272611,2.7351339935775005,5.425616790825,13.272535686646673,6.94994562761577,19.655071656929543
jme,174m,1.2GHz,895.2,0.37540280000000004,0.9907654000000001,2.2267579,761.7,1042.0149999999999,0.29287377750000004,0.4527409774999999,0.8160810975,1.1783445200000002,1.8260119675000002,2.6365566775000007,2.1423718887,1.507765388685,2.8823268022299997,5.5009112525720365,3.182164775475365,8.07935743088394
jme,174m,1.6GHz,762.4,0.34927959999999997,1.0972838,2.1715089,689.5825,829.8174999999999,0.30716376999999995,0.3900644174999999,0.96657288,1.2270052874999997,1.9260779825000003,2.3793147749999997,1.6998024287,1.3560614516475,2.0199909009999995,3.887660235138243,2.903795839316252,4.893706331244913
jme,174m,2.0GHz,514.8,0.24733890000000006,1.0149049,1.7562560999999999,464.8925,574.3100000000001,0.21883182999999998,0.2780325975,0.893939135,1.150160275,1.5522783725000002,1.9747961925,0.9342941188999999,0.7378251348450001,1.1891503512400001,1.7632427098166652,1.1541492443512749,2.4415605401001916
jme,174m,2.4GHz,460.4,0.2393555,1.2600586000000003,1.9364988999999997,422.1925,502.805,0.21570968499999998,0.26015498,1.1125893225,1.4150619775000002,1.7332012199999998,2.1386907725000004,0.9127785309,0.7475162715525,1.0942154304224998,1.8600412004869677,1.3063224279268797,2.4461885353785124
jme,174m,2.7GHz,445.8,0.24576409999999999,1.5216797,2.1895752,408.7,490.7075,0.22000984499999998,0.27872610499999995,1.335255565,1.7766112999999997,1.9401050125000001,2.5044476474999997,1.0049624045,0.811064400575,1.263739249445,2.3729475554724515,1.5607082992078198,3.552527446103654
jme,174m,400MHz,2964.4,0.9913453000000001,1.6292723000000002,5.5909484,2647.1899999999996,3226.7225,0.8810500600000001,1.0887147625000002,1.4510129399999998,1.769027905,5.005623679999999,6.101276565,16.997754673400003,13.733972697414998,19.7801582706475,99.31751818459846,75.09944199152622,122.04934109352703
jme,174m,800MHz,1524.3,0.5947451,1.2342103999999998,3.3049744,1363.2725,1642.73,0.5192310050000001,0.6563232675,1.08153063,1.3572750475,2.9577840475,3.6051722349999995,5.1642773605,4.202096389535001,5.917939512774999,17.838856384178843,13.061137628359296,21.639553265858638
jme,29m,1.2GHz,2829.3,1.3044924000000002,3.3451110999999996,7.2009157,2789.8925,2858.2,1.2805106875,1.3272049199999998,3.2848294549999992,3.4058242299999995,7.09904636,7.2994888924999985,20.381755651200002,19.8325149908375,20.872344980810002,146.90563921848303,140.91881938120355,152.67034636193162
jme,29m,1.6GHz,2189.9,1.1947755,3.3668152,6.4948058,2139.895,2236.5125000000003,1.1622582275000002,1.2290955000000001,3.2951413525,3.4312276799999997,6.3467222,6.630564404999999,14.2396912793,13.651728896685002,14.787572924180001,92.70390317019582,86.28422645693006,98.2421451653484
jme,29m,2.0GHz,1849.3,1.1733642,4.1052732999999995,6.8900269000000005,1798.295,1900.905,1.1371749725,1.2114807525000002,3.9772901525000006,4.2253296925,6.687292932499999,7.107779817499999,12.771207732300002,12.045812384725002,13.530797135615,88.41188515742601,80.35743704597233,96.84714360722964
jme,29m,2.4GHz,1540.0,1.1021972,4.8067628,7.2278014,1493.9975,1593.81,1.075963435,1.135759795,4.67922156,4.9707011325,7.0370710475,7.447863960000001,11.158729451,10.528556023515002,11.937053883985,81.05760933336335,74.01079327881004,89.7603592395938
jme,29m,2.7GHz,1388.6,1.0261715999999999,5.394342,7.5821104,1359.8925000000002,1420.605,1.0077532375,1.0470732524999997,5.2595060575,5.5284647175,7.4145931075,7.7677288650000005,10.542166031299999,10.0998282699125,11.056280802569999,80.15413817867491,74.84248852400617,85.91353472509772
jme,29m,400MHz,8040.6,2.9021847999999997,4.6546143,15.3516297,7802.697499999999,8276.51,2.7834856224999998,3.067793565,4.355811920000001,5.1087487275,14.7790580675,16.1185608025,123.76868831980002,115.848156165025,132.303182959445,1914.352981588959,1715.0897395474105,2146.9100410706437
jme,29m,800MHz,4318.2,1.7588745,3.5628905000000004,9.361590499999998,4204.18,4436.13,1.7119097675000001,1.811066105,3.4594361424999995,3.6532766224999995,9.114762307500001,9.61638092,40.4993362682,38.567560542669995,42.822707622154994,380.5231725627777,351.60485221695154,411.7478204594693
jme,58m,1.2GHz,955.9,0.39445790000000003,1.04223,2.3590818,834.1700000000001,1064.1025,0.33829483000000005,0.4450437625,0.893491655,1.1791807000000003,2.05930342,2.64122977,2.3422359237999997,1.81325637669,2.8368494992875,5.924451758057993,4.032529505223913,7.6575976387613895
jme,58m,1.6GHz,716.7,0.3454103,1.0481933,2.0678039,643.3975,802.5349999999999,0.296025615,0.40588069750000005,0.8941912275,1.2246008625,1.7805658125000001,2.3825711025,1.5476518025,1.1793542012399998,1.9957153270449999,3.524105874814847,2.1528322025923257,5.151169050985219
jme,58m,2.0GHz,574.4,0.2946532,1.1591246,1.9952572999999998,526.49,627.9200000000001,0.25968579500000005,0.3302321275,1.0244817025000001,1.2893288275,1.779223385,2.2199692425,1.1735139118,0.9534431628799999,1.4197171388025,2.4645469618368177,1.7800025617613653,3.2421065030665095
jme,58m,2.4GHz,555.3,0.3079406,1.6031922,2.4272949,494.685,618.5224999999999,0.26759401,0.34888447250000004,1.3859725525,1.8438788700000002,2.1018089750000004,2.7492677825,1.4018731209000002,1.0661726328775,1.7335908246349996,3.7008245789425205,2.4338235058113575,5.140603429919787
jme,58m,2.7GHz,474.9,0.27321169999999995,1.6792967,2.3932069,438.395,520.4075,0.2430900825,0.30931415999999995,1.4564072975000002,1.927092205,2.1260027175000005,2.7018900824999994,1.1686021590000002,0.9329229396775001,1.4746462398049998,3.001281371850339,2.0336706124187396,4.220186056036419
jme,58m,400MHz,2736.0,0.9148252999999998,1.4804258999999997,5.1370176999999995,2306.2625000000003,3162.45,0.7719187750000001,1.0589544075000001,1.232762445,1.7203434100000004,4.341306125,5.977119764999999,14.991572463100002,10.483504329315,19.49407316567,86.74113289307937,50.11401830694063,122.79135747403315
jme,58m,800MHz,1525.6,0.5952269000000001,1.2223023,3.2935854,1335.7975000000001,1694.96,0.51696546,0.6646548600000001,1.0518638850000004,1.3618509300000003,2.8687091625000005,3.6452440624999998,5.2098957148,4.118512728492501,6.2762074815275,18.28622499993896,12.626752907971108,23.080786420603133
jme,87m,1.2GHz,940.5,0.3981934,1.0326416,2.3343749000000003,813.4650000000001,1077.2075,0.3284468125,0.4710526775,0.8571672200000001,1.190866575,1.9527543824999998,2.7309225125000003,2.3265487414999995,1.6675336565000003,2.950114886875,6.053515479917924,3.6535884006118695,8.533108409352991
jme,87m,1.6GHz,708.9,0.3184571,1.0110718,2.0065002,629.4825000000001,793.9100000000001,0.2723684625,0.36340614750000005,0.8636327125000001,1.1619698250000001,1.7332537475,2.2714251575000004,1.4828625267,1.1215852043175,1.8670816992999997,3.2431817924905517,2.185375535496701,4.480150737475455
jme,87m,2.0GHz,542.4,0.2699585,1.0865297999999999,1.8734680999999997,501.8975,587.7049999999999,0.24724008000000003,0.29459989,0.9948634325,1.1906945450000002,1.7107233399999997,2.0459632500000002,1.0338708903,0.87372635021,1.2229744093775001,2.00883421669536,1.5086177429684478,2.5333717551756223
jme,87m,2.4GHz,487.2,0.2613159,1.3524905,2.0692443,436.8925,545.315,0.2239259375,0.3106423725,1.12804161,1.6049306975000002,1.7688991799999998,2.4314447524999996,1.0551950685,0.7842757252375,1.3810557835075,2.4368145303478324,1.463240802420805,3.613969381072683
jme,87m,2.7GHz,470.6,0.2612365,1.6015993000000002,2.3019838,426.09250000000003,518.005,0.23343326499999997,0.29364473,1.4043390175,1.7978147125,2.0409399925,2.5718443625000003,1.1143204444,0.88987530378,1.361186260365,2.7270341542161356,1.9459155324828106,3.643801718649808
jme,87m,400MHz,2589.1,0.8836366,1.4176208999999997,4.8961732,2233.3325000000004,2935.62,0.7529276100000001,1.0096857074999999,1.2169859850000002,1.6070286474999995,4.206361824999999,5.5514660725,13.2796827068,9.864957990287499,16.819314920902503,70.87482969594835,45.21973111398611,97.59634875245811
jme,87m,800MHz,1311.2,0.4972105,1.0503787,2.8305175,1124.5,1491.7774999999997,0.4160249525,0.5862454,0.9065960000000002,1.2136317899999998,2.421835275,3.2225179425000006,3.9071755235000003,2.792364954715,4.986015985907501,12.211433717604555,7.363930224932027,17.109852288443548
jython,100m,1.2GHz,1543.3,0.6251832,1.901398,4.0163695,1515.2875,1571.7024999999999,0.6045201025,0.6487383800000001,1.8688132299999998,1.9378076899999999,3.9419891474999997,4.0995505,6.203838026300001,6.002920628704999,6.439599525079999,24.962729008981306,23.61637451234882,26.503128291381472
jython,100m,1.6GHz,1150.7,0.5083008,1.8756043000000002,3.468029799999999,1132.9975,1165.1025,0.48455378749999994,0.5306723375,1.84235275,1.9083424274999998,3.4117605725,3.5213198099999996,3.9929412538,3.8687773350175,4.1109620255425,13.86509468426316,13.190943295821262,14.492538017309727
jython,100m,2.0GHz,922.3,0.45046379999999997,2.2319946,3.536499,905.1975,938.105,0.42938794,0.4739345949999999,2.1902356175000004,2.27442971,3.4698642225,3.6049142725000007,3.264763632,3.1377607271125005,3.3793272438525004,11.568823227451388,10.913952384978638,12.228065584216083
jython,100m,2.4GHz,781.0,0.3870484,2.7156491000000003,3.8266476999999997,765.7874999999999,799.905,0.37592109,0.3989450050000001,2.6523245900000005,2.7966031975,3.745544955,3.9288190899999993,2.9925808802,2.8800076319525,3.1456701491425,11.485939632330865,10.692567956630816,12.449715119183093
jython,100m,2.7GHz,693.2,0.37890009999999996,3.0262329,4.0302918000000005,685.5975000000001,700.1025,0.3685435125,0.38934049499999995,2.9808771425000002,3.07442885,3.9756771325,4.0845539875,2.7947204809999997,2.73050591703,2.8623712298274997,11.273115489513604,10.860229247100364,11.663391829404576
jython,100m,400MHz,4808.5,1.5422732,2.6904907000000002,9.0498474,4754.297500000001,4857.6075,1.5283145925000001,1.5588225350000002,2.6536971175,2.7249479075000003,8.9590696975,9.136101335000001,43.528699714,42.540649132745,44.407772531724994,394.14645370362734,381.23060211537734,406.73682926079636
jython,100m,800MHz,2381.8,0.8563965,2.032434,5.2263671,2349.5975,2424.2124999999996,0.8292456624999998,0.8840539450000001,1.9909610975,2.0737915075,5.137100705,5.330025389999999,12.4572314019,12.043705189645001,12.8694514443675,65.21141241983227,62.02180553464937,68.84086565134866
jython,125m,1.2GHz,1531.9,0.5991456000000001,1.8864930000000002,3.9633849000000003,1511.9975,1551.9025000000001,0.5878716374999999,0.6128539024999999,1.8551705975,1.9220622724999998,3.90909755,4.021692515000001,6.074030207200001,5.9241704351925,6.237604322842501,24.095813212871693,23.12748915155119,25.055623210945804
jython,125m,1.6GHz,1130.7,0.4825439,1.8498353,3.4023499999999998,1108.79,1152.2024999999999,0.46260013499999997,0.5039579550000001,1.8138423425,1.8844159724999998,3.341496175,3.46597366,3.8505358144000006,3.7176348848550007,3.9920392187150004,13.125228115331804,12.380420426022841,13.895889198419926
jython,125m,2.0GHz,917.6,0.4337095000000001,2.2171876,3.5042725000000003,898.3975,935.2025000000001,0.41418251500000003,0.452196955,2.1703642399999996,2.2637511999999997,3.428247605,3.5729017675000003,3.2191391383,3.0886063660899996,3.3429360760799995,11.306483226845296,10.614066454327867,12.027496447581024
jython,125m,2.4GHz,769.0,0.38937370000000004,2.6714294,3.7683899000000003,754.2975,785.5025,0.3718240175,0.40901560749999993,2.6094593849999996,2.7460525150000006,3.6852443875000005,3.8636449075000003,2.9015514318999998,2.78246469001,3.0289583379775,10.964558713431177,10.276728344158407,11.79381815131832
jython,125m,2.7GHz,683.4,0.3770691,2.9867494,3.9822448,663.6975,702.61,0.3550890725,0.39665575,2.9102876025000004,3.0625141325,3.8714350850000003,4.096726675,2.7273441331000003,2.5726120829875,2.8764945270349997,10.908140255250629,10.018847849138487,11.828941494334645
jython,125m,400MHz,4686.3,1.5055175,2.6455200999999997,8.8563783,4609.68,4770.115000000001,1.470274935,1.5405099125,2.5870799425000004,2.6983517474999994,8.692640654999998,9.0223393075,41.5361400795,40.12422313808249,42.92070351208999,368.4787622909206,348.6606502984041,389.06852818007417
jython,125m,800MHz,2354.2,0.8494749,2.0191709,5.1734072,2310.28,2393.6099999999997,0.8204458874999999,0.8776420024999999,1.9729865674999998,2.0627369875000006,5.06981622,5.271586289999999,12.1898797773,11.71881991785,12.605391225502501,63.18448682342678,59.26258638818108,66.63221280316515
jython,150m,1.2GHz,1539.7,0.6163453999999999,1.9040404,4.0042420000000005,1507.785,1569.9025000000001,0.5938384600000001,0.6447452099999998,1.8727118100000002,1.9372373999999999,3.9297596025000003,4.08880813,6.1713211011,5.918155344475,6.416140409532502,24.760826319124,23.416983449200394,26.215342117235384
jython,150m,1.6GHz,1133.6,0.4907961,1.8778015,3.4428587,1112.4975,1154.5124999999998,0.474837335,0.507223695,1.8473742850000001,1.9119455224999995,3.38124995,3.5031995275,3.9059010347000003,3.7818907569575,4.041547731995,13.469356732309373,12.79547888203988,14.164232660131178
jython,150m,2.0GHz,922.3,0.4319885,2.2483093999999997,3.5413268,907.5,937.0999999999999,0.4171901375,0.44693132500000005,2.20669712,2.285293715,3.480020659999999,3.5993990124999997,3.2683146750999996,3.1601360061,3.3717826623375005,11.589721552849989,10.963850112862326,12.110472740899974
jython,150m,2.4GHz,766.5,0.38184819999999997,2.6573731,3.7453062999999993,757.0,775.8025,0.36639253250000003,0.3960698075,2.6311686575000004,2.6816180925,3.7001815625,3.7862306049999996,2.8716172382,2.8045613594975,2.93540260226,10.761871643670524,10.411454071470498,11.107387192466248
jython,150m,2.7GHz,681.9,0.36144410000000005,2.9716797,3.9520324000000002,664.4,698.3075,0.3454575275,0.38030451499999995,2.902266075,3.04413648,3.8548228425000004,4.0385024275,2.6990204105,2.5657980026600002,2.8260950618199994,10.699103190823887,9.951107911974729,11.473073949120314
jython,150m,400MHz,4694.6,1.5151061,2.6443663,8.8586975,4590.165,4799.959999999999,1.4699440650000002,1.5660861575,2.575812155000001,2.7109988675,8.650332432499999,9.049037307500003,41.6457660944,39.5265294557325,43.51439372052751,369.9671722898988,344.1697206431644,394.04886751369
jython,150m,800MHz,2297.6,0.8225035999999999,1.9577453000000002,5.0470337,2243.4,2344.91,0.8018428974999999,0.8419148375,1.914560765,2.0049097850000006,4.928059305000001,5.1593448875000005,11.6114802599,11.07234360401,12.138531883772497,58.75971547382837,54.537071871001984,62.394467375145226
jython,25m,1.2GHz,12549.6,6.945141500000001,15.129174699999998,33.090930199999995,12379.9675,12725.905,6.8401257074999995,7.047341445,14.887720750000002,15.3546415275,32.62668860749999,33.623638605000004,415.50114247970004,403.70428373722,427.63455471404495,13764.117511928538,13150.120103099001,14322.923990258667
jython,25m,1.6GHz,9602.5,6.3191101000000005,15.344812,29.8090087,9428.575,9768.5,6.21802499,6.416358015,15.0817853575,15.5960725575,29.3383791,30.306457947500004,286.46442043540003,276.26119100101994,296.1137512861076,8552.27499860619,8097.73061673334,8998.625528952636
jython,25m,2.0GHz,7792.7,5.6662170000000005,18.163757300000004,30.211920099999997,7690.1849999999995,7903.3325,5.5878569425,5.763384185,17.934420197499996,18.410697415,29.8062212175,30.6449199025,235.54924991639996,229.64712298555503,242.333134851205,7123.604790356452,6853.056129300214,7468.108907257228
jython,25m,2.4GHz,6511.1,5.1902529,21.213122500000004,31.532971299999996,6387.8724999999995,6632.3150000000005,5.11265865,5.269379625,20.818706477499997,21.591102335000002,30.944727850000003,32.077933595,205.50054439269996,197.81720594017,212.69152712931748,6491.574468744134,6130.929048806702,6845.349287509101
jython,25m,2.7GHz,5937.2,4.9650756000000005,24.3569825,33.87223529999999,5824.275000000001,6044.58,4.8719018499999995,5.06468562,23.88621457,24.862693459999996,33.19771967,34.52223808749999,201.3152128522,193.4292967307425,208.9848757000675,6833.203003906415,6434.92296885794,7227.935090504889
jython,25m,400MHz,35899.9,13.4775637,20.2613282,68.18433230000001,35104.03,36771.955,13.19671873,13.772675235000001,19.8265639475,20.757949649999997,66.68663924,69.8709741325,2451.1710774891,2343.9462474594275,2567.7690163455,167589.83712259564,155931.4358368504,179812.7240555136
jython,25m,800MHz,18772.1,8.5267885,15.7684328,41.46380609999999,18501.185,19051.219999999998,8.4079549025,8.64133184,15.527315972500002,16.0074120375,40.872830199999996,42.06629677,778.7820284109,757.016507186985,802.3159530826949,32326.448480549,31022.684775342255,33649.6294686792
jython,50m,1.2GHz,1559.7,0.6170595,1.9159910999999998,4.0323731,1528.9975,1593.405,0.59506647,0.6451963000000001,1.8763220575000001,1.96236779,3.9505792174999996,4.125970925,6.296359074500001,6.042130213985001,6.5773805456425,25.451690127930142,23.815662162858658,27.39092868775734
jython,50m,1.6GHz,1164.4,0.519275,1.901538,3.5161866,1140.195,1188.3,0.4903502425,0.546998845,1.8565944374999999,1.94322104,3.4230031825000005,3.605820585,4.099823362,3.9104107362124996,4.282417818117499,14.458671036462523,13.491339234040854,15.381017197630753
jython,50m,2.0GHz,932.9,0.45039660000000004,2.2657472,3.5837463,912.0999999999999,950.605,0.4341399625000001,0.4662542625,2.2127465825,2.304462465,3.4935969250000003,3.6457000025000004,3.3467213721999998,3.1914337056749997,3.4607106724800003,12.018835154197873,11.249230906315434,12.608108609972124
jython,50m,2.4GHz,763.1,0.3989137,2.6463438999999997,3.7437134,752.0975,774.1025,0.38144747000000007,0.41866043249999996,2.5929958425,2.7035592899999994,3.6746430875,3.8198072225,2.858694805,2.7653729954000004,2.9552730717950007,10.719941065526466,10.141586434046586,11.271997614752939
jython,50m,2.7GHz,687.0,0.3820373,3.0268553999999996,4.0269105,674.9975,699.8,0.36835592999999994,0.3965906875,2.9686595675,3.0846278475,3.9443899800000004,4.1021971,2.7685333163,2.6726536742125,2.8650001265225,11.16698354426579,10.539151911081552,11.74220958677534
jython,50m,400MHz,4736.1,1.5363586000000002,2.6866757,8.975299,4651.485000000001,4816.804999999999,1.4966980975,1.5791068474999999,2.6086261875000005,2.7832197975000006,8.785058999999999,9.1555675425,42.5485860145,40.94067662086749,44.21192046441,382.6859604203296,360.1345807422612,404.83330473487695
jython,50m,800MHz,2387.2,0.8871764000000001,2.0874876,5.306347699999999,2334.4975,2434.6074999999996,0.85048678,0.9202339625,1.9903521375000002,2.195955815,5.132116995,5.46010537,12.685277456600001,12.078280696719998,13.2845169852,67.56047077862021,62.48428352790328,72.95546372565732
jython,75m,1.2GHz,1558.3,0.6087463,1.9101071,4.023626599999999,1533.0974999999999,1581.8025,0.59187599,0.6257157874999999,1.8743485750000002,1.9437135149999998,3.9558899,4.083866745000001,6.273898239399999,6.05432408493,6.44564427936,25.277488118640125,24.010250165977865,26.36234598597204
jython,75m,1.6GHz,1155.3,0.49776620000000005,1.8826230999999995,3.4719360999999997,1129.9975,1181.3,0.4773241325,0.5229701375,1.8416325950000003,1.9227483124999998,3.3922247924999995,3.5521132675,4.016416753,3.8220703684774997,4.1915549927675,13.983396656085407,13.037819155432055,14.832743415259863
jython,75m,2.0GHz,912.8,0.42639749999999993,2.2045044,3.4845825999999995,898.8,927.0025,0.4134578475,0.43719125,2.1662592375000003,2.2411195,3.4262732500000004,3.5421318399999993,3.1827973867,3.0850407626625,3.2817791477100005,11.1056375050664,10.581506937004486,11.608663399987126
jython,75m,2.4GHz,773.4,0.39417120000000005,2.6609557,3.7674316000000005,759.2,786.8025,0.3838713925,0.403736775,2.6057759325,2.71759848,3.6951009349999997,3.8426039375000003,2.9164689784,2.7945551771275,3.0269338115625004,11.00900787035274,10.359918507647965,11.65306878272935
jython,75m,2.7GHz,686.2,0.3628053,2.9868528999999997,3.9766603000000003,671.095,701.9075,0.35405310000000006,0.37321520999999996,2.9228871825,3.059118355,3.9006497450000004,4.066135180000001,2.7324551106,2.6175272469175006,2.8783396242399997,10.895295019587527,10.235100548328319,11.659621022142757
jython,75m,400MHz,4803.5,1.5641847,2.6927855000000003,9.0599424,4740.8975,4854.825,1.5314615524999997,1.5916036850000004,2.6624916625,2.72024606,8.945471524999999,9.162676154999998,43.5356801744,42.40311337193,44.471396740932505,394.71729420322754,379.82401631169114,407.2132784567596
jython,75m,800MHz,2343.8,0.8373349000000001,1.9828674,5.117657299999999,2298.2925000000005,2383.2324999999996,0.8147408699999998,0.8570880325000001,1.9430783525,2.0136501500000006,5.021668094999999,5.207483762499999,12.005708713499999,11.517208434269998,12.413695276057496,61.549569661526434,58.06622357266668,64.61883087785537
luindex,13m,1.2GHz,2456.7,0.9832397,2.4422667000000002,5.8003052,2398.0875,2541.3050000000003,0.9589601100000001,1.0140363825,2.3820312225,2.5068798200000004,5.6725207824999995,5.9466258750000005,14.277068252300001,13.578597083375001,15.120330543640002,83.11619445505714,77.19325817554133,91.22593444326182
luindex,13m,1.6GHz,2093.2,0.9591004999999999,2.7526488000000002,5.6998595,1998.6925,2223.62,0.8914616975,1.0323525775000002,2.5817496350000004,2.9355134149999995,5.356917745,6.082919004999999,12.0429649977,10.563988772055,13.650781810667498,70.03877722680252,59.330437102004296,84.1683720555404
luindex,13m,2.0GHz,1818.5,0.8779540000000001,3.0798707,5.6915952,1718.9850000000001,1940.3375,0.837277865,0.9258407775000003,2.9812082025,3.1890370999999997,5.488585535,5.933449905,10.410571280700001,9.503536445407498,11.495059661347502,59.86780966127378,51.82292607682057,68.52772323978847
luindex,13m,2.4GHz,1605.2,0.7919679000000001,3.4305051,5.7550966,1531.8975,1699.4099999999999,0.7649880675,0.8213260075000001,3.3402882174999995,3.5470617850000004,5.609774737499999,5.930048305,9.2621426056,8.631737910800002,10.040764705679997,53.5526311672809,48.53305273792105,59.37305337808359
luindex,13m,2.7GHz,1762.8,0.8640868000000002,4.304534899999999,6.8509401,1632.39,1892.8075,0.8081853525000001,0.9270877849999999,3.9802452424999997,4.72383987,6.385882877500001,7.382245105000001,12.197753272699998,10.596838436324997,13.969248992392497,85.54866869844265,69.25082414730363,105.87555137325671
luindex,13m,400MHz,6710.4,2.2313966,3.518920799999999,12.437951700000001,6182.6975,7357.629999999999,2.0585592299999997,2.45493609,3.2383624374999997,3.8879264999999994,11.537042585000002,13.659424475,85.06632929500002,71.17185224829001,103.84534620667249,1102.0808911602207,829.3331174766213,1447.4779821818083
luindex,13m,800MHz,3796.2,1.4314453999999999,2.9005004000000003,8.0327882,3474.36,4190.28,1.2933301675,1.6069254525,2.5988806574999996,3.2801229525,7.312346547499999,8.847333097499998,31.221340895300006,25.618603939105,38.35811043309499,264.32324661011796,190.53615017153524,367.1010033688428
luindex,26m,1.2GHz,2035.3,0.7717101999999999,1.9358703,4.7108947,1856.2525,2244.075,0.6836164225000001,0.877083585,1.7279900675,2.1989852874999998,4.275674005000001,5.251362364999999,9.839070176000002,8.007823217735002,12.16409296961,49.10852877869729,33.72592136547442,68.72575782352928
luindex,26m,1.6GHz,1890.3,0.7150329,1.9028505999999996,4.4895811000000005,1546.5825,2337.8225,0.6124070824999999,0.84653556,1.811410085,2.0163166825,3.9538871399999995,5.050894410000001,9.0810404309,6.230011950975001,12.854811983397498,46.00754151659504,24.817034938511295,74.69508347942372
luindex,26m,2.0GHz,1809.6,0.7198483999999999,2.2897705000000004,4.8064027000000005,1623.1575,2001.0075,0.6648667199999999,0.7737161249999999,2.1338300974999997,2.4459566875,4.511899274999999,5.0744186,8.807477531,7.6163724285425,10.2692258674575,43.22617586605732,34.706475738162204,52.63434066708559
luindex,26m,2.4GHz,1769.7,0.6841003999999999,2.647876,5.1077027,1618.6875,1898.82,0.638157875,0.7198981199999999,2.4534297325,2.8823826050000005,4.8382834375,5.3539680725,9.0840545447,7.995727501095001,9.937229396167501,46.86978308417567,39.98000661430278,52.69279669448821
luindex,26m,2.7GHz,1729.7,0.7103759,3.2697264000000006,5.6996155,1621.6975,1852.8174999999999,0.6576638599999999,0.7731302174999999,3.0543725574999994,3.525568515,5.3461977325,6.106956185,9.943420962100001,8.658016918802499,11.184202824664997,57.794174004857176,46.731747880501665,70.33887351515891
luindex,26m,400MHz,5621.6,1.8227843999999997,2.8667542,10.338104300000001,4814.0775,6492.595,1.5358970725,2.1612503924999995,2.3575881374999996,3.4582291225,8.7581488575,11.940945195,61.99390559769999,43.090659738869995,82.35339019763748,729.0197867360963,420.39215562934896,1070.6752759782235
luindex,26m,800MHz,2991.8,1.0411866,2.144684,6.1681273,2626.2700000000004,3379.335,0.9101020300000001,1.20798991,1.8007660649999997,2.5470330325000003,5.373613195,7.108483382500001,19.3465063202,14.33657923233,25.1376753251475,132.17005812769168,79.58178801102912,195.84305883165254
luindex,39m,1.2GHz,2235.8,0.8290770999999999,1.9726257,5.018041900000001,2012.0649999999998,2458.0049999999997,0.7406400800000001,0.9177448825,1.8001028724999997,2.1701411149999994,4.57686784,5.4606505675,11.4545865803,9.477867739050001,13.395688450937502,59.70469181756202,45.14719496050472,74.28664050441526
luindex,39m,1.6GHz,1627.6,0.6416503,1.8830259999999999,3.9797547,1553.3899999999999,1697.705,0.6092881775000001,0.6809910625,1.7890403450000003,1.9854313175000002,3.77076499,4.200765392499999,6.4949097729,6.02309545478,7.1000828946975,26.1108083260116,23.007251344599037,29.811284110162166
luindex,39m,2.0GHz,1739.1,0.7059389,2.4351929,4.852917499999999,1558.8,1909.1099999999997,0.6415748025,0.7643875175000002,2.1804879275,2.6828724325000004,4.427461355,5.19038401,8.568563043400001,7.151743050904999,9.858835107855,42.768137753072985,32.775549641349514,50.35084781182095
luindex,39m,2.4GHz,1723.5,0.6584350999999999,2.5653686,4.9546694,1623.0425,1837.205,0.6231158699999998,0.694947885,2.3912962925,2.7960088975,4.708336524999999,5.2353785375,8.584197478499998,7.740393036615,9.544038993744998,43.086379862122925,36.41788148770847,49.71589908358363
luindex,39m,2.7GHz,1666.8,0.6661072000000001,3.2819274999999997,5.6086975,1544.375,1782.6175,0.6411031300000002,0.6944339525,2.9440377025,3.6260452925,5.32562814,5.913045610000001,9.339291628,8.517738881015,10.166971967905003,52.709116067792294,46.4186387436253,59.84959932898533
luindex,39m,400MHz,4917.2,1.5825196000000001,2.5636354,9.1108824,4226.2675,5902.527499999998,1.3404184124999998,1.9730332725000002,2.1635326625,3.1967277375,7.7982297,10.928546025,48.958402350899995,33.03019868648249,75.95371684900749,546.3611510331522,256.6389660978143,1003.5897002415531
luindex,39m,800MHz,3057.4,1.0862733,2.1898315999999998,6.3085205,2526.7725000000005,3765.2874999999995,0.8662953275,1.3948904549999999,1.7133104700000001,2.8332409474999998,5.0770764024999995,7.8740110525,21.399724261899998,13.07919703059,32.33287846560751,169.29048395127185,69.18209747838478,277.03812957872987
luindex,52m,1.2GHz,1988.3,0.7025391,1.7018372,4.3903443,1827.0925,2191.4049999999997,0.6516778875000001,0.7640311000000001,1.61255373,1.8343700150000002,4.10954706,4.685599417500001,8.8547581011,7.6108836048075,10.323565571780001,39.89170073298315,31.536719790050935,50.077063172285115
luindex,52m,1.6GHz,1697.6,0.6482483,1.9254395000000002,4.2443726999999996,1573.4725,1829.7,0.5991579,0.7156487500000001,1.7536825674999998,2.1606172100000007,3.9400583175,4.642467337499999,7.323255042000001,6.226289740292501,8.697398930999999,32.2863168444008,24.59301328162403,43.00717073427737
luindex,52m,2.0GHz,1899.4,0.6976747,2.1172059,4.7186585,1818.875,1985.34,0.6643662774999999,0.7318035224999999,1.9529406775,2.3740837624999998,4.5124377575,4.99892892,8.9761713398,8.317434795674998,9.604917034340001,42.69565680592252,38.16314804401771,47.94780209628824
luindex,52m,2.4GHz,1767.5,0.6698791,2.7350223,5.1712829,1665.9,1879.81,0.628136385,0.709705065,2.4518742299999996,3.0620265025,4.8443967125,5.584750389999999,9.2013221466,8.19177242972,10.2610814396175,48.55351968286237,40.045557793125,57.636407207941225
luindex,52m,2.7GHz,1801.5,0.7274106999999999,3.3779478,5.899603100000001,1666.3875,1929.6825,0.6665273825000001,0.792153185,2.98699859,3.801129639999999,5.423937590000001,6.439524447499999,10.725956073399999,9.3022443559275,12.276730009225,65.00796498163228,51.30927038474986,79.1852942053622
luindex,52m,400MHz,5362.6,1.7121766,2.7275451,9.8704164,4600.7775,6161.005,1.4742171575,2.0303249500000002,2.2979900174999996,3.2670216174999993,8.496858090000002,11.5858773225,56.0182477073,40.488509610910015,74.0197156429125,622.9964003707495,354.2895283432412,963.0092974727575
luindex,52m,800MHz,2736.9,0.9405882,1.8654847,5.5437316,2560.5950000000003,2921.9175,0.868541785,1.0259677649999999,1.7046719,2.0630200174999995,5.181654805000001,5.962205019999999,15.361885734299998,13.39859030756,17.7155444596325,87.50285382680171,69.31607255130305,110.74416633933917
luindex,65m,1.2GHz,2102.6,0.7894715999999999,2.0812745,4.9354491000000005,1877.9975,2355.0675,0.685026865,0.909515665,1.8045686650000003,2.3885018575,4.3525317675,5.608342229999999,10.7687864649,8.305342028344999,13.661783332877503,57.57864503249442,37.82165446302781,81.51693349906394
luindex,65m,1.6GHz,1775.8,0.6779662999999999,1.8454041999999997,4.2786073,1648.7375,1893.8175,0.6176781400000001,0.7407977849999998,1.6859687974999997,2.03150035,3.9862649675,4.5565566,7.672441182799998,6.655459188072501,8.6676797401275,33.5308164739515,26.695824452875915,40.38313260047134
luindex,65m,2.0GHz,1832.1,0.6734926000000001,2.0550539,4.5651186,1703.29,1942.8125,0.636531355,0.7110076475000001,1.9700211275000001,2.1740251325,4.3972148975000005,4.756033857499999,8.407469959100002,7.537290947330002,9.261808344950001,38.73219595814915,33.26828792926902,43.591204258490905
luindex,65m,2.4GHz,1743.9,0.6920594,2.9228518,5.338391200000001,1589.7875000000001,1885.2125,0.650594015,0.7269002274999999,2.6467875775,3.2292342300000003,5.07646718,5.622456124999999,9.3507478091,8.25044029516,10.3494918093275,50.48721613644551,42.50180454720896,58.06762850421233
luindex,65m,2.7GHz,1825.6,0.6821778,3.0618406,5.5798402000000005,1717.16,1931.8000000000002,0.63818705,0.7270487824999999,2.8235987425,3.4004691200000003,5.21980172,6.00499942,10.2834981312,9.0871793264825,11.684919177294999,58.78938109279768,48.04848151991463,73.14083408839255
luindex,65m,400MHz,4371.3,1.3830624,2.1770449,8.0182921,4245.097500000001,4543.6525,1.3403113725,1.4464515800000002,2.1177140700000003,2.2660240125000004,7.796797707500001,8.320335885,35.1565038316,33.0559902091725,37.88504520183749,283.7004158556906,258.2640235277035,317.8875988467124
luindex,65m,800MHz,2719.5,0.9131895,1.7991821000000001,5.449102699999999,2495.9675,3042.7324999999996,0.8419124949999999,1.01428724,1.7121186925,1.88579584,5.092567042500002,5.9287922125,15.127676075900002,12.944968689415003,18.575507617797502,85.77955404367357,65.1692003628035,117.77329867546132
luindex,78m,1.2GHz,2044.6,0.7638122999999999,1.9871706,4.7624086000000005,1835.79,2334.5225,0.667850565,0.8973616499999998,1.716031095,2.37015538,4.22320649,5.445913745,10.2069121966,7.8977456491949996,13.840772682639997,54.38979120836217,33.42324149093226,89.44369592099042
luindex,78m,1.6GHz,1715.3,0.650061,1.9591615,4.2936402000000005,1593.9850000000001,1867.115,0.5967282899999999,0.7242930224999999,1.7225320974999998,2.2671763425,3.9431943125,4.726971352500001,7.5002077044999975,6.3233671851999995,9.153963834522498,33.75954581627231,25.070332786544895,46.54044160243771
luindex,78m,2.0GHz,1929.2,0.7170226,2.254242,4.8975831,1813.19,2054.7,0.6660074150000002,0.7657655625,2.096862075,2.4205573325,4.621330295000001,5.1794543074999995,9.5236709658,8.544949307340001,10.579948443705,47.44438885907057,39.2795305286529,55.58294561929807
luindex,78m,2.4GHz,1771.5,0.6949279999999999,2.9436828999999998,5.3915712,1666.4825,1874.935,0.6398427825,0.7659166524999999,2.5464644124999998,3.5237919350000007,4.951548635,5.9961714275,9.5447059894,8.63894373182,10.520764065149997,52.62987318745818,43.31416017233434,63.28242140405691
luindex,78m,2.7GHz,1783.7,0.6747740999999999,3.1256776,5.5835879,1678.69,1892.5,0.6224044275,0.7276469874999999,2.7733846300000002,3.5433910125,5.134368019999999,6.1273559325,10.061134942399999,8.704371941947501,11.597070453995,57.947777310846696,45.262337386052806,71.36623338998167
luindex,78m,400MHz,5582.4,1.7996157,2.7955444,10.2226684,4630.8949999999995,6749.9075,1.4322376774999999,2.2533517475,2.2606001124999997,3.5269966199999994,8.35348979,12.294237329999998,62.697166738,39.506170954392495,89.67879878889498,776.7212798202017,342.1059358368407,1318.5722531491642
luindex,78m,800MHz,3089.3,1.1036194,2.2761413,6.4328247,2582.3825,3684.8599999999997,0.8917371749999999,1.3519144775,1.860125945,2.7258359050000003,5.317755775,7.634254674999999,21.505928850700002,13.686438364162502,29.940887501000002,162.95096813431024,78.44950116585154,260.57329183963367
pmd,14m,1.2GHz,366.2,0.18699939999999998,0.43740239999999997,0.9528503,351.3,378.805,0.18063339750000001,0.19293412000000001,0.41897604,0.4550610275,0.9152875225,0.988442755,0.35018314380000004,0.32487069843000005,0.37492375755749996,0.33600027859413106,0.29797088241826153,0.37187277047058553
pmd,14m,1.6GHz,272.6,0.1576171,0.43602299999999994,0.8337646999999999,255.995,287.705,0.14176313750000002,0.173676525,0.40378721500000003,0.463643085,0.7823627225,0.8824039100000001,0.22951559019999998,0.2039036736075,0.2554477930075,0.1951421452830992,0.16170158121549888,0.22543974976112674
pmd,14m,2.0GHz,225.5,0.1555908,0.5314574999999999,0.8766116,216.695,233.7,0.14524326250000003,0.16699611749999996,0.5108536324999999,0.551680275,0.8411498525000001,0.9080975225,0.19847445060000002,0.1831889129225,0.2126237972125,0.17539289549450982,0.15586223441040026,0.1952954111937731
pmd,14m,2.4GHz,186.3,0.1431945,0.6157471,0.9078305999999999,178.5,192.4,0.133564985,0.1543164275,0.59185607,0.6363877200000001,0.8744517199999999,0.9358853525,0.16967538100000001,0.15723446170500005,0.18033199896,0.1549730463907972,0.13884607460013593,0.16872461423035853
pmd,14m,2.7GHz,170.3,0.12858280000000002,0.719519,0.9856505999999999,163.1975,177.0,0.1195836075,0.13705596750000001,0.6839458725,0.7469680275,0.9431383849999999,1.0224920125,0.16859144799999998,0.15437892137000003,0.18104952510249997,0.16758573721138642,0.14801222698821156,0.18514617581643106
pmd,14m,400MHz,1061.4,0.39163200000000004,0.6017945,2.021588,1015.2975,1101.805,0.363531605,0.42263165499999994,0.5659546925,0.6399855175000001,1.917737605,2.1178792375000004,2.1566248484,1.9750341927300001,2.33754964778,4.4063515739117545,3.823209126351378,4.985833899432326
pmd,14m,800MHz,558.0,0.2412416,0.46925050000000007,1.2287779999999997,534.0,574.405,0.21981609749999997,0.26388602000000005,0.4456561825,0.4930592325000001,1.1729844349999998,1.27521262,0.6881154054999998,0.6334940674749999,0.7306001809299998,0.8523861014333824,0.7609494855268712,0.9351162436241751
pmd,21m,1.2GHz,358.1,0.1946474,0.42021489999999995,0.9317629000000001,334.8,376.1025,0.17248187999999998,0.22128645999999996,0.39465156250000005,0.44038482,0.8701710125000001,0.9798283,0.3364804589,0.29673013273250004,0.3665877312825,0.3184888948087181,0.2638108058479668,0.361501578367521
pmd,21m,1.6GHz,264.5,0.15057959999999998,0.4229616,0.8048339,250.4,277.9,0.13826146250000002,0.16174315000000003,0.401435765,0.44270282749999995,0.7600698700000001,0.8463524349999999,0.2144229915,0.19145377520750004,0.23459785701749997,0.1750062025749481,0.1481820836101164,0.1991789303143778
pmd,21m,2.0GHz,204.3,0.12932120000000003,0.48760370000000003,0.7926758,195.0975,215.4025,0.11853482500000001,0.14179110250000002,0.4664537775,0.5139732000000001,0.7557080675000001,0.8336244025,0.16303956980000003,0.146839091145,0.18369845439000004,0.1311140606537716,0.11275087730908308,0.1546078523738361
pmd,21m,2.4GHz,186.2,0.1371099,0.6240418,0.9122068000000001,178.4,193.6,0.12542134,0.14723453500000003,0.5922892074999999,0.6609874775,0.8670563124999999,0.9557719774999998,0.17069888360000002,0.155734167035,0.18491900608,0.157455672686194,0.13606272769127656,0.17777423950154653
pmd,21m,2.7GHz,163.3,0.12476830000000001,0.6936403999999999,0.9521298999999999,153.9975,171.4,0.11215783750000002,0.13735019,0.6583958000000001,0.7235889799999999,0.9081736125000001,0.9902878850000001,0.1564299376,0.1415200687275,0.16980703739999997,0.15061534849986682,0.12829485794224102,0.16836986844427076
pmd,21m,400MHz,1033.3,0.3794922,0.5845643,1.9663515,999.785,1063.21,0.3626061425,0.393260075,0.562142695,0.60772964,1.9059427625,2.0277980999999996,2.0367694824,1.9002739596200002,2.1482901607825,4.024872732180606,3.644926114525332,4.3370646455570325
pmd,21m,800MHz,567.4,0.260443,0.5054318999999999,1.2874326,553.2975,579.9025,0.2400974625,0.2852889325,0.46489702,0.5674908849999999,1.2243785625,1.3676290349999998,0.7325254321999999,0.68001926106,0.7905704259924998,0.9536912327801289,0.8398054935119256,1.0947680729422873
pmd,28m,1.2GHz,341.9,0.19148559999999998,0.46776729999999994,0.9598327000000001,319.8875,363.205,0.16496445749999997,0.21877277999999994,0.39162589499999995,0.56296746,0.8486735075000001,1.0763485725,0.33307769379999996,0.28006141468999995,0.39392301197499996,0.3357724348027854,0.2508832114559337,0.4410686219407075
pmd,28m,1.6GHz,259.0,0.1549868,0.4142642,0.7950257000000001,249.8975,267.0025,0.1398074975,0.173205345,0.39772636,0.432819515,0.7604364375,0.826453815,0.20653925490000002,0.19185350235249998,0.2207322924375,0.16540933088965232,0.14695936142597443,0.18262571620071244
pmd,28m,2.0GHz,215.6,0.1451965,0.5069762000000001,0.8336730000000001,206.195,222.2025,0.1263119775,0.162781975,0.48467119750000004,0.5255404175000001,0.79452744,0.8646796649999999,0.1804468346,0.166395078025,0.19166419984750002,0.15167215367742043,0.1345852202680489,0.16656024334409233
pmd,28m,2.4GHz,170.0,0.1275818,0.5613157999999999,0.8254028,160.4,179.2025,0.1175096325,0.13853352,0.5314272025000001,0.5907163549999999,0.7835285274999999,0.865150225,0.14129860240000003,0.1268652802475,0.15535730041,0.11815196405362201,0.1010967445231449,0.13423268855269035
pmd,28m,2.7GHz,151.4,0.1166808,0.6376831999999999,0.8762511999999999,142.7975,159.8,0.10589102,0.1296166,0.6050300075000001,0.6704081700000001,0.8316562499999999,0.9195985025,0.13368021600000002,0.11904901920250002,0.14769447685500003,0.11880715101445241,0.09924579517516063,0.13673223526090683
pmd,28m,400MHz,1023.8,0.37459690000000007,0.5743897,1.9472229999999997,984.3924999999999,1057.4,0.3608631375,0.38817837000000005,0.5517361000000001,0.5929147300000001,1.8712865999999997,2.013192495,2.0003271795,1.8649877825949996,2.127587961962499,3.920878699784332,3.491947895058418,4.304154722945071
pmd,28m,800MHz,535.2,0.2518983,0.4385801000000001,1.1810303,512.4975,552.805,0.2282710325,0.27993790999999996,0.4195255,0.45437082,1.1344463175000001,1.217145105,0.6341444898999999,0.5905935496125,0.6737612323,0.7538153262337917,0.6706689643584384,0.8212780064802004
pmd,35m,1.2GHz,345.4,0.20185549999999997,0.4107727,0.9176270000000001,325.3975,364.8,0.171853745,0.23032815249999997,0.38352005499999997,0.44034994999999993,0.8492784775000002,0.9753966474999999,0.3202716429,0.279154002225,0.35459190699,0.3000686220426033,0.24416009083833673,0.3466138368424493
pmd,35m,1.6GHz,263.6,0.1636658,0.42432869999999995,0.8195986000000002,251.5975,274.2,0.151258975,0.1772646575,0.4057119275,0.44144687250000003,0.7782466375000001,0.8531962674999999,0.2171823642,0.1972538244725,0.23380910247250006,0.179813080826589,0.15560836957573995,0.20132065271154337
pmd,35m,2.0GHz,203.5,0.14116199999999998,0.4736694,0.7845704,187.1975,215.8,0.12349759750000001,0.15937011,0.4383751275000001,0.5031170749999999,0.7263785749999999,0.83542496,0.1618256696,0.13896107467,0.18161461419500002,0.1301712642760468,0.10552300292534972,0.15353953507425414
pmd,35m,2.4GHz,181.7,0.13465600000000003,0.6071593,0.8935547000000001,174.0,188.1025,0.1255722125,0.1449252975,0.581448345,0.6342655549999999,0.8610222750000001,0.9244705675000001,0.1628964739,0.15078612659749996,0.1739814776575,0.1465188837520953,0.13102320457287336,0.16180090599980906
pmd,35m,2.7GHz,155.4,0.12369369999999999,0.6534058,0.9021787,147.9975,162.3,0.11354797,0.13404581250000003,0.6220525225000001,0.682047925,0.8578959175,0.9398608749999999,0.1409197801,0.128426342425,0.15262037362999997,0.1284034050120601,0.1115723373893268,0.14396215080264196
pmd,35m,400MHz,1046.8,0.40314320000000003,0.591864,2.0017759999999996,1025.295,1066.2124999999999,0.3805508975,0.4258580625000001,0.573062915,0.6084992575000001,1.9574991624999998,2.0384049825,2.0975449059,2.003572057415,2.1729087585175,4.207201038029896,3.9673146785876114,4.421661785423621
pmd,35m,800MHz,503.0,0.2121947,0.41957389999999994,1.0966187,471.09250000000003,533.1075,0.1952009225,0.2280998975,0.3934781850000001,0.44463745250000003,1.0272295100000002,1.1690146475000003,0.5575969694000001,0.48683462563249996,0.6236445554925,0.6244815246085822,0.5128327924150522,0.7253485181173669
pmd,42m,1.2GHz,358.2,0.1891175,0.43397810000000003,0.9419492999999999,352.0975,363.2,0.17496431500000004,0.2055215725,0.41971135249999997,0.4546264125000001,0.913776965,0.9745261425000001,0.3377275053,0.32245002627749997,0.3522067575374999,0.31922949883846974,0.2955772840665502,0.34434092419200213
pmd,42m,1.6GHz,269.9,0.1703307,0.42454200000000003,0.8232419999999999,262.2975,277.5,0.15569812000000002,0.18508362,0.40931354249999996,0.44267535500000005,0.80404025,0.839638495,0.22254834710000004,0.21133251297999997,0.23361247690750003,0.18371997905042653,0.17103462304452316,0.19640793095707013
pmd,42m,2.0GHz,210.8,0.1381896,0.5078737,0.8275387999999999,197.0,221.8025,0.124706995,0.1517942625,0.47225588249999995,0.5453163149999999,0.767288305,0.8876248075,0.1762120487,0.1546591350325,0.19637531302750003,0.14909685568632308,0.1215597760795021,0.1740977711047642
pmd,42m,2.4GHz,172.3,0.1319705,0.5741822,0.8474546999999999,163.395,181.7,0.1181941875,0.1442402775,0.5387749900000001,0.6059766274999999,0.7941533075000001,0.8968740449999998,0.1472451408,0.12987548373749996,0.16410323444499997,0.1269157234148926,0.10667177046092832,0.14625449446370697
pmd,42m,2.7GHz,161.6,0.1256105,0.6854857999999999,0.9397582,153.7,168.5,0.11675169999999999,0.132367415,0.6487640474999999,0.7187140224999999,0.8948784925000001,0.9821059825,0.15277487900000003,0.13810710723500003,0.16741080536499997,0.14532952059068577,0.12548338296273467,0.16608523400729847
pmd,42m,400MHz,992.1,0.3747071,0.5730531,1.9042725,934.3975,1042.5024999999998,0.3434300525,0.40569597,0.5418840175,0.5977488150000001,1.8009337975,1.9982752925000002,1.9034270961000002,1.6937997304599999,2.0926120321825006,3.676592933817269,3.138017433169388,4.182368673226958
pmd,42m,800MHz,527.2,0.25031739999999997,0.4425904,1.1769043,495.9975,551.1125,0.226146535,0.268183625,0.4100273300000001,0.47290177250000004,1.10191602,1.2425020599999999,0.6257233990000001,0.5509216102225001,0.6850407816525002,0.7491599740520773,0.629159208370075,0.8556771239952345
pmd,7m,1.2GHz,725.0,0.35325320000000004,0.8665160999999999,1.8711549,680.795,782.6075000000001,0.3207114825,0.405312795,0.8137676775,0.93426913,1.7511299274999998,2.00472855,1.3755447138,1.1947566555949998,1.6198640713974999,2.6533285220638634,2.106025434234275,3.451348323212052
pmd,7m,1.6GHz,542.9,0.3240844,0.8654176,1.6615784000000002,515.4,576.205,0.29595299249999996,0.36127655999999997,0.8249854575000001,0.9114005425,1.5702718375,1.7778125674999998,0.9100726115000001,0.8156500426875,1.0357263547800002,1.5406398077504198,1.2871542404865628,1.8695781994517624
pmd,7m,2.0GHz,449.3,0.3000793,1.0546141999999998,1.7383364000000001,421.8775,479.1025,0.27538493999999997,0.33188525999999996,0.9924481075,1.1253351450000002,1.63445465,1.85139661,0.789667483,0.6918092909650001,0.9021217856200001,1.4036519010898592,1.1426060611415116,1.7138299749059025
pmd,7m,2.4GHz,377.7,0.2848449,1.3207518999999999,1.9179201,360.0,399.705,0.2645906525,0.30876683000000005,1.20790277,1.4743898425000002,1.7755774675000002,2.1019961149999995,0.7293969181000001,0.6454718792575,0.8305553467075001,1.4340449068867804,1.1544083886415153,1.786088326111509
pmd,7m,2.7GHz,328.3,0.25379640000000003,1.3773925,1.9035278999999998,312.9,342.7025,0.24177727999999998,0.2668762050000001,1.3181127199999998,1.4397244275,1.8225029375,1.9892206475000003,0.6282025978,0.5727812717624998,0.6891641250225,1.2082090844962317,1.0611016139101381,1.39284093258266
pmd,7m,400MHz,2145.4,0.7748659,1.2001893000000001,4.0590516,2043.37,2266.5,0.7278110975,0.8372884925,1.1382834299999998,1.2845931074999999,3.87049232,4.3037130425,8.7736139535,7.9255201091175,9.8987025285075,36.1874003144635,30.344649829400534,43.61520174277502
pmd,7m,800MHz,1070.1,0.4320982,0.9033079999999998,2.3370238,985.0999999999999,1171.7175,0.40132246,0.46687636749999983,0.8259911375,1.0063361725,2.1480846075000004,2.5621555474999997,2.5537621253,2.1337734361775,3.110931603225,6.243051119197658,4.566421297600956,8.447542801058741
sunflow,10m,1.2GHz,751.4,0.2505066,0.9247864,1.9303403000000003,710.2,806.3,0.23556362749999998,0.2688548275,0.8698121000000001,0.9943936975,1.8246146625000002,2.06066647,1.4649451231000001,1.2982360787049998,1.6740349110900001,2.8887293624893067,2.3840615105705556,3.612428399706255
sunflow,10m,1.6GHz,550.5,0.1881043,0.9054625999999999,1.6409729,540.3974999999999,560.3025,0.1821898975,0.193604065,0.8876432399999998,0.9260565075000001,1.60708767,1.6717202125000001,0.9041341248,0.8716964697199999,0.9378740121049999,1.486463927682737,1.4056561207158211,1.5687965267177797
sunflow,10m,2.0GHz,463.9,0.1699706,1.1420350000000001,1.7701474999999998,438.8875,490.0025,0.1566832975,0.183040895,1.0699110250000003,1.2227505475,1.6610372525000001,1.8846603874999999,0.8284709271,0.7328420184375,0.9247131490749999,1.4949367064448973,1.2461832265585608,1.7967644887341239
sunflow,10m,2.4GHz,387.3,0.14709460000000002,1.3686464,1.8943603,359.195,415.3025,0.13593240250000002,0.15869110000000003,1.28005513,1.4592793725,1.7844609150000001,2.0162910899999997,0.7421026803,0.6483025083825,0.8390732820925001,1.437346261553001,1.1465208384198946,1.7310059949637968
sunflow,10m,2.7GHz,336.1,0.1278746,1.4872438,1.9408324999999997,316.1,361.61,0.1176851075,0.139945015,1.40204322,1.60099043,1.8248858600000002,2.0780842025,0.6603275916,0.575234369815,0.7675414313574999,1.31434129433642,1.055437598206475,1.6519684354790487
sunflow,10m,400MHz,2309.3,0.7057005999999999,1.2737487,4.3401184,2171.9675,2465.7299999999996,0.657477385,0.7579967274999999,1.1993637249999998,1.3611702824999998,4.075921600000001,4.635866205,10.125776791000002,8.86540138061,11.3858076771025,44.86378040031005,36.92351369942309,53.0184599490771
sunflow,10m,800MHz,1134.6,0.3620118,0.9567442999999999,2.4664550000000003,1094.2925,1181.1025,0.34807806,0.378097905,0.9235708425,0.9958907874999999,2.382514005,2.5728223399999997,2.8089573946,2.6093635116900002,3.0595493445125004,6.980660798840309,6.210901585235581,7.8674691603262845
sunflow,15m,1.2GHz,766.3,0.26047380000000003,0.9346011000000001,1.9611816999999998,724.6925,822.5224999999999,0.244050365,0.282178715,0.8819775925000001,0.999257485,1.8510337025,2.09847614,1.5188114974999998,1.3405953670375,1.7396422506699998,3.0466146879572884,2.51788472881117,3.750110298670412
sunflow,15m,1.6GHz,568.5,0.2057617,0.9539489,1.7170718,540.885,595.405,0.1960936475,0.21564549,0.9143289975,0.9952436849999999,1.6480224475,1.79614058,0.9814054990000001,0.8887579290950001,1.070255468475,1.7032002335686929,1.4838243243493723,1.939061740483679
sunflow,15m,2.0GHz,447.6,0.1652467,1.1057436,1.7073730999999999,426.39,470.005,0.15649385000000002,0.175331785,1.051273765,1.1734255125000002,1.6300266550000002,1.8166628525000001,0.7692846595,0.70092428118,0.8580433020624999,1.3326290196735566,1.1372034016229653,1.579968754832388
sunflow,15m,2.4GHz,371.7,0.1455874,1.3023196,1.8071168999999998,349.6,401.005,0.132913855,0.15868937249999998,1.2217705375,1.4026599799999997,1.6929439474999994,1.9318143975000002,0.6801638076000001,0.5902179939525001,0.7903383793650001,1.262025679555093,1.0118643030745957,1.56894394886061
sunflow,15m,2.7GHz,342.9,0.13948950000000002,1.5319458000000001,2.0017699999999996,324.2975,362.40999999999997,0.12936679999999998,0.150154845,1.4434087525,1.62220832,1.8902336850000003,2.1089300200000003,0.6920312829999999,0.6172442913175001,0.7720502744225,1.4083822393532313,1.1738216553072078,1.6552264505575585
sunflow,15m,400MHz,2323.4,0.7244997,1.298468,4.389691,2229.48,2430.9750000000004,0.686479875,0.7588135574999999,1.2359407425,1.352834955,4.195798044999999,4.5923717900000005,10.2493214296,9.41147861225,11.113009584735,45.444407677998115,39.8367074360903,51.92170024259613
sunflow,15m,800MHz,1106.5,0.35666509999999996,0.9252137000000001,2.4023803,1059.9625,1168.8049999999998,0.34099694499999994,0.37718642249999995,0.8838299275,0.9736843475000001,2.2963115499999995,2.540759,2.6761370504000004,2.4405767731075003,2.9850292662125,6.519810381911055,5.646474111781669,7.783047111217307
sunflow,20m,1.2GHz,779.1,0.26843870000000003,0.9664248000000001,2.0123964,727.6975,829.115,0.24669718499999999,0.29322545749999995,0.9022638400000002,1.0339212625,1.8796607300000001,2.1474823925,1.5856308667999999,1.3833308487025,1.8092349801999998,3.265394046834434,2.6243667845864502,3.8924967888607247
sunflow,20m,1.6GHz,538.4,0.1938782,0.9020205000000001,1.6285216999999998,515.9975,565.1025,0.185721405,0.20403683,0.85967963,0.9538294425,1.558302315,1.7204069775,0.8818591849,0.8080488548674999,0.9858677594600002,1.4538056644627502,1.2600184240327867,1.700514762281036
sunflow,20m,2.0GHz,479.1,0.18286719999999998,1.1650328,1.8148865,441.78000000000003,515.21,0.16827954750000002,0.19735760749999998,1.0797361474999998,1.2455091825000002,1.6804364225000001,1.9412300325000003,0.8816653968000001,0.7534172931425,0.997698094465,1.642925276741387,1.309495718589652,1.977624057580543
sunflow,20m,2.4GHz,395.2,0.1592651,1.4007265,1.9392213000000003,370.185,419.0,0.1496605925,0.1688734725,1.3311947874999999,1.4760720274999999,1.8399046,2.03915898,0.7725618506,0.685934615725,0.8586502560349998,1.5207572225991073,1.274088951714705,1.749681406667598
sunflow,20m,2.7GHz,333.9,0.13648049999999998,1.4922058000000002,1.9466493999999996,315.7975,354.0025,0.12652528500000002,0.14597860750000002,1.4089392074999998,1.5788972075000003,1.8278025475000002,2.0665252575,0.6559378837,0.5801916486175,0.7396925163475,1.3009187598750653,1.0686797442687241,1.5471011788382807
sunflow,20m,400MHz,2264.1,0.7023132000000001,1.236438,4.259613,2171.755,2372.645,0.6779913949999999,0.735304385,1.1865078949999999,1.299960555,4.08028523,4.4586664,9.6939300031,8.911454360655,10.632738854604998,41.72449253812772,36.38005436959192,48.167306386217106
sunflow,20m,800MHz,1078.7,0.3490843,0.9219299999999999,2.3606811,1054.3,1100.41,0.33930502500000004,0.3595834225,0.89438805,0.9468854174999999,2.303207965000001,2.41368512,2.5497060650999996,2.4375597402824996,2.6555024761125003,6.035611436084702,5.607426010769868,6.414203792007536
sunflow,25m,1.2GHz,780.4,0.2671388,0.9627379000000001,2.0085325999999997,741.5825,830.1125,0.25416568500000003,0.28353427500000006,0.91348381,1.0243486874999999,1.9143387325,2.1232063275,1.5799856250000002,1.4119324886325,1.7660592978900003,3.224939780647462,2.7136018393313686,3.8129776456622655
sunflow,25m,1.6GHz,526.3,0.1882994,0.862665,1.569794,513.3974999999999,538.9025,0.18217068250000001,0.19422001,0.8403735849999999,0.8836919074999999,1.5283081474999998,1.6104749724999998,0.8275095987000001,0.7893233543675,0.8676258615200002,1.3033939613129408,1.1997043131271492,1.4052753116357426
sunflow,25m,2.0GHz,463.3,0.1811218,1.1450622,1.7773803999999997,437.795,489.3025,0.1690674925,0.19471699250000002,1.0794715125,1.20904744,1.67502399,1.8773280499999998,0.8299618394999999,0.7315103937699999,0.9212494424875,1.4987302505766382,1.2609276856874503,1.756946929299975
sunflow,25m,2.4GHz,364.6,0.15176989999999999,1.3292848999999998,1.8291809999999997,349.8,381.7025,0.139029765,0.166724065,1.2342157425,1.4668225175,1.7103355275,1.9668223749999996,0.6711789615,0.5999426816025001,0.7492524775724999,1.2531233227872016,1.042102524667146,1.533186004339189
sunflow,25m,2.7GHz,328.3,0.132959,1.4542909000000002,1.9003174,311.7,348.40749999999997,0.12537164499999998,0.14218209999999998,1.3805661775000002,1.538672285,1.8097062375000006,2.019940465,0.6289528444,0.5628637249025,0.71428603209,1.2153599350878903,1.0117421288677444,1.4650939268962988
sunflow,25m,400MHz,2209.3,0.6768431999999999,1.2046997999999998,4.143871799999999,2140.055,2282.11,0.6546437825,0.6997651675000001,1.1616149825000002,1.2517567349999998,4.0065114274999996,4.27930977,9.1813898095,8.586238428762499,9.827792791582501,38.27102484383641,34.74769352860009,42.10698815115238
sunflow,25m,800MHz,1095.0,0.3588807,0.9379335000000001,2.4023741999999997,1041.7625,1161.34,0.341399535,0.37968155500000006,0.8912400175,0.9915510200000001,2.2901480299999997,2.540693825000001,2.6510098418,2.3792020601449995,2.9763635023599995,6.470443931973153,5.457635061335982,7.668470364839595
sunflow,30m,1.2GHz,760.2,0.2600527,0.9334593999999999,1.9505982000000004,714.595,809.5,0.24301534999999996,0.2777472025,0.880928165,0.9929093925,1.8261088050000003,2.070776049999999,1.4979036238,1.3229383477199999,1.6979495198749999,2.9819346291839817,2.44633327704716,3.5484677877084065
sunflow,30m,1.6GHz,560.3,0.2162413,0.9435365000000001,1.7073730999999999,528.29,597.8074999999999,0.194118375,0.24323628499999997,0.8674198450000001,1.023273105,1.6038169549999999,1.84417548,0.9696007108,0.8509594335375001,1.1389549706649995,1.7073412948318976,1.3216218282166488,2.178879812224215
sunflow,30m,2.0GHz,431.3,0.16733409999999999,1.0642150000000001,1.6535644,419.5,445.0025,0.1585390975,0.17588042750000002,1.02465362,1.1058150924999999,1.5939322374999998,1.7173526025000003,0.7150741643999999,0.6685047147775002,0.76374572296,1.18970161949747,1.0739201330873924,1.3202187559146605
sunflow,30m,2.4GHz,367.1,0.14404920000000004,1.2858398000000002,1.7838134,343.9975,396.205,0.13361804,0.15694131749999998,1.2058659100000002,1.3918573125000002,1.6749412350000001,1.9328511824999997,0.6645167532,0.5794200224624999,0.7887615663700002,1.2237369407486696,0.9703614982971395,1.6022265288757824
sunflow,30m,2.7GHz,334.2,0.1368165,1.4823853,1.9376770999999997,315.4925,354.6025,0.12810599749999999,0.14737632249999996,1.400254105,1.5766210150000002,1.824096235,2.0651015024999997,0.6539679452,0.5769577356175,0.7397349034849999,1.2931466618203644,1.060254835060227,1.5312177331478027
sunflow,30m,400MHz,2375.8,0.7261169000000001,1.3023683,4.456097499999999,2239.47,2504.75,0.6878397175000001,0.7655855075000001,1.2340510425000002,1.37447221,4.221894164999999,4.7224794125,10.6702112821,9.501961426480001,11.945797157760001,48.29346680361076,40.230955639632114,56.40958047113477
sunflow,30m,800MHz,1141.5,0.3742249,0.9609071,2.4889588,1094.9650000000001,1193.11,0.3570476625,0.39244888750000007,0.92008985,1.0037646875,2.3944701824999997,2.5873700225,2.8535780827000004,2.6302562690625004,3.1139038816575,7.165768285374303,6.363711069033858,8.153338478190314
sunflow,5m,1.2GHz,1753.9,0.7344971,2.1615295,4.5440187,1705.8850000000002,1805.0249999999999,0.709020185,0.7626996825,2.098309645,2.239271585,4.407585072500001,4.68108235,7.9868154844,7.5357076103175,8.4768864623075,36.46181518918592,33.66598041698295,40.000061648054704
sunflow,5m,1.6GHz,1296.5,0.6312253000000001,2.1216736,3.955664,1275.5925,1330.0025,0.617601035,0.6498885824999999,2.0882316875,2.1733432649999997,3.8939579149999997,4.056920345,5.1349255893,4.976931445105,5.3898797783175,20.365339942992982,19.378116435430258,22.02361288119901
sunflow,5m,2.0GHz,1048.8,0.5700683,2.521942,4.049890100000001,1032.5,1065.3025,0.5591614,0.5833442775000001,2.4818628424999996,2.5689617149999995,3.9834349075000004,4.1286298325,4.2507549144,4.1158382750575,4.41270957304,17.242567279404916,16.40898960275697,18.303015200499317
sunflow,5m,2.4GHz,887.8,0.5344297,3.0366577,4.3719725,867.5,916.6025,0.5189607525000001,0.5532467575000001,2.9630030375,3.1262300125,4.2602862625,4.50114803,3.8889772535999994,3.6989824123525,4.122416480565,17.07253358329259,15.713355512644098,18.75911534110905
sunflow,5m,2.7GHz,788.5,0.5062441,3.4354128000000004,4.6435301,774.8,806.405,0.49621386749999996,0.5190378099999999,3.357291615,3.5252492275000002,4.5448038649999996,4.7703892625,3.6657227095,3.528966855895,3.8547819737774995,17.067381504192966,16.019275200409552,18.383891535836906
sunflow,5m,400MHz,5108.0,1.7057923,2.8335390000000005,9.5957335,5050.09,5193.16,1.68040679,1.73671423,2.79462243,2.8786784225,9.476976594999998,9.7482718475,49.0429302839,47.909056544607495,50.6416201014175,471.14549671889637,454.364418928554,495.4905187495143
sunflow,5m,800MHz,2611.6,0.9824399999999999,2.2179626,5.712439099999999,2561.3,2673.81,0.9534396050000001,1.01227894,2.1693383799999997,2.2695549999999995,5.599375192499999,5.8469678725000005,14.936271939,14.361028332705002,15.657267551299999,85.53386453371004,80.34483178411435,92.29998292360031
xalan,10m,1.2GHz,425.7,0.23436280000000004,0.5062254,1.1151917,405.3975,447.31,0.22402400750000004,0.24286662,0.48181078250000003,0.5320219125000001,1.0631614325000003,1.16512476,0.4777099528,0.4304152241625,0.5244398791999999,0.5390440548544715,0.45805484730304163,0.6207354905320546
xalan,10m,1.6GHz,338.8,0.2143065,0.5458067,1.0558352000000002,318.8,357.2075,0.20388688000000005,0.2251950025,0.5067146624999999,0.581739525,0.9867960524999999,1.1201849099999999,0.3607912017,0.3196596585975,0.39869810835499997,0.3876295066418005,0.3215986920071723,0.45199254059697747
xalan,10m,2.0GHz,270.6,0.19336530000000002,0.6375914,1.0620117,254.395,284.5,0.18313955750000002,0.2029131375,0.5988983025000001,0.6733228249999998,0.9968026475000001,1.116145785,0.2897268943,0.2578797013975,0.32023178477249997,0.31251044360492775,0.26478987672948034,0.3593768484466276
xalan,10m,2.4GHz,220.6,0.1681275,0.7414795,1.0907346999999998,206.995,233.9025,0.156821505,0.1778022125,0.6964675225,0.7885947400000001,1.0196106475,1.1584535699999996,0.24289167520000002,0.21129175310999995,0.2721215036025,0.26986210454396986,0.2188799684594955,0.3155584959230815
xalan,10m,2.7GHz,200.8,0.15741579999999997,0.8485230999999999,1.1683105,186.3925,215.0,0.14580918250000002,0.16943827749999998,0.7928585474999998,0.9041432925,1.0938933874999999,1.2467981675000002,0.23746765009999998,0.20509026700500002,0.267303259355,0.28388795270013667,0.22374016527514817,0.34044911883984286
xalan,10m,400MHz,1376.2,0.5066284,0.7864989,2.6286805,1303.9850000000001,1436.8,0.4793225175,0.5309274675000001,0.7355544775,0.8368479874999999,2.4813526224999993,2.7602354074999997,3.6427685509000005,3.2595185878625,3.972545255025,9.709183885078195,8.35235466077043,11.01058234278109
xalan,10m,800MHz,649.0,0.2832276,0.5434207,1.4258483,610.4,687.9075,0.259964605,0.30242020249999996,0.5051354724999999,0.5831448549999999,1.3295008350000002,1.51424769,0.935221729,0.82049950777,1.0480731171350002,1.3620798114969808,1.1057024486710951,1.6100684437545405
xalan,15m,1.2GHz,424.2,0.22828369999999998,0.5081361,1.1143921,402.6975,444.0,0.21087618000000002,0.24452536500000005,0.48511771749999993,0.5293234800000001,1.063363845,1.15916644,0.475221062,0.43225803843250005,0.5184481097975,0.5350578974782092,0.46425812070409644,0.6065690206026078
xalan,15m,1.6GHz,327.0,0.21150509999999997,0.5183593,1.0131713999999998,311.0,341.9,0.1962536225,0.22397485250000002,0.495180295,0.5404730625000002,0.9635752599999999,1.0565549974999997,0.3331946727,0.2988513346425,0.36167380398250004,0.3413335891744801,0.29447337849418265,0.3852583410042087
xalan,15m,2.0GHz,258.5,0.183789,0.6065126,1.0089724000000002,243.9975,271.5,0.1722486675,0.192623545,0.5746677975,0.6363473275,0.9568705050000001,1.0638813325,0.2627341764,0.23519234070999998,0.289085736105,0.2688670403716952,0.22899459092977323,0.30981195219635627
xalan,15m,2.4GHz,230.3,0.1820252,0.7742858,1.1422058,220.6,238.805,0.17302244749999998,0.1878845525,0.7417408825,0.8022209425,1.09806651,1.1795123324999999,0.26408694709999997,0.24477633223249995,0.282704612175,0.30388296318439856,0.2654450481063072,0.3358910701675797
xalan,15m,2.7GHz,201.0,0.16346449999999998,0.8572388,1.1817810000000002,190.7,212.1,0.15198069500000003,0.17424410500000004,0.8120796825000001,0.9003483575000001,1.1197961300000001,1.242616375,0.239250155,0.2131989776375,0.26357648020249996,0.28668329852871377,0.24306155899300844,0.3245263925701403
xalan,15m,400MHz,1333.1,0.49767459999999997,0.7557373000000001,2.5411559,1266.7925,1393.8125,0.47658333,0.518994705,0.7094024449999999,0.7941722800000001,2.4048054125,2.6687360175,3.4083783378,3.056778005985,3.7234742938300003,8.768675585382287,7.598080311995316,9.925037524137606
xalan,15m,800MHz,606.8,0.26461179999999995,0.5079833,1.3349854,568.1925000000001,646.1125,0.242978555,0.28833000499999994,0.4791365800000001,0.5394887424999999,1.2541418000000002,1.4259358899999999,0.8189987774,0.71326715571,0.9323641802250001,1.1186074275446924,0.8946994362590451,1.3647389851673486
xalan,20m,1.2GHz,437.2,0.23602290000000004,0.5280943,1.1546568000000001,413.0,458.405,0.2200983375,0.24770026250000007,0.5009684225,0.5496420975,1.10117108,1.2013686925000002,0.5076338348,0.46020294175750004,0.5503116591175,0.5922975297798132,0.5111718650164795,0.6591786386884803
xalan,20m,1.6GHz,329.4,0.2167297,0.5382996,1.0414123,314.7,343.7,0.20692622250000003,0.22601946500000003,0.509800675,0.5682878225,0.9870670924999999,1.088481075,0.3448231126,0.314815089165,0.37500075115,0.36305957566863584,0.3163601262602186,0.4087032496066081
xalan,20m,2.0GHz,267.5,0.1892395,0.6292175,1.0441957,251.5,283.3025,0.17715705,0.1994060675,0.59431516,0.6625304124999999,0.98526197,1.09938992,0.28165604429999996,0.2501648556175,0.31313827791499993,0.2987892980060666,0.2521103828139409,0.34517427240837667
xalan,20m,2.4GHz,234.3,0.1811953,0.7857666,1.1571533999999999,227.4975,239.9025,0.17740433500000002,0.18537223500000002,0.7612537350000002,0.8067087100000001,1.1205318925,1.1873441550000001,0.27166902029999995,0.2553077552225,0.28470675928499994,0.3156537456464775,0.28875698447544407,0.3389509516413734
xalan,20m,2.7GHz,214.2,0.17085560000000002,0.9043764,1.2463319,209.7,217.7025,0.16892053750000002,0.1725036025,0.8878846449999999,0.9191383024999998,1.2224334499999998,1.2665692575,0.2671737793000001,0.25720699902,0.276004692595,0.33350809692828076,0.31652736926625125,0.34992854554034936
xalan,20m,400MHz,1320.3,0.4857056999999999,0.7456055000000001,2.5110107000000004,1220.9824999999998,1401.6225,0.45036246999999996,0.5172467174999998,0.6859080149999999,0.790860325,2.3471875499999997,2.65902538,3.3511445297,2.9391343622375,3.7017292011825003,8.586034091981256,6.9848774334144235,9.9220901377235
xalan,20m,800MHz,678.0,0.2906923,0.5697204,1.4856505,644.4975,711.8125,0.27354383750000005,0.306939845,0.5347379874999999,0.6053276900000001,1.404741535,1.56018894,1.0142558731,0.912494281835,1.1116517848149998,1.5283453819023065,1.3052224118494604,1.7520629963029841
xalan,25m,1.2GHz,440.9,0.22174670000000002,0.5329834,1.1497129999999998,407.6975,468.6025,0.20302622999999997,0.24227778500000005,0.49072101000000007,0.5695858475000001,1.0667942774999999,1.2300278375,0.5136565574999999,0.4434893160899999,0.5765740337024998,0.6056491756094042,0.482261054883643,0.7104250565199416
xalan,25m,1.6GHz,323.9,0.20724499999999998,0.5137269999999999,1.0005004,300.5,344.5,0.1885167125,0.22058709999999998,0.47651851000000006,0.5428697299999999,0.9272081825000001,1.0626455375,0.3278660977,0.28453284096000003,0.366970132,0.3352831855245653,0.2738361591981271,0.3910152977211327
xalan,25m,2.0GHz,266.9,0.1885865,0.6269531999999999,1.0432618,251.5,281.4,0.1822304575,0.1948673625,0.59257514,0.661426615,0.994718155,1.0951413524999998,0.280380474,0.2514312645425,0.3084033710575,0.296461905398073,0.251828813577355,0.3419310500742581
xalan,25m,2.4GHz,219.3,0.1690186,0.7383974,1.0879638,206.8,232.3,0.1590449925,0.178815255,0.6982211549999999,0.7794131099999999,1.0276778700000002,1.1473491675,0.2405449831,0.21470476145,0.266428671625,0.2659196517161493,0.2256275308511223,0.31018250625703514
xalan,25m,2.7GHz,207.1,0.166168,0.8838565,1.215735,198.9975,213.9,0.15850941500000001,0.17207122,0.8501595700000001,0.9145388999999999,1.1690348050000001,1.2566772050000001,0.2526503381,0.232622124985,0.26908619903000003,0.3091856339190985,0.27675671324317963,0.3359960384790465
xalan,25m,400MHz,1313.1,0.46837149999999994,0.7382996000000001,2.4861632,1206.9,1407.2075,0.43454148,0.50084312,0.6741368425,0.8020023700000001,2.293265775,2.6817832824999996,3.314371156,2.7948541935850004,3.7862723828775002,8.483197260688625,6.5839707308952775,10.225891296877304
xalan,25m,800MHz,658.4,0.28770759999999995,0.5672666,1.4606325999999998,612.6750000000001,697.81,0.2648551375,0.3085121175,0.5291914700000001,0.6055271175,1.3677081625,1.5440950074999997,0.9702907341000001,0.8613412291825001,1.0749174668349997,1.4422510860437987,1.2049312755541992,1.6776899253569209
xalan,30m,1.2GHz,421.7,0.22246090000000002,0.5045408,1.1023255,395.5,447.1075,0.2096091275,0.23367891499999996,0.4734946925,0.5367481949999999,1.0411596600000002,1.1710529925000002,0.4692806287,0.41345685346999994,0.5252885787199999,0.5271126187792498,0.4367112573254582,0.6179092894014384
xalan,30m,1.6GHz,335.3,0.22015390000000004,0.5759399999999999,1.0849300999999998,316.8,354.2,0.2069003,0.233735425,0.5048132575,0.68131446,0.9852571499999999,1.228670575,0.368178079,0.317663623765,0.43226041568249995,0.4170053361722988,0.3144982445082458,0.5493670449313092
xalan,30m,2.0GHz,261.0,0.1879149,0.6202149,1.0331787,245.9925,274.1025,0.17646134249999998,0.198493675,0.5902281500000001,0.64785389,0.9783556700000001,1.0765966075,0.2714045681,0.2447308903775,0.2968051183525,0.2838026880597877,0.2401061029540623,0.3245005821782174
xalan,30m,2.4GHz,214.8,0.1646117,0.7209473,1.0606934,199.8925,227.805,0.1507807875,0.17677091,0.6741761525000001,0.76162882,0.9960341675,1.1227569550000003,0.2302701329,0.20007096678000003,0.2583958104875,0.24915312165706577,0.20446050367418547,0.2900074918196445
xalan,30m,2.7GHz,204.3,0.16101680000000002,0.8696839000000001,1.1945679999999999,181.5975,230.6025,0.14429690499999998,0.17402548,0.7694191750000002,0.9911112300000001,1.0684675575000002,1.353731105,0.25346198509999995,0.19251819185250002,0.326538952965,0.32665429221847025,0.21987636597253632,0.47490172991098556
xalan,30m,400MHz,1256.8,0.46105359999999995,0.7148621,2.3919740000000003,1177.6975,1332.1,0.4288917625,0.49120271249999997,0.6621589175000001,0.7620991324999999,2.2412873825,2.5387970875000003,3.0362046760999997,2.6639383266050003,3.3920076722424994,7.407300194189072,6.013462534874184,8.750548953423978
xalan,30m,800MHz,658.2,0.29127200000000003,0.5691464999999999,1.4660948999999999,620.8875,701.1075,0.27081067750000004,0.32198201000000004,0.5270113474999999,0.61604699,1.3707976975,1.5685643249999999,0.9743928800999999,0.855739316455,1.10027639121,1.4591447458815607,1.193773250494633,1.7607363734842938
xalan,5m,1.2GHz,824.7,0.39679570000000003,0.9887326999999999,2.1220459000000003,777.3975,880.9225,0.35338541500000004,0.44578927749999997,0.926957375,1.0684396150000002,1.9711696775000003,2.30726757,1.7722804647999997,1.5418428270800002,2.051373772585,3.8696287960240383,3.046292852101058,4.988048435342127
xalan,5m,1.6GHz,614.8,0.3596679,0.9882753000000001,1.8858641999999999,591.0975,640.71,0.33812234,0.38199928250000004,0.9428316975,1.04150019,1.8055659174999996,1.977290145,1.1647970463,1.0662940552675,1.2753336927575,2.2193557893287177,1.944107375756388,2.5371217623136797
xalan,5m,2.0GHz,522.4,0.3645447,1.2202452,2.0304626000000003,493.595,553.52,0.3341804075,0.3936837649999999,1.1564888000000002,1.2870274175,1.9187467325000003,2.1465685475,1.0694156779,0.95486184631,1.2020788790324999,2.2070537905498364,1.8551011224974254,2.601697568120251
xalan,5m,2.4GHz,415.0,0.3087952,1.3789612,2.0390504,401.9975,431.1025,0.2941622575,0.3260197025,1.3388819325,1.4324733975,1.9745955225,2.1153125000000004,0.8488774926000001,0.7961897904475,0.9112895907924997,1.742123112662746,1.5612479086664601,1.9451299814109586
xalan,5m,2.7GHz,394.3,0.3286071,1.9294982999999999,2.5638551,373.6975,419.2025,0.2879158575,0.38468025750000007,1.5694565750000002,2.4029478999999996,2.1644181325,3.0746731700000005,1.0387318516000001,0.8061533110925001,1.3256480477525001,3.004859454251707,1.773699873301586,4.6529827845063
xalan,5m,400MHz,2343.9,0.8682556,1.3595947000000002,4.4820495000000005,2210.3,2505.51,0.7957022225,0.9580292525,1.2318351225000002,1.536970015,4.1923200225,4.853405227500001,10.6214935699,9.340436024572503,12.383954548415002,48.827934385792744,39.70715431266819,61.17637327880289
xalan,5m,800MHz,1219.8,0.5160889,1.0131044999999999,2.6595701000000003,1154.0575,1298.2224999999999,0.47911999499999985,0.5601232724999999,0.9597381750000001,1.0727028724999998,2.5123903525,2.841002875,3.2750734479,2.907926487105,3.7305830551675,8.885140643752036,7.263797399931174,10.776379065737656
zxing,10m,1.2GHz,880.9,0.2864626,1.0578979,2.2342836999999998,788.99,989.3625,0.253397965,0.33085269000000006,0.9376703999999999,1.1999346024999997,2.0074335750000003,2.51007947,2.0392107211000003,1.60318518581,2.68235971644,4.911015434666056,3.205628667149984,6.920744405803104
zxing,10m,1.6GHz,609.9,0.20851439999999996,0.9727172999999999,1.7962222,552.0975,698.7125,0.1824617,0.2422373775,0.8723381275000001,1.11937602,1.6093371925000002,2.0655017475,1.1424951541,0.89566164796,1.5230798221999997,2.256019542953177,1.4190140680313932,3.5476391379843104
zxing,10m,2.0GHz,596.6,0.224707,1.4029418000000002,2.2190002,509.57750000000004,678.9025,0.18475238249999998,0.25975732,1.201783675,1.5930431875,1.8992675975,2.5530539924999998,1.396254687,1.0309577542025,1.7861491979274997,3.4293647237976614,2.120889556198004,4.7893077507514095
zxing,10m,2.4GHz,449.8,0.1719423,1.5277585,2.1445676000000002,366.3825,546.0125,0.13487363000000005,0.2168223175,1.262421295,1.8581986074999999,1.7741518999999997,2.6495886950000003,1.0652444014,0.6437211016574999,1.5990735061099999,2.8034465670904734,1.1165429628801284,4.921877638724768
zxing,10m,2.7GHz,420.0,0.17197279999999998,1.7914612,2.3767574999999996,372.3975,469.8025,0.14488926500000002,0.1972860825,1.5977182050000003,2.0140476324999996,2.1094488975,2.6783309775,1.0359661843,0.8009166929900001,1.3096051191249998,2.654677471304203,1.744396826292563,3.8659728369733175
zxing,10m,400MHz,2282.2,0.6757079,1.2404847,4.265875200000001,2245.2750000000005,2319.21,0.6617969825000001,0.6908711800000001,1.2148123274999998,1.2718149600000002,4.1867959025,4.3514440599999995,9.7437141032,9.400930124684999,10.079659119925001,41.640322369409006,39.32475642880482,44.1572007530187
zxing,10m,800MHz,1291.0,0.40262460000000005,1.0822387,2.8002076000000002,1131.1925,1479.6425,0.34641977999999995,0.468433505,0.9454310300000002,1.2412854800000002,2.4576501874999996,3.2035824974999993,3.7902990307000004,2.7835782172550005,5.079735142179999,11.741718366964434,6.9198236466125715,17.629666054484126
zxing,15m,1.2GHz,829.7,0.2696229,1.003552,2.1115659,760.595,933.8299999999999,0.24188713000000003,0.30893631,0.9225609475000001,1.128609215,1.9350818625000001,2.3567436075,1.8060604108,1.4760501698100001,2.3165370977975,4.082744865538255,2.8611743661676536,5.99950459246596
zxing,15m,1.6GHz,640.4,0.2168944,1.0086976,1.8685483999999999,570.0,721.0,0.19033789750000002,0.249733325,0.8950578600000002,1.1375807875,1.6520430524999996,2.102010305,1.2417346988000002,0.9554741460025001,1.5737644140075002,2.5085436103845997,1.641404148130984,3.7246001349981186
zxing,15m,2.0GHz,519.4,0.1924135,1.2302307,1.9427125,453.895,598.505,0.16439763500000001,0.22674650999999996,1.080962535,1.4039280725,1.6958084650000003,2.22333009,1.0576944647,0.775758603955,1.3990796667449998,2.266185139651668,1.3676346793932304,3.4303131416538535
zxing,15m,2.4GHz,527.4,0.2325806,2.0266051,2.7658386,440.6925,617.6075000000001,0.16731111500000004,0.30820034749999997,1.4965863825,2.6868559824999996,2.120518245,3.5578256449999994,1.6161551027999999,0.991341099495,2.4001742287349996,5.821328037708506,2.274671296240315,10.35245764810911
zxing,15m,2.7GHz,378.5,0.1532286,1.6170836999999998,2.1474729,340.295,428.6025,0.1302516025,0.1880271575,1.4569392875000002,1.80379755,1.9294255725000005,2.43597726,0.8413128122,0.6669445179775002,1.057679151285,1.9501113809550414,1.3181360252486134,2.8646746872842965
zxing,15m,400MHz,2374.6,0.7072632,1.3020630999999998,4.4551943,2287.6000000000004,2474.845,0.6815853950000001,0.7353581,1.26089846,1.3489187050000002,4.299014872500001,4.6157693225,10.6205138097,9.8375562632125,11.468726148762498,47.67720275697625,42.45713276337677,53.22006879332571
zxing,15m,800MHz,1351.4,0.43056039999999995,1.1404786000000002,2.9439573,1196.8,1538.1049999999998,0.3661594525,0.5102373725,0.9992308324999999,1.3183135725,2.579668235,3.3376837349999997,4.1532123509000005,3.15773550263,5.4331514101375,13.395711347267085,8.337778733187776,19.838405984949453
zxing,20m,1.2GHz,832.7,0.26591780000000004,0.9968445000000001,2.1046021,750.2,944.71,0.23790769250000002,0.30829418999999997,0.8919367800000001,1.1318952324999998,1.8960876350000002,2.4213401,1.8254279334999999,1.4277861481425,2.43372233829,4.21214481908007,2.7535469348422335,6.599026093791286
zxing,20m,1.6GHz,620.7,0.209442,0.9780455000000001,1.8106138999999999,559.9875,705.41,0.18553861,0.2412777625,0.8846927524999999,1.106573915,1.6432775450000001,2.0746816075,1.1654143587,0.929102697415,1.5286982528875,2.2900044532285397,1.5319961976262726,3.5443832960883856
zxing,20m,2.0GHz,479.2,0.16790770000000002,1.1299742,1.778528,442.495,534.6225,0.15250803749999997,0.18983231750000004,1.0423772074999997,1.2492441399999998,1.6367929024999999,1.9537329999999997,0.8713855549,0.71988133749,1.0970127941025,1.6264257904255672,1.2122477044125557,2.3120332633088347
zxing,20m,2.4GHz,466.5,0.17863749999999998,1.5653625999999998,2.2027343,410.83500000000004,528.905,0.15039015249999999,0.20523767000000004,1.3753480800000002,1.7801087025000002,1.9140670699999998,2.5035582975,1.073126543,0.8204220424625,1.3538511949924998,2.5743536592005416,1.6791596153226882,3.53327065789625
zxing,20m,2.7GHz,361.0,0.1370727,1.5264768,2.0219300000000002,328.6975,402.015,0.11882270000000002,0.16131392249999998,1.3798135624999996,1.7282888175000002,1.8291171749999997,2.2813954875,0.7534351425000001,0.603760409985,0.961247047185,1.6340750811436244,1.1170236282283619,2.425294779801722
zxing,20m,400MHz,2536.9,0.7627927000000001,1.3935241,4.760699600000001,2278.94,2855.5274999999997,0.6796154124999999,0.8604499524999999,1.2594203825,1.55708886,4.275893249999999,5.327694875,12.477965412,9.735350850482503,15.819526722975,63.64952223012814,42.82214783869648,92.1174238683463
zxing,20m,800MHz,1248.7,0.3895203,1.0375671,2.6972899000000004,1103.1950000000002,1421.1499999999999,0.3397137725,0.44942425999999996,0.920300955,1.1765272475,2.39084703,3.1360318324999996,3.5219868181999994,2.67071459304,4.851319975729998,10.466730336905163,6.48068168301533,16.066904862268817
zxing,25m,1.2GHz,890.1,0.2874818,1.0562496000000001,2.2415771,774.1975,1017.1499999999999,0.244525815,0.332491235,0.9191880325000001,1.2090132799999997,1.9610592375000002,2.5435497425,2.0933988873000002,1.5604722115025,2.7332090285675,5.176911308958617,3.152068216943898,7.61258023338971
zxing,25m,1.6GHz,583.8,0.192041,0.9249572,1.7052859000000002,554.6975,615.005,0.18160364750000002,0.202553935,0.872826025,0.9855824849999998,1.6125200624999998,1.801984925,1.0024691337999998,0.90561475604,1.1152334403424997,1.734740836967963,1.4669530217263678,2.0062246880813452
zxing,25m,2.0GHz,492.8,0.17301039999999998,1.1564269,1.8218440999999999,438.9925,566.2,0.149149565,0.20781935749999997,1.0305595100000002,1.3227698650000002,1.6217494450000003,2.0886664875,0.9364505307000002,0.73018547036,1.2712423447225,1.876183079076562,1.2144775969318773,2.9276195861063052
zxing,25m,2.4GHz,437.1,0.16243290000000002,1.4659546,2.0602904,377.1925,514.745,0.132970745,0.1998841025,1.2657226975,1.7259615499999996,1.7698667949999998,2.4353499350000005,0.9623860813000003,0.671991238585,1.3528287045949998,2.292253938806936,1.1922998926011867,3.82343263271429
zxing,25m,2.7GHz,391.8,0.1546141,1.6691893999999998,2.2108582,344.0,450.605,0.13091069000000002,0.18450818,1.4677973924999999,1.9431668524999999,1.9295395075,2.5580208175,0.9119496423,0.6747616543325,1.255450910095,2.2526035285759485,1.303160421082617,3.518845576323036
zxing,25m,400MHz,2774.5,0.8364871,1.5193666,5.202935999999999,2362.6299999999997,3244.1324999999997,0.7133709325,0.98710714,1.3006484674999998,1.8085548800000006,4.425381842499999,6.140148867499999,15.407030063599999,11.1591976788525,21.44369888368,91.77960095110231,51.5873967827607,148.74778099175623
zxing,25m,800MHz,1325.5,0.4109008,1.0927795999999999,2.8532409999999997,1157.5725,1528.8025,0.3533076,0.48176758499999994,0.9492386600000001,1.2789526624999998,2.4835388024999996,3.236850245,3.9905371692000005,2.901427478075,5.38280649544,12.75549125341588,7.233218190548834,19.77390732021528
zxing,30m,1.2GHz,915.2,0.2953126,1.0832213,2.3008848000000004,768.8625000000002,1077.3574999999998,0.2406689575,0.35293214249999993,0.921351315,1.2735129625,1.9370700075000005,2.7227690075,2.2561593206,1.5831974478400002,3.154901994415,5.963038878721418,2.979847190877487,9.448000224308863
zxing,30m,1.6GHz,632.5,0.2130738,1.0025511,1.8495908000000003,567.39,712.615,0.1855464425,0.24794956499999996,0.8919876275,1.1580359599999996,1.6416183224999996,2.1223100099999996,1.2173001749,0.924788368285,1.5917915367100002,2.455701742349603,1.537198871444641,3.7705498563969453
zxing,30m,2.0GHz,613.1,0.2278501,1.4569212999999999,2.2883057,526.8975,698.615,0.19376002,0.2631529025,1.2676939025,1.6678493824999998,1.9998807799999998,2.6317877624999997,1.4742236181000001,1.0927319505125002,1.8692185543400002,3.7197642777701083,2.378599946745527,5.365141152786536
zxing,30m,2.4GHz,454.1,0.17230829999999997,1.5326232000000002,2.1551452,400.595,520.12,0.14424932999999998,0.2037484225,1.3325188225,1.7638022174999997,1.8729499150000004,2.4723954499999996,1.0260911164,0.7528692612200002,1.3312257467675,2.437323886414551,1.4968731180447614,3.648307651614986
zxing,30m,2.7GHz,370.9,0.1443056,1.5808838,2.093683,332.1975,430.40999999999997,0.12306265000000002,0.17506353499999996,1.4103311550000002,1.8288523924999998,1.85997144,2.4297466275,0.8185497044,0.62135059835,1.1381153250099998,1.9387044264425601,1.160461616583204,3.2765155048012953
zxing,30m,400MHz,2438.3,0.7348144999999999,1.3401856999999997,4.5765382,2240.345,2675.2425,0.6624245625,0.8146341374999999,1.2153633499999998,1.4818720025,4.193328332499999,5.060854517499999,11.403305958,9.432733606310002,13.951489757934999,54.658516528650054,39.71094502513622,73.44751222363328
zxing,30m,800MHz,1172.5,0.3662046,0.9697451000000001,2.5373416000000004,1101.1950000000002,1273.93,0.3418367625,0.400665555,0.9140274625,1.0445265849999998,2.3870143275000006,2.7346988000000003,3.0159664422000003,2.6397806819900005,3.548636785715,7.881500670959343,6.2789915506565155,10.22089072318673
zxing,5m,1.2GHz,1348.4,0.5085021000000001,1.604132,3.4197265000000003,1220.305,1482.4025000000001,0.46440054,0.5573859175,1.4647447700000003,1.76877781,3.1170089224999997,3.762324235,4.7223751253,3.8192638614825,5.6101023281549995,16.938452290654112,12.272695632075122,22.089142368547698
zxing,5m,1.6GHz,1018.8,0.4415953999999999,1.6234681000000002,3.0408264,932.9925000000001,1107.3149999999998,0.40404013750000006,0.48198023,1.4900957700000002,1.7695970525000002,2.7982160124999997,3.296166595,3.1570599222,2.6106357058525,3.6991264123675,9.961833335685217,7.432136945105516,12.597277088154947
zxing,5m,2.0GHz,783.0,0.3807005,1.8248535999999997,2.9485717,724.595,852.105,0.35133964500000003,0.4120421525,1.6781407849999999,1.9784847199999995,2.724508605,3.2206908850000002,2.3485796367,2.0001307447250003,2.7730566496275,7.174096364837036,5.445622641323905,9.358064734186575
zxing,5m,2.4GHz,659.2,0.35014639999999997,2.2092406999999996,3.1784544000000006,632.8,685.8249999999999,0.3350390725,0.3650172425,2.11222046,2.2976296824999998,3.0537287525,3.3135226725000004,2.1041889958,1.9404878515400001,2.276755100955,6.746860058290284,5.899653340085024,7.580837304223121
zxing,5m,2.7GHz,563.1,0.3138674,2.3919558,3.2295838000000003,525.9925000000001,596.3,0.29299593250000006,0.334683385,2.2400842575,2.556529355,3.0214773549999996,3.4545985525000003,1.8376244148999998,1.5946113974525,2.0855217149699996,6.06663066625915,4.937574651587004,7.211174345626594
zxing,5m,400MHz,3544.0,1.135498,1.9617186000000004,6.6565552,3346.2850000000003,3824.7275,1.0679105450000002,1.2168112399999997,1.8480430325,2.09892587,6.281018685,7.1423019850000005,23.8667288242,21.1770040401825,27.345747047327503,162.8556446977756,133.12173231476524,206.23808827194563
zxing,5m,800MHz,1892.6,0.6761474,1.5946107,4.135968,1771.0925,2016.2124999999999,0.63275115,0.72117245,1.48453667,1.7043669524999998,3.8838780899999996,4.405707717500001,7.917690572300001,6.9083616982075,8.9374922544725,33.50123807187298,27.231533122061297,40.19040301605242
