Benchmark,Objective,CPU Frequency (MHz),Frequency (MHz),Heap Label,Heap Multiplier Value,Heap Size MB,Mean,CI Low,CI High,Tied With Lowest Mean CI
avrora,Energy,400MHz,400.0,1x,1.0,5,60.5254516,60.091544565,60.886933855,False
avrora,Energy,400MHz,400.0,2x,2.0,10,47.994457999999995,46.533671845,49.882697047499995,False
avrora,Energy,400MHz,400.0,3x,3.0,15,45.678656,45.30459519,46.0104859825,False
avrora,Energy,400MHz,400.0,4x,4.0,20,45.8173644,45.1821583475,46.484638585,False
avrora,Energy,400MHz,400.0,5x,5.0,25,49.3703857,48.321926475,50.976604205,False
avrora,Energy,400MHz,400.0,6x,6.0,30,49.153595,48.55947161000001,49.8349606575,False
avrora,Energy,800MHz,800.0,1x,1.0,5,34.5700074,34.330209984999996,34.7883446025,False
avrora,Energy,800MHz,800.0,2x,2.0,10,28.766644299999996,28.43124266,29.184087664999993,False
avrora,Energy,800MHz,800.0,3x,3.0,15,26.070074300000005,25.83234502,26.3041098625,False
avrora,Energy,800MHz,800.0,4x,4.0,20,26.207068,25.886722014999997,26.5276783375,False
avrora,Energy,800MHz,800.0,5x,5.0,25,27.695300300000003,27.38649038,28.0887094775,False
avrora,Energy,800MHz,800.0,6x,6.0,30,27.4627319,27.1782275675,27.71197545,False
avrora,Energy,1.2GHz,1200.0,1x,1.0,5,27.699761799999997,27.2170652,28.261122187499993,False
avrora,Energy,1.2GHz,1200.0,2x,2.0,10,22.7075805,22.1831427075,23.283354655,False
avrora,Energy,1.2GHz,1200.0,3x,3.0,15,19.9373537,19.81217857,20.07123056,False
avrora,Energy,1.2GHz,1200.0,4x,4.0,20,19.922766400000004,19.7632092725,20.141900864999997,False
avrora,Energy,1.2GHz,1200.0,5x,5.0,25,21.3774598,21.0689083375,21.656879782500003,False
avrora,Energy,1.2GHz,1200.0,6x,6.0,30,21.5695983,21.364480089999997,21.761658729999997,False
avrora,Energy,1.6GHz,1600.0,1x,1.0,5,23.5246706,23.231821847500004,23.868095629999996,False
avrora,Energy,1.6GHz,1600.0,2x,2.0,10,19.1926391,18.9491234825,19.4252578275,False
avrora,Energy,1.6GHz,1600.0,3x,3.0,15,18.4686402,17.64497619,19.8643932325,True
avrora,Energy,1.6GHz,1600.0,4x,4.0,20,17.5179138,17.32590489,17.73405186,True
avrora,Energy,1.6GHz,1600.0,5x,5.0,25,18.5835816,18.35497016,18.816981759999997,False
avrora,Energy,1.6GHz,1600.0,6x,6.0,30,19.3730469,18.558691869999997,20.5528431325,False
avrora,Energy,2.0GHz,2000.0,1x,1.0,5,23.624102800000003,23.253869915,24.18331579,False
avrora,Energy,2.0GHz,2000.0,2x,2.0,10,19.0233093,18.8702233925,19.173085022499997,False
avrora,Energy,2.0GHz,2000.0,3x,3.0,15,17.825000199999998,17.677425292499997,17.987182527499996,True
avrora,Energy,2.0GHz,2000.0,4x,4.0,20,17.6750672,17.56356843,17.782858925000003,True
avrora,Energy,2.0GHz,2000.0,5x,5.0,25,18.5132872,18.276959957499997,18.7946086025,False
avrora,Energy,2.0GHz,2000.0,6x,6.0,30,18.3632754,18.276126905,18.4589987875,False
avrora,Energy,2.4GHz,2400.0,1x,1.0,5,23.8952332,23.573381862500003,24.228163165,False
avrora,Energy,2.4GHz,2400.0,2x,2.0,10,19.2127197,19.01151901,19.473739645,False
avrora,Energy,2.4GHz,2400.0,3x,3.0,15,18.7813357,18.441846,19.2252106825,False
avrora,Energy,2.4GHz,2400.0,4x,4.0,20,18.664135499999997,18.45342040749999,18.868719002499994,False
avrora,Energy,2.4GHz,2400.0,5x,5.0,25,19.185315,19.077824805,19.2955700175,False
avrora,Energy,2.4GHz,2400.0,6x,6.0,30,19.209204,18.98252443,19.4568512475,False
avrora,Energy,2.7GHz,2700.0,1x,1.0,5,25.087029899999997,24.7606932425,25.5458938775,False
avrora,Energy,2.7GHz,2700.0,2x,2.0,10,20.210852,20.0094717225,20.42788748,False
avrora,Energy,2.7GHz,2700.0,3x,3.0,15,19.7047061,19.5163803625,19.927074315,False
avrora,Energy,2.7GHz,2700.0,4x,4.0,20,19.557476899999997,19.371630127500005,19.789974092500003,False
avrora,Energy,2.7GHz,2700.0,5x,5.0,25,20.0993773,19.871528844999997,20.425933105,False
avrora,Energy,2.7GHz,2700.0,6x,6.0,30,20.150677699999996,19.894431355,20.424396767500003,False
avrora,Time,400MHz,400.0,1x,1.0,5,31093.1,30869.66,31283.5325,False
avrora,Time,400MHz,400.0,2x,2.0,10,25574.9,25215.695,26013.455,False
avrora,Time,400MHz,400.0,3x,3.0,15,24945.0,24702.3125,25183.6225,False
avrora,Time,400MHz,400.0,4x,4.0,20,25064.4,24785.1075,25332.1475,False
avrora,Time,400MHz,400.0,5x,5.0,25,25168.3,24902.0925,25443.73,False
avrora,Time,400MHz,400.0,6x,6.0,30,25011.9,24783.5775,25276.135,False
avrora,Time,800MHz,800.0,1x,1.0,5,15602.6,15484.4675,15720.6175,False
avrora,Time,800MHz,800.0,2x,2.0,10,12977.8,12836.3075,13174.345,False
avrora,Time,800MHz,800.0,3x,3.0,15,12514.9,12394.1275,12635.4125,False
avrora,Time,800MHz,800.0,4x,4.0,20,12576.0,12410.4675,12753.9275,False
avrora,Time,800MHz,800.0,5x,5.0,25,12560.0,12413.12,12746.935,False
avrora,Time,800MHz,800.0,6x,6.0,30,12454.4,12332.8375,12573.8025,False
avrora,Time,1.2GHz,1200.0,1x,1.0,5,10471.0,10315.575,10654.8125,False
avrora,Time,1.2GHz,1200.0,2x,2.0,10,8631.3,8466.7925,8847.115,False
avrora,Time,1.2GHz,1200.0,3x,3.0,15,8221.3,8171.889999999999,8280.81,False
avrora,Time,1.2GHz,1200.0,4x,4.0,20,8211.3,8142.297500000001,8297.932499999999,False
avrora,Time,1.2GHz,1200.0,5x,5.0,25,8203.8,8134.4875,8278.705,False
avrora,Time,1.2GHz,1200.0,6x,6.0,30,8208.4,8136.785,8281.115,False
avrora,Time,1.6GHz,1600.0,1x,1.0,5,7695.3,7620.1925,7791.6175,False
avrora,Time,1.6GHz,1600.0,2x,2.0,10,6319.9,6250.3875,6398.71,False
avrora,Time,1.6GHz,1600.0,3x,3.0,15,6175.3,6121.175,6228.8,False
avrora,Time,1.6GHz,1600.0,4x,4.0,20,6097.1,6036.797500000001,6155.2125,False
avrora,Time,1.6GHz,1600.0,5x,5.0,25,6120.3,6049.4,6200.8325,False
avrora,Time,1.6GHz,1600.0,6x,6.0,30,6142.2,6082.995,6197.2125,False
avrora,Time,2.0GHz,2000.0,1x,1.0,5,6197.6,6109.679999999999,6335.405,False
avrora,Time,2.0GHz,2000.0,2x,2.0,10,5022.8,4982.295,5064.2175,False
avrora,Time,2.0GHz,2000.0,3x,3.0,15,4891.9,4843.592500000001,4946.615000000001,False
avrora,Time,2.0GHz,2000.0,4x,4.0,20,4852.7,4826.59,4875.5,False
avrora,Time,2.0GHz,2000.0,5x,5.0,25,4906.4,4847.1675,4981.3150000000005,False
avrora,Time,2.0GHz,2000.0,6x,6.0,30,4855.5,4831.0825,4879.0025,False
avrora,Time,2.4GHz,2400.0,1x,1.0,5,5115.7,5086.597500000001,5154.705,False
avrora,Time,2.4GHz,2400.0,2x,2.0,10,4183.8,4139.8975,4240.8150000000005,False
avrora,Time,2.4GHz,2400.0,3x,3.0,15,4093.3,4026.3975,4185.905,False
avrora,Time,2.4GHz,2400.0,4x,4.0,20,4068.2,4020.7925,4115.1075,False
avrora,Time,2.4GHz,2400.0,5x,5.0,25,4065.1,4041.595,4086.6025,False
avrora,Time,2.4GHz,2400.0,6x,6.0,30,4073.7,4025.695,4126.202499999999,False
avrora,Time,2.7GHz,2700.0,1x,1.0,5,4592.2,4536.4975,4677.1475,False
avrora,Time,2.7GHz,2700.0,2x,2.0,10,3707.8,3676.0,3744.21,False
avrora,Time,2.7GHz,2700.0,3x,3.0,15,3621.4,3593.4,3656.71,True
avrora,Time,2.7GHz,2700.0,4x,4.0,20,3592.7,3560.4,3634.6175,True
avrora,Time,2.7GHz,2700.0,5x,5.0,25,3605.8,3566.7,3657.71,True
avrora,Time,2.7GHz,2700.0,6x,6.0,30,3615.5,3560.595,3674.4125,True
avrora,EDP,400MHz,400.0,1x,1.0,5,1882.1467306710997,1853.5126031129896,1906.9863099555052,False
avrora,EDP,400MHz,400.0,2x,2.0,10,1228.96687346,1174.9060289186923,1295.8840583243923,False
avrora,EDP,400MHz,400.0,3x,3.0,15,1139.5577842155,1123.619096008485,1156.649819618955,False
avrora,EDP,400MHz,400.0,4x,4.0,20,1148.8224013052,1121.893177508125,1176.861242529335,False
avrora,EDP,400MHz,400.0,5x,5.0,25,1243.4230914698,1202.8957352386274,1300.1077949944026,False
avrora,EDP,400MHz,400.0,6x,6.0,30,1229.7107877990002,1207.64099516395,1258.8353725682052,False
avrora,EDP,800MHz,800.0,1x,1.0,5,539.4576162782,531.6756372258,546.8810271913425,False
avrora,EDP,800MHz,800.0,2x,2.0,10,373.5103890789,364.5494919633,385.40055433195255,False
avrora,EDP,800MHz,800.0,3x,3.0,15,326.3330761407,319.945440648645,331.5518164904725,False
avrora,EDP,800MHz,800.0,4x,4.0,20,329.72043440870004,321.3114464892875,338.33796722386745,False
avrora,EDP,800MHz,800.0,5x,5.0,25,348.0037468268,339.8094120992174,357.0394659284575,False
avrora,EDP,800MHz,800.0,6x,6.0,30,342.1125485383,335.49379004081743,348.51178935489247,False
avrora,EDP,1.2GHz,1200.0,1x,1.0,5,290.2790122931,280.63067362754,301.0406283878675,False
avrora,EDP,1.2GHz,1200.0,2x,2.0,10,196.2744176121,188.1981898062975,206.2629749716425,False
avrora,EDP,1.2GHz,1200.0,3x,3.0,15,163.9301940997,161.98430149229998,166.28887238666502,False
avrora,EDP,1.2GHz,1200.0,4x,4.0,20,163.62859021539998,160.758740240465,167.11651443824,False
avrora,EDP,1.2GHz,1200.0,5x,5.0,25,175.4270348054,171.74867686359752,179.55494562057248,False
avrora,EDP,1.2GHz,1200.0,6x,6.0,30,177.09161615739998,173.6496578086225,180.3209036679675,False
avrora,EDP,1.6GHz,1600.0,1x,1.0,5,181.0994594406,177.345203159725,186.43003486584252,False
avrora,EDP,1.6GHz,1600.0,2x,2.0,10,121.3416838839,118.546549794475,124.34969852710502,False
avrora,EDP,1.6GHz,1600.0,3x,3.0,15,114.164529585,108.002853417925,124.3385951704125,False
avrora,EDP,1.6GHz,1600.0,4x,4.0,20,106.8379049975,104.6706903655075,109.18873313083,False
avrora,EDP,1.6GHz,1600.0,5x,5.0,25,113.7808384499,111.19460531973748,116.64098390482496,False
avrora,EDP,1.6GHz,1600.0,6x,6.0,30,119.0589846764,113.43639854941,127.37697447503253,False
avrora,EDP,2.0GHz,2000.0,1x,1.0,5,146.56659501439998,142.18444007494003,153.26024443550003,False
avrora,EDP,2.0GHz,2000.0,2x,2.0,10,95.566190232,94.20034179064504,97.101669931195,False
avrora,EDP,2.0GHz,2000.0,3x,3.0,15,87.21939505610001,85.66756954036501,89.01027818036751,False
avrora,EDP,2.0GHz,2000.0,4x,4.0,20,85.7789230623,84.73218100165501,86.75037268869751,False
avrora,EDP,2.0GHz,2000.0,5x,5.0,25,90.87380225900002,88.59459272808499,93.43743894600252,False
avrora,EDP,2.0GHz,2000.0,6x,6.0,30,89.1680377975,88.34204212879,90.03201172160001,False
avrora,EDP,2.4GHz,2400.0,1x,1.0,5,122.2556738314,120.10446429201,124.29380096877252,False
avrora,EDP,2.4GHz,2400.0,2x,2.0,10,80.41072637250002,78.70005447115,82.3623988714075,False
avrora,EDP,2.4GHz,2400.0,3x,3.0,15,76.9664481294,74.33196494020001,80.8676434973675,False
avrora,EDP,2.4GHz,2400.0,4x,4.0,20,75.95454823309998,74.18552245325998,77.6016982207575,False
avrora,EDP,2.4GHz,2400.0,5x,5.0,25,77.9963616178,77.10364926917998,78.87794582745,False
avrora,EDP,2.4GHz,2400.0,6x,6.0,30,78.2824908885,76.44661165282251,80.17958649061501,False
avrora,EDP,2.7GHz,2700.0,1x,1.0,5,115.28253926739998,112.312481992625,119.70068197136,False
avrora,EDP,2.7GHz,2700.0,2x,2.0,10,74.9567614104,73.5295162575725,76.488994749055,False
avrora,EDP,2.7GHz,2700.0,3x,3.0,15,71.3754817189,70.119353211565,72.87280211835,True
avrora,EDP,2.7GHz,2700.0,4x,4.0,20,70.2831711249,68.97612956029499,71.92801645064999,True
avrora,EDP,2.7GHz,2700.0,5x,5.0,25,72.50677040289999,70.86616406317252,74.7492110699575,True
avrora,EDP,2.7GHz,2700.0,6x,6.0,30,72.89652486819999,70.87899676552249,75.3356502925425,True
avrora,EDP2,400MHz,400.0,1x,1.0,5,113944.72253040232,111408.27757857284,116133.13835824993,False
avrora,EDP2,400MHz,400.0,2x,2.0,10,59243.09677619798,54847.12659157086,64954.112805679106,False
avrora,EDP2,400MHz,400.0,3x,3.0,15,52066.61426255472,50968.73241624073,53200.68727297206,False
avrora,EDP2,400MHz,400.0,4x,4.0,20,52683.04869566774,50815.54209277513,54858.27230116643,False
avrora,EDP2,400MHz,400.0,5x,5.0,25,61571.23138927639,58044.77150039778,66348.88304831828,False
avrora,EDP2,400MHz,400.0,6x,6.0,30,60485.61159242307,58594.59213015612,62594.655951344175,False
avrora,EDP2,800MHz,800.0,1x,1.0,5,18654.17264734149,18232.143320052972,19062.517808882923,False
avrora,EDP2,800MHz,800.0,2x,2.0,10,10755.470736301657,10377.620350810346,11224.29979317198,False
avrora,EDP2,800MHz,800.0,3x,3.0,15,8511.09120923424,8273.84514994883,8717.607442839842,False
avrora,EDP2,800MHz,800.0,4x,4.0,20,8648.236017177562,8309.043214126084,8988.505373067484,False
avrora,EDP2,800MHz,800.0,5x,5.0,25,9646.412747926315,9324.37931005903,10037.527687005071,False
avrora,EDP2,800MHz,800.0,6x,6.0,30,9399.736498870056,9129.899424511965,9663.099388956727,False
avrora,EDP2,1.2GHz,1200.0,1x,1.0,5,8054.97315132584,7635.343064629529,8550.270508635314,False
avrora,EDP2,1.2GHz,1200.0,2x,2.0,10,4471.1999323587215,4176.324397279634,4855.549241198897,False
avrora,EDP2,1.2GHz,1200.0,3x,3.0,15,3269.1091756727974,3205.6518063697313,3341.5945129173065,False
avrora,EDP2,1.2GHz,1200.0,4x,4.0,20,3261.440260791652,3175.171904604689,3361.4178296377954,False
avrora,EDP2,1.2GHz,1200.0,5x,5.0,25,3753.005306654088,3625.254764191692,3884.2788217652223,False
avrora,EDP2,1.2GHz,1200.0,6x,6.0,30,3821.531328960463,3713.544960941969,3915.833396187709,False
avrora,EDP2,1.6GHz,1600.0,1x,1.0,5,4263.920644298748,4125.190563460101,4438.483268749712,False
avrora,EDP2,1.6GHz,1600.0,2x,2.0,10,2330.6817721888924,2246.814674498469,2417.3814968014744,False
avrora,EDP2,1.6GHz,1600.0,3x,3.0,15,2138.087705542762,1911.5344745127811,2533.743895402357,False
avrora,EDP2,1.6GHz,1600.0,4x,4.0,20,1872.8008360112703,1814.14268982195,1938.9275056830447,False
avrora,EDP2,1.6GHz,1600.0,5x,5.0,25,2116.11194413778,2042.531138463445,2191.31164720015,False
avrora,EDP2,1.6GHz,1600.0,6x,6.0,30,2327.550493586135,2099.140324787267,2680.123830312127,False
avrora,EDP2,2.0GHz,2000.0,1x,1.0,5,3470.2927515320443,3303.979447142996,3730.3536753443295,False
avrora,EDP2,2.0GHz,2000.0,2x,2.0,10,1818.6166432569485,1779.195751280319,1864.8916957671115,False
avrora,EDP2,2.0GHz,2000.0,3x,3.0,15,1555.39274553854,1512.4408936367952,1604.05964946704,False
avrora,EDP2,2.0GHz,2000.0,4x,4.0,20,1516.432165337484,1488.41121002078,1543.87725614309,False
avrora,EDP2,2.0GHz,2000.0,5x,5.0,25,1683.9111572619768,1617.3815775680937,1753.352500338927,False
avrora,EDP2,2.0GHz,2000.0,6x,6.0,30,1637.6108657019042,1615.4266768531097,1662.2698563824288,False
avrora,EDP2,2.4GHz,2400.0,1x,1.0,5,2923.065774402499,2834.93224510119,3015.4849196607,False
avrora,EDP2,2.4GHz,2400.0,2x,2.0,10,1546.041402298207,1499.981390175188,1604.2288057525298,False
avrora,EDP2,2.4GHz,2400.0,3x,3.0,15,1449.1076775474155,1372.7677971867777,1557.74521922452,True
avrora,EDP2,2.4GHz,2400.0,4x,4.0,20,1418.5394007422935,1371.4968103567796,1466.2071376259732,True
avrora,EDP2,2.4GHz,2400.0,5x,5.0,25,1496.6256027813,1473.323571645978,1522.2487753214136,False
avrora,EDP2,2.4GHz,2400.0,6x,6.0,30,1504.8785325733902,1452.6125964301864,1561.7312086660872,False
avrora,EDP2,2.7GHz,2700.0,1x,1.0,5,2896.268649422617,2784.0886882770155,3062.1832097846845,False
avrora,EDP2,2.7GHz,2700.0,2x,2.0,10,1515.7618524333734,1471.2647739685117,1565.00589364656,False
avrora,EDP2,2.7GHz,2700.0,3x,3.0,15,1407.1401600803324,1370.1844396311628,1450.8608582951078,True
avrora,EDP2,2.7GHz,2700.0,4x,4.0,20,1375.3341875181973,1336.028895708541,1424.4811504266736,True
avrora,EDP2,2.7GHz,2700.0,5x,5.0,25,1458.7199015305482,1405.3300293232503,1519.5433948722373,True
avrora,EDP2,2.7GHz,2700.0,6x,6.0,30,1470.5602935103636,1415.7843237305012,1541.3481401227928,True
batik,Energy,400MHz,400.0,1x,1.0,38,7.2453063,6.71944079,7.81935109,False
batik,Energy,400MHz,400.0,1.5x,1.5,57,7.0133362,6.280328775000001,7.824438707500001,False
batik,Energy,400MHz,400.0,2x,2.0,76,7.809185699999999,7.376011847500001,8.30889006,False
batik,Energy,400MHz,400.0,2.5x,2.5,95,7.920556700000001,7.3956294725,8.563027380000001,False
batik,Energy,400MHz,400.0,3x,3.0,114,7.3106202,6.840185937499999,7.959506817500001,False
batik,Energy,800MHz,800.0,1x,1.0,38,5.249645800000001,5.0228608325,5.506891575,False
batik,Energy,800MHz,800.0,1.5x,1.5,57,4.3990234,4.0611487749999995,4.724428707499999,False
batik,Energy,800MHz,800.0,2x,2.0,76,4.5740967,4.2660643275,4.9529643850000005,False
batik,Energy,800MHz,800.0,2.5x,2.5,95,4.238201899999999,4.0115040175,4.4837141825,False
batik,Energy,800MHz,800.0,3x,3.0,114,4.1671143,3.996985635,4.340305012500001,False
batik,Energy,1.2GHz,1200.0,1x,1.0,38,4.6156678,4.4516962950000005,4.77958658,False
batik,Energy,1.2GHz,1200.0,1.5x,1.5,57,4.355981399999999,3.8887039375,4.7886932125,False
batik,Energy,1.2GHz,1200.0,2x,2.0,76,3.5700439000000004,3.2818971075,3.8214445075,False
batik,Energy,1.2GHz,1200.0,2.5x,2.5,95,3.0337829999999997,2.90659702,3.1688992625,False
batik,Energy,1.2GHz,1200.0,3x,3.0,114,3.280786,3.159999855,3.38932328,False
batik,Energy,1.6GHz,1600.0,1x,1.0,38,6.0210997,5.839464682499999,6.221367805000001,False
batik,Energy,1.6GHz,1600.0,1.5x,1.5,57,5.1565553,4.6017535249999995,5.694691839999999,False
batik,Energy,1.6GHz,1600.0,2x,2.0,76,4.1744568,3.8451957925,4.439013192499999,False
batik,Energy,1.6GHz,1600.0,2.5x,2.5,95,4.3242554,4.0528465774999995,4.654996090000001,False
batik,Energy,1.6GHz,1600.0,3x,3.0,114,4.104010099999999,3.8677696725,4.410709549999999,False
batik,Energy,1.8GHz,1800.0,1x,1.0,38,4.6048705000000005,4.3356297249999995,4.826177512499999,False
batik,Energy,1.8GHz,1800.0,1.5x,1.5,57,3.4047487000000003,3.1677101575,3.631914035,False
batik,Energy,1.8GHz,1800.0,2x,2.0,76,3.2965695999999993,2.83256611,3.6679247925,False
batik,Energy,1.8GHz,1800.0,2.5x,2.5,95,2.6777649,2.58719444,2.77158106,True
batik,Energy,1.8GHz,1800.0,3x,3.0,114,2.6522095,2.5013344349999995,2.801784684999999,True
batik,Energy,2.0GHz,2000.0,1x,1.0,38,3.7448549,2.8939987375,4.4632034875,False
batik,Energy,2.0GHz,2000.0,1.5x,1.5,57,3.7434019,3.536786805,3.997081412499999,False
batik,Energy,2.0GHz,2000.0,2x,2.0,76,3.1789186000000003,2.9136616175000003,3.4270409375,False
batik,Energy,2.0GHz,2000.0,2.5x,2.5,95,2.8899108,2.7501366149999997,3.037241214999999,True
batik,Energy,2.0GHz,2000.0,3x,3.0,114,2.823773,2.5807489500000003,3.0109191425000006,True
batik,Energy,2.4GHz,2400.0,1x,1.0,38,5.3287962,5.014159447500001,5.588004322500001,False
batik,Energy,2.4GHz,2400.0,1.5x,1.5,57,4.534967099999999,3.95162681,5.05811572,False
batik,Energy,2.4GHz,2400.0,2x,2.0,76,3.5195254,3.1647602674999997,3.912287177499999,False
batik,Energy,2.4GHz,2400.0,2.5x,2.5,95,2.9880676,2.81502265,3.1634493575,False
batik,Energy,2.4GHz,2400.0,3x,3.0,114,2.9004757999999997,2.7457451674999995,3.0465918299999997,True
batik,Energy,2.7GHz,2700.0,1x,1.0,38,5.8664755,5.754140949999999,5.991102266666667,False
batik,Energy,2.7GHz,2700.0,1.5x,1.5,57,4.4773621,3.7200063075,5.252358265,False
batik,Energy,2.7GHz,2700.0,2x,2.0,76,3.4504517999999997,3.1089654725000004,3.7598230175,False
batik,Energy,2.7GHz,2700.0,2.5x,2.5,95,3.0068055,2.8369712275,3.1633363775,False
batik,Energy,2.7GHz,2700.0,3x,3.0,114,3.2476438,3.062225095,3.42295206,False
batik,Time,400MHz,400.0,1x,1.0,38,3946.9,3665.975,4210.45,False
batik,Time,400MHz,400.0,1.5x,1.5,57,3743.6,3286.085,4209.8099999999995,False
batik,Time,400MHz,400.0,2x,2.0,76,3883.2,3664.375,4144.715,False
batik,Time,400MHz,400.0,2.5x,2.5,95,4031.3,3763.9175,4317.83,False
batik,Time,400MHz,400.0,3x,3.0,114,3869.1,3635.4425,4180.8525,False
batik,Time,800MHz,800.0,1x,1.0,38,2525.7,2409.25,2657.5175,False
batik,Time,800MHz,800.0,1.5x,1.5,57,2112.7,1932.9725,2274.7425,False
batik,Time,800MHz,800.0,2x,2.0,76,2003.1,1865.9425,2168.83,False
batik,Time,800MHz,800.0,2.5x,2.5,95,1978.9,1863.525,2088.6775,False
batik,Time,800MHz,800.0,3x,3.0,114,1962.4,1890.45,2037.5075,False
batik,Time,1.2GHz,1200.0,1x,1.0,38,1839.8,1777.4975,1898.805,False
batik,Time,1.2GHz,1200.0,1.5x,1.5,57,1715.1,1544.8575,1888.83,False
batik,Time,1.2GHz,1200.0,2x,2.0,76,1348.8,1241.695,1442.4425,False
batik,Time,1.2GHz,1200.0,2.5x,2.5,95,1213.2,1161.8875,1275.7125,False
batik,Time,1.2GHz,1200.0,3x,3.0,114,1314.9,1266.7925,1357.7075,False
batik,Time,1.6GHz,1600.0,1x,1.0,38,2025.3,1961.2675,2090.04,False
batik,Time,1.6GHz,1600.0,1.5x,1.5,57,1743.0,1557.335,1927.5275,False
batik,Time,1.6GHz,1600.0,2x,2.0,76,1409.7,1300.1875,1502.805,False
batik,Time,1.6GHz,1600.0,2.5x,2.5,95,1465.0,1376.6575,1569.6025,False
batik,Time,1.6GHz,1600.0,3x,3.0,114,1389.5,1306.495,1502.2225,False
batik,Time,1.8GHz,1800.0,1x,1.0,38,1400.5,1316.3925000000002,1465.605,False
batik,Time,1.8GHz,1800.0,1.5x,1.5,57,1036.0,971.8925,1108.12,False
batik,Time,1.8GHz,1800.0,2x,2.0,76,965.8,841.8974999999999,1067.12,False
batik,Time,1.8GHz,1800.0,2.5x,2.5,95,825.5,798.0975,851.0074999999999,False
batik,Time,1.8GHz,1800.0,3x,3.0,114,813.9,773.59,860.8075,False
batik,Time,2.0GHz,2000.0,1x,1.0,38,1019.9,813.465,1200.9824999999998,False
batik,Time,2.0GHz,2000.0,1.5x,1.5,57,947.2,905.3,991.52,False
batik,Time,2.0GHz,2000.0,2x,2.0,76,828.2,757.4,892.1175,False
batik,Time,2.0GHz,2000.0,2.5x,2.5,95,790.9,753.2925,839.0,False
batik,Time,2.0GHz,2000.0,3x,3.0,114,775.3,714.6550000000001,825.51,False
batik,Time,2.4GHz,2400.0,1x,1.0,38,1149.8,1083.495,1205.9,False
batik,Time,2.4GHz,2400.0,1.5x,1.5,57,923.1,827.98,1039.9025,False
batik,Time,2.4GHz,2400.0,2x,2.0,76,729.7,658.6975,807.4025,False
batik,Time,2.4GHz,2400.0,2.5x,2.5,95,644.1,606.1,677.9,False
batik,Time,2.4GHz,2400.0,3x,3.0,114,629.9,593.9,661.015,False
batik,Time,2.7GHz,2700.0,1x,1.0,38,1068.8333333333333,1048.5,1091.5125,False
batik,Time,2.7GHz,2700.0,1.5x,1.5,57,773.7,643.595,893.52,False
batik,Time,2.7GHz,2700.0,2x,2.0,76,606.2,550.29,662.9175,True
batik,Time,2.7GHz,2700.0,2.5x,2.5,95,544.0,512.4,574.2025,True
batik,Time,2.7GHz,2700.0,3x,3.0,114,585.4,553.29,618.205,True
batik,EDP,400MHz,400.0,1x,1.0,38,28.981944974099996,25.0622692815875,33.1733228907425,False
batik,EDP,400MHz,400.0,1.5x,1.5,57,27.157775184899997,21.350476130475,33.6064239127775,False
batik,EDP,400MHz,400.0,2x,2.0,76,30.642153306,26.80851281392,35.120740888825004,False
batik,EDP,400MHz,400.0,2.5x,2.5,95,32.35021361610001,27.940176058625,37.6976517181425,False
batik,EDP,400MHz,400.0,3x,3.0,114,28.6674042112,24.864584542449997,33.5904491586025,False
batik,EDP,800MHz,800.0,1x,1.0,38,13.338546051999998,12.095437673477498,14.731801002135,False
batik,EDP,800MHz,800.0,1.5x,1.5,57,9.4349316513,8.13130632341,10.817657791505,False
batik,EDP,800MHz,800.0,2x,2.0,76,9.311110564700002,7.9514227613875,10.8861707312425,False
batik,EDP,800MHz,800.0,2.5x,2.5,95,8.460819822000001,7.4642015556275,9.4608609029425,False
batik,EDP,800MHz,800.0,3x,3.0,114,8.209000875200001,7.618467691609999,8.9077631781375,False
batik,EDP,1.2GHz,1200.0,1x,1.0,38,8.516723154400001,7.91415311395,9.056117513814998,False
batik,EDP,1.2GHz,1200.0,1.5x,1.5,57,7.661892690499999,6.2659112068225,9.19261504515,False
batik,EDP,1.2GHz,1200.0,2x,2.0,76,4.888094661799999,4.128292784792501,5.584140237189999,False
batik,EDP,1.2GHz,1200.0,2.5x,2.5,95,3.700388410900001,3.3968506541149996,4.0688078436224995,False
batik,EDP,1.2GHz,1200.0,3x,3.0,114,4.3270069622000005,4.035131582625001,4.5909296996424995,False
batik,EDP,1.6GHz,1600.0,1x,1.0,38,12.227576842099998,11.465217083772504,13.071167170965,False
batik,EDP,1.6GHz,1600.0,1.5x,1.5,57,9.2545744189,7.384910625732501,11.1905898425125,False
batik,EDP,1.6GHz,1600.0,2x,2.0,76,5.9622691159,5.13808238643,6.695983033897499,False
batik,EDP,1.6GHz,1600.0,2.5x,2.5,95,6.4157323360000005,5.552958709617501,7.30296160374,False
batik,EDP,1.6GHz,1600.0,3x,3.0,114,5.7736800596,5.104220672067499,6.669353671377501,False
batik,EDP,1.8GHz,1800.0,1x,1.0,38,6.4991337156,5.798051653510001,7.075467208459999,False
batik,EDP,1.8GHz,1800.0,1.5x,1.5,57,3.5694182269000003,3.1018097794574997,4.068962154025001,False
batik,EDP,1.8GHz,1800.0,2x,2.0,76,3.3102898564,2.54666277584,3.966701047725,False
batik,EDP,1.8GHz,1800.0,2.5x,2.5,95,2.2168316049000003,2.0767757632399997,2.3541831023925,False
batik,EDP,1.8GHz,1800.0,3x,3.0,114,2.1746431761,1.9489128537425,2.4065195275,False
batik,EDP,2.0GHz,2000.0,1x,1.0,38,4.2362318107,2.75094181587,5.813304448965001,False
batik,EDP,2.0GHz,2000.0,1.5x,1.5,57,3.5711513698,3.2149497375775,3.968363636087499,False
batik,EDP,2.0GHz,2000.0,2x,2.0,76,2.6754494851999997,2.2765964568875003,3.096638457355,False
batik,EDP,2.0GHz,2000.0,2.5x,2.5,95,2.3004815361000004,2.081767180985,2.5341491302474997,False
batik,EDP,2.0GHz,2000.0,3x,3.0,114,2.2212272033,1.9137744384875,2.5065330163849997,False
batik,EDP,2.4GHz,2400.0,1x,1.0,38,6.1740225332,5.470017718779999,6.7242412209225,False
batik,EDP,2.4GHz,2400.0,1.5x,1.5,57,4.3447084541,3.352416777285,5.377380399325,False
batik,EDP,2.4GHz,2400.0,2x,2.0,76,2.639721034,2.1474496714475007,3.2313958018825,False
batik,EDP,2.4GHz,2400.0,2.5x,2.5,95,1.9411833354000003,1.7185171789775002,2.1563294608725,True
batik,EDP,2.4GHz,2400.0,3x,3.0,114,1.8403961386000005,1.6621087068924998,2.023887568235,True
batik,EDP,2.7GHz,2700.0,1x,1.0,38,6.274520991333333,6.025764434666667,6.524355471,False
batik,EDP,2.7GHz,2700.0,1.5x,1.5,57,3.7269852098,2.5601346298974996,4.898401443432501,False
batik,EDP,2.7GHz,2700.0,2x,2.0,76,2.1387219426,1.7653313090425,2.4998837459375003,True
batik,EDP,2.7GHz,2700.0,2.5x,2.5,95,1.649638909,1.4460512280225,1.8296875381174995,True
batik,EDP,2.7GHz,2700.0,3x,3.0,114,1.9163497616,1.6887077280600002,2.1180753758475,True
batik,EDP2,400MHz,400.0,1x,1.0,38,215.80199747830525,171.65579766480485,261.4775772133966,False
batik,EDP2,400MHz,400.0,1.5x,1.5,57,203.36547938451545,137.03604749007198,274.1973476543017,False
batik,EDP2,400MHz,400.0,2x,2.0,76,244.43613786260272,200.01981039507533,300.84375913662865,False
batik,EDP2,400MHz,400.0,2.5x,2.5,95,263.44639569636604,210.59981213644917,331.7915512890454,False
batik,EDP2,400MHz,400.0,3x,3.0,114,215.76203229499723,174.43210163564603,283.5392776393357,False
batik,EDP2,800MHz,800.0,1x,1.0,38,70.86567666024192,61.29438931725076,81.95373867677101,False
batik,EDP2,800MHz,800.0,1.5x,1.5,57,42.724873609096065,33.50749684002037,52.26670379087859,False
batik,EDP2,800MHz,800.0,2x,2.0,76,44.045358190041966,33.92488953190567,56.05917555055028,False
batik,EDP2,800MHz,800.0,2.5x,2.5,95,36.48851095984921,30.14650218032417,42.728933920612086,False
batik,EDP2,800MHz,800.0,3x,3.0,114,34.47667139335645,30.581375214371334,38.72946690714251,False
batik,EDP2,1.2GHz,1200.0,1x,1.0,38,39.54569758394237,35.60568068650977,43.65825124731284,False
batik,EDP2,1.2GHz,1200.0,1.5x,1.5,57,35.04996666364966,24.7508380482311,45.74995974113046,False
batik,EDP2,1.2GHz,1200.0,2x,2.0,76,17.941705211047125,14.09993259294482,21.395080434282704,False
batik,EDP2,1.2GHz,1200.0,2.5x,2.5,95,11.350232371612323,9.903478939538203,13.070266727836795,False
batik,EDP2,1.2GHz,1200.0,3x,3.0,114,14.280914567563036,12.790534595269024,15.61662284015942,False
batik,EDP2,1.6GHz,1600.0,1x,1.0,38,74.02266106058869,66.9096854750655,81.80184547365607,False
batik,EDP2,1.6GHz,1600.0,1.5x,1.5,57,50.39642225864882,36.83490822735387,65.14367664813224,False
batik,EDP2,1.6GHz,1600.0,2x,2.0,76,25.51110527705694,20.438984379080377,30.03692149199783,False
batik,EDP2,1.6GHz,1600.0,2.5x,2.5,95,28.499184811022225,22.528593788670893,35.60702261060512,False
batik,EDP2,1.6GHz,1600.0,3x,3.0,114,24.32922180132561,19.806009283395632,31.416666062544913,False
batik,EDP2,1.8GHz,1800.0,1x,1.0,38,30.354635431350196,25.739546008606965,34.34060964647474,False
batik,EDP2,1.8GHz,1800.0,1.5x,1.5,57,12.453264155266448,9.912436511797104,15.078248212246478,False
batik,EDP2,1.8GHz,1800.0,2x,2.0,76,11.643709168343843,8.382174107326612,14.722783926946882,False
batik,EDP2,1.8GHz,1800.0,2.5x,2.5,95,5.971252771353639,5.393315039026997,6.55551696833986,True
batik,EDP2,1.8GHz,1800.0,3x,3.0,114,5.856966896524308,4.927537231627529,6.894737101520563,True
batik,EDP2,2.0GHz,2000.0,1x,1.0,38,18.864365443504756,10.613494545123975,28.530139842333043,False
batik,EDP2,2.0GHz,2000.0,1.5x,1.5,57,13.61125692194488,11.44047235425473,16.146545821110198,False
batik,EDP2,2.0GHz,2000.0,2x,2.0,76,8.770928533121875,6.7769394991681855,10.772842342584326,False
batik,EDP2,2.0GHz,2000.0,2.5x,2.5,95,6.733944916810967,5.719879148366371,7.80786014226439,True
batik,EDP2,2.0GHz,2000.0,3x,3.0,114,6.444096740836765,5.197324205028715,7.622685710108256,True
batik,EDP2,2.4GHz,2400.0,1x,1.0,38,33.37392477163748,27.387755015192894,37.43624330087865,False
batik,EDP2,2.4GHz,2400.0,1.5x,1.5,57,21.128678984496027,14.61412140957908,28.37305283232601,False
batik,EDP2,2.4GHz,2400.0,2x,2.0,76,9.819639051840191,6.913362408768062,12.934924149622612,False
batik,EDP2,2.4GHz,2400.0,2.5x,2.5,95,5.900315925551366,4.932053417603967,6.880190794600819,True
batik,EDP2,2.4GHz,2400.0,3x,3.0,114,5.414050697557198,4.520970943633271,6.157540775262273,True
batik,EDP2,2.7GHz,2700.0,1x,1.0,38,36.859627577669855,34.69474690608025,39.24783060755564,False
batik,EDP2,2.7GHz,2700.0,1.5x,1.5,57,19.034168049365014,11.182087477079747,27.30578374554708,False
batik,EDP2,2.7GHz,2700.0,2x,2.0,76,7.698407926974696,5.632867876906792,9.591066546939764,True
batik,EDP2,2.7GHz,2700.0,2.5x,2.5,95,5.0438322771049915,4.168754432825025,5.92355881182004,True
batik,EDP2,2.7GHz,2700.0,3x,3.0,114,6.322245158226712,5.354305391380028,7.3512287722720115,True
biojava,Energy,400MHz,400.0,1x,1.0,7,32.161792,31.867244127500005,32.49136855,False
biojava,Energy,400MHz,400.0,2x,2.0,14,4.2420042,3.7952010575,4.826335137499998,False
biojava,Energy,400MHz,400.0,3x,3.0,21,2.3682678000000004,2.076611035,2.6670808724999997,False
biojava,Energy,400MHz,400.0,4x,4.0,28,2.287439,1.8848964925,2.8107999475,False
biojava,Energy,400MHz,400.0,5x,5.0,35,2.3821226999999996,1.9338792475,2.9902479975,False
biojava,Energy,400MHz,400.0,6x,6.0,42,2.8086366000000003,2.4272399100000004,3.2915860275,False
biojava,Energy,800MHz,800.0,1x,1.0,7,19.5940979,19.30680972,19.971766485,False
biojava,Energy,800MHz,800.0,2x,2.0,14,2.3097168,2.1211868125,2.5889967475,False
biojava,Energy,800MHz,800.0,3x,3.0,21,1.366394,1.219943305,1.5170670025,False
biojava,Energy,800MHz,800.0,4x,4.0,28,1.3576723000000002,1.1539616,1.58939882,False
biojava,Energy,800MHz,800.0,5x,5.0,35,1.9845152999999995,1.6515440250000004,2.2933012774999995,False
biojava,Energy,800MHz,800.0,6x,6.0,42,1.7623658,1.5262180850000002,2.0129744974999997,False
biojava,Energy,1.2GHz,1200.0,1x,1.0,7,15.710162400000002,15.575742260000002,15.850192602499998,False
biojava,Energy,1.2GHz,1200.0,2x,2.0,14,1.8255983,1.7085104775000002,1.952604805,False
biojava,Energy,1.2GHz,1200.0,3x,3.0,21,1.0987121,0.91720971,1.297508955,False
biojava,Energy,1.2GHz,1200.0,4x,4.0,28,1.0651612999999998,0.8907762225000001,1.27235314,False
biojava,Energy,1.2GHz,1200.0,5x,5.0,35,1.4385376,1.2982620349999998,1.6037477575,False
biojava,Energy,1.2GHz,1200.0,6x,6.0,42,1.5827575,1.4080260475000002,1.763079905,False
biojava,Energy,1.6GHz,1600.0,1x,1.0,7,27.156622400000003,26.9718602325,27.317921952499997,False
biojava,Energy,1.6GHz,1600.0,2x,2.0,14,3.5638245,3.4383926249999996,3.700047175,False
biojava,Energy,1.6GHz,1600.0,3x,3.0,21,2.506769,2.2945570675,2.732439495,False
biojava,Energy,1.6GHz,1600.0,4x,4.0,28,2.4308349,2.264105415,2.5901737225000003,False
biojava,Energy,1.6GHz,1600.0,5x,5.0,35,2.0864746,1.90732114,2.2614614924999996,False
biojava,Energy,1.6GHz,1600.0,6x,6.0,42,2.2371764,2.0448134275000003,2.4406495075000003,False
biojava,Energy,1.8GHz,1800.0,1x,1.0,7,14.403692700000002,14.237989729999995,14.5714270675,False
biojava,Energy,1.8GHz,1800.0,2x,2.0,14,1.7465757,1.599903865,1.921525905,False
biojava,Energy,1.8GHz,1800.0,3x,3.0,21,0.8352845,0.7993852224999999,0.8820526524999999,True
biojava,Energy,1.8GHz,1800.0,4x,4.0,28,0.9823547,0.8337173225000001,1.13454878,False
biojava,Energy,1.8GHz,1800.0,5x,5.0,35,1.5769349,1.4059084000000004,1.766517225,False
biojava,Energy,1.8GHz,1800.0,6x,6.0,42,1.4033265,1.2463182625,1.597605825,False
biojava,Energy,2.0GHz,2000.0,1x,1.0,7,14.861737,14.680833825,15.025569092500003,False
biojava,Energy,2.0GHz,2000.0,2x,2.0,14,1.7772947,1.623596235,1.9392428125,False
biojava,Energy,2.0GHz,2000.0,3x,3.0,21,0.9023195,0.8104090375000003,1.0193072375,False
biojava,Energy,2.0GHz,2000.0,4x,4.0,28,0.784314,0.766435175,0.8007510125000001,True
biojava,Energy,2.0GHz,2000.0,5x,5.0,35,1.3210875999999998,1.1677680975000002,1.49550368,False
biojava,Energy,2.0GHz,2000.0,6x,6.0,42,1.315149,1.1943303374999998,1.478519725,False
biojava,Energy,2.4GHz,2400.0,1x,1.0,7,16.422723400000002,16.2754264525,16.546161937499996,False
biojava,Energy,2.4GHz,2400.0,2x,2.0,14,2.1699401000000003,2.0117610900000003,2.32782237,False
biojava,Energy,2.4GHz,2400.0,3x,3.0,21,1.003015,0.8975844949999999,1.1175089175,False
biojava,Energy,2.4GHz,2400.0,4x,4.0,28,1.0865478999999998,0.9167014325,1.268546015,False
biojava,Energy,2.4GHz,2400.0,5x,5.0,35,1.5411131,1.3127544850000004,1.7893569824999995,False
biojava,Energy,2.4GHz,2400.0,6x,6.0,42,1.4427856999999995,1.2747193474999998,1.619748105,False
biojava,Energy,2.7GHz,2700.0,1x,1.0,7,17.6540282,17.41623236,17.939993689999998,False
biojava,Energy,2.7GHz,2700.0,2x,2.0,14,2.1807311,2.0590734399999997,2.30269731,False
biojava,Energy,2.7GHz,2700.0,3x,3.0,21,1.1769715,1.0138382425,1.38959044,False
biojava,Energy,2.7GHz,2700.0,4x,4.0,28,1.0414673,0.9436838900000002,1.1558176175,False
biojava,Energy,2.7GHz,2700.0,5x,5.0,35,1.6946412000000002,1.2405727825,2.284508315,False
biojava,Energy,2.7GHz,2700.0,6x,6.0,42,1.7907351000000002,1.551849515,2.0257561475000005,False
biojava,Time,400MHz,400.0,1x,1.0,7,15832.2,15671.2875,16018.61,False
biojava,Time,400MHz,400.0,2x,2.0,14,2160.7,1982.27,2383.18,False
biojava,Time,400MHz,400.0,3x,3.0,21,1238.3,1086.3975,1404.2074999999998,False
biojava,Time,400MHz,400.0,4x,4.0,28,1196.3,988.995,1452.2675,False
biojava,Time,400MHz,400.0,5x,5.0,35,1210.9,1007.5,1443.3249999999998,False
biojava,Time,400MHz,400.0,6x,6.0,42,1197.1,1025.595,1418.7925,False
biojava,Time,800MHz,800.0,1x,1.0,7,8463.2,8362.4825,8587.9075,False
biojava,Time,800MHz,800.0,2x,2.0,14,1061.5,977.3975,1200.7075,False
biojava,Time,800MHz,800.0,3x,3.0,21,621.9,556.4300000000001,689.02,False
biojava,Time,800MHz,800.0,4x,4.0,28,620.9,530.1975,741.3,False
biojava,Time,800MHz,800.0,5x,5.0,35,693.8,568.3825,827.7175,False
biojava,Time,800MHz,800.0,6x,6.0,42,611.3,520.195,710.0425,False
biojava,Time,1.2GHz,1200.0,1x,1.0,7,5806.7,5755.7875,5862.902499999999,False
biojava,Time,1.2GHz,1200.0,2x,2.0,14,708.3,668.6975,756.8025,False
biojava,Time,1.2GHz,1200.0,3x,3.0,21,421.3,361.5975,504.815,False
biojava,Time,1.2GHz,1200.0,4x,4.0,28,409.8,338.4975,486.405,False
biojava,Time,1.2GHz,1200.0,5x,5.0,35,385.4,339.5975,452.5,False
biojava,Time,1.2GHz,1200.0,6x,6.0,42,432.3,374.89,495.62,False
biojava,Time,1.6GHz,1600.0,1x,1.0,7,8449.6,8397.39,8508.005,False
biojava,Time,1.6GHz,1600.0,2x,2.0,14,904.0,869.895,942.4025,False
biojava,Time,1.6GHz,1600.0,3x,3.0,21,626.4,579.5,673.7774999999999,False
biojava,Time,1.6GHz,1600.0,4x,4.0,28,651.9,607.095,692.2,False
biojava,Time,1.6GHz,1600.0,5x,5.0,35,549.2,502.6925,601.805,False
biojava,Time,1.6GHz,1600.0,6x,6.0,42,601.6,547.255,657.0074999999999,False
biojava,Time,1.8GHz,1800.0,1x,1.0,7,4100.0,4061.195,4137.0225,False
biojava,Time,1.8GHz,1800.0,2x,2.0,14,525.6,487.0,573.805,False
biojava,Time,1.8GHz,1800.0,3x,3.0,21,242.5,232.4,256.5,False
biojava,Time,1.8GHz,1800.0,4x,4.0,28,290.1,249.9925,332.705,False
biojava,Time,1.8GHz,1800.0,5x,5.0,35,313.5,269.58750000000003,358.905,False
biojava,Time,1.8GHz,1800.0,6x,6.0,42,269.1,231.5,316.0025,False
biojava,Time,2.0GHz,2000.0,1x,1.0,7,3804.4,3766.4,3842.51,False
biojava,Time,2.0GHz,2000.0,2x,2.0,14,478.4,432.895,519.3,False
biojava,Time,2.0GHz,2000.0,3x,3.0,21,236.9,212.9,267.6075,False
biojava,Time,2.0GHz,2000.0,4x,4.0,28,204.0,199.8975,208.2025,False
biojava,Time,2.0GHz,2000.0,5x,5.0,35,233.7,203.5975,271.0125,False
biojava,Time,2.0GHz,2000.0,6x,6.0,42,231.7,205.9975,266.4025,False
biojava,Time,2.4GHz,2400.0,1x,1.0,7,3331.5,3302.995,3357.905,False
biojava,Time,2.4GHz,2400.0,2x,2.0,14,456.5,421.8975,487.71,False
biojava,Time,2.4GHz,2400.0,3x,3.0,21,206.2,185.2925,231.5025,True
biojava,Time,2.4GHz,2400.0,4x,4.0,28,222.4,187.085,259.4025,True
biojava,Time,2.4GHz,2400.0,5x,5.0,35,229.4,194.7975,265.7025,True
biojava,Time,2.4GHz,2400.0,6x,6.0,42,212.9,184.5925,243.3025,True
biojava,Time,2.7GHz,2700.0,1x,1.0,7,3028.0,2983.6924999999997,3072.105,False
biojava,Time,2.7GHz,2700.0,2x,2.0,14,383.4,357.1925,411.8075,False
biojava,Time,2.7GHz,2700.0,3x,3.0,21,198.9,170.7975,228.7,True
biojava,Time,2.7GHz,2700.0,4x,4.0,28,177.0,158.3975,197.0025,True
biojava,Time,2.7GHz,2700.0,5x,5.0,35,200.7,158.395,255.71,True
biojava,Time,2.7GHz,2700.0,6x,6.0,42,229.0,198.0925,258.605,False
biojava,EDP,400MHz,400.0,1x,1.0,7,509.3405164281,499.72545103826747,521.41508393918,False
biojava,EDP,400MHz,400.0,2x,2.0,14,9.44558906,7.622269956097501,12.2082255845175,False
biojava,EDP,400MHz,400.0,3x,3.0,21,3.0490099715,2.3253195457200007,3.8487771739049994,False
biojava,EDP,400MHz,400.0,4x,4.0,28,3.0431951894,1.8677150634025,4.5925147854725,False
biojava,EDP,400MHz,400.0,5x,5.0,35,3.1821280199,2.0815475133275028,4.64311746217,False
biojava,EDP,400MHz,400.0,6x,6.0,42,3.5901855949000003,2.4465875928850003,4.911860429337501,False
biojava,EDP,800MHz,800.0,1x,1.0,7,165.9271802472,161.6478593445275,171.50135796149502,False
biojava,EDP,800MHz,800.0,2x,2.0,14,2.5242159041999996,2.072096618995,3.202553548805,False
biojava,EDP,800MHz,800.0,3x,3.0,21,0.8774059958999999,0.6807095489100001,1.0691469797625,False
biojava,EDP,800MHz,800.0,4x,4.0,28,0.9047946975000002,0.6228846094550001,1.2678988314225,False
biojava,EDP,800MHz,800.0,5x,5.0,35,1.4855137755,1.0142483212025002,1.98895617221,False
biojava,EDP,800MHz,800.0,6x,6.0,42,1.147183154,0.8050409847125001,1.5687150213524998,False
biojava,EDP,1.2GHz,1200.0,1x,1.0,7,91.2453172817,89.598769678575,93.0758550549775,False
biojava,EDP,1.2GHz,1200.0,2x,2.0,14,1.3067822803999998,1.1500341132025,1.5019321808175,False
biojava,EDP,1.2GHz,1200.0,3x,3.0,21,0.4989407999,0.315595886285,0.682623088365,False
biojava,EDP,1.2GHz,1200.0,4x,4.0,28,0.4728674574000001,0.31216827229,0.6718259508250001,False
biojava,EDP,1.2GHz,1200.0,5x,5.0,35,0.5773461222,0.4426440482249999,0.7559078752399999,False
biojava,EDP,1.2GHz,1200.0,6x,6.0,42,0.7125773053,0.5446305542675001,0.911999849295,False
biojava,EDP,1.6GHz,1600.0,1x,1.0,7,229.48748722680003,226.2729852201075,232.31348254753996,False
biojava,EDP,1.6GHz,1600.0,2x,2.0,14,3.2335267924,2.9979732075699994,3.5181178449249995,False
biojava,EDP,1.6GHz,1600.0,3x,3.0,21,1.5990751473,1.3281345310575,1.8542306859649995,False
biojava,EDP,1.6GHz,1600.0,4x,4.0,28,1.6030450615,1.3937461166974998,1.8052449909575,False
biojava,EDP,1.6GHz,1600.0,5x,5.0,35,1.1686712805,0.9824244656625,1.4081921542774998,False
biojava,EDP,1.6GHz,1600.0,6x,6.0,42,1.3741751457,1.1441811215950002,1.625399423005,False
biojava,EDP,1.8GHz,1800.0,1x,1.0,7,59.067826036300005,57.93378767573,60.234741112772504,False
biojava,EDP,1.8GHz,1800.0,2x,2.0,14,0.9361622481,0.7778165692875,1.10735310765,False
biojava,EDP,1.8GHz,1800.0,3x,3.0,21,0.2038249017,0.1863467225225,0.2285043181675,False
biojava,EDP,1.8GHz,1800.0,4x,4.0,28,0.3021138926,0.2165581894025,0.3949199269924999,False
biojava,EDP,1.8GHz,1800.0,5x,5.0,35,0.5168253787,0.396007003615,0.6465811167525,False
biojava,EDP,1.8GHz,1800.0,6x,6.0,42,0.3965755082,0.28853475058,0.5226823787975,False
biojava,EDP,2.0GHz,2000.0,1x,1.0,7,56.5578805076,55.3612609920975,57.790179097499994,False
biojava,EDP,2.0GHz,2000.0,2x,2.0,14,0.8688812175,0.7063483649625001,1.0366330661325,False
biojava,EDP,2.0GHz,2000.0,3x,3.0,21,0.2215443579999999,0.1733801160075,0.2924150123474999,False
biojava,EDP,2.0GHz,2000.0,4x,4.0,28,0.1601760024,0.1536506621249999,0.1664889890924999,True
biojava,EDP,2.0GHz,2000.0,5x,5.0,35,0.3233968942999999,0.2391296341625,0.4232769743374999,False
biojava,EDP,2.0GHz,2000.0,6x,6.0,42,0.3167607709999999,0.2425118261175,0.4202768375649999,False
biojava,EDP,2.4GHz,2400.0,1x,1.0,7,54.7215307646,53.8134948123,55.57487607751999,False
biojava,EDP,2.4GHz,2400.0,2x,2.0,14,1.0054550906,0.8568114169874999,1.1551900757899998,False
biojava,EDP,2.4GHz,2400.0,3x,3.0,21,0.2136198448,0.167050773705,0.2714875550099999,False
biojava,EDP,2.4GHz,2400.0,4x,4.0,28,0.2593031856,0.178735201525,0.35137093119,False
biojava,EDP,2.4GHz,2400.0,5x,5.0,35,0.3768402361,0.2654563506775,0.5078324152774999,False
biojava,EDP,2.4GHz,2400.0,6x,6.0,42,0.3204829667,0.24643176338,0.4131767033175,False
biojava,EDP,2.7GHz,2700.0,1x,1.0,7,53.487261513,52.028027479814995,55.16581933951,False
biojava,EDP,2.7GHz,2700.0,2x,2.0,14,0.8445545251000001,0.7425349501575002,0.9553772935575,False
biojava,EDP,2.7GHz,2700.0,3x,3.0,21,0.2474833504999999,0.176913190575,0.3264310382875,False
biojava,EDP,2.7GHz,2700.0,4x,4.0,28,0.1897281032,0.1501002385349999,0.2392513774675,True
biojava,EDP,2.7GHz,2700.0,5x,5.0,35,0.4138220641,0.200492797635,0.7230310266375,False
biojava,EDP,2.7GHz,2700.0,6x,6.0,42,0.428098866,0.32451072295,0.5286862004174999,False
biojava,EDP2,400MHz,400.0,1x,1.0,7,16390.726788114924,15912.045882897271,16958.179170846448,False
biojava,EDP2,400MHz,400.0,2x,2.0,14,43.157753884437895,29.28252852280496,63.077718102854625,False
biojava,EDP2,400MHz,400.0,3x,3.0,21,7.809877241466033,5.025277717602632,11.159423356063987,False
biojava,EDP2,400MHz,400.0,4x,4.0,28,8.74051285372817,3.512801081869527,16.676727497230797,False
biojava,EDP2,400MHz,400.0,5x,5.0,35,9.481791728619008,4.3067394075536605,17.122349298592738,False
biojava,EDP2,400MHz,400.0,6x,6.0,42,11.471329688266078,5.549919217145862,17.946420573994057,False
biojava,EDP2,800MHz,800.0,1x,1.0,7,3255.8290877593745,3125.101253584296,3432.2336527764583,False
biojava,EDP2,800MHz,800.0,2x,2.0,14,6.225903847248134,4.42293251304762,9.200925680712402,False
biojava,EDP2,800MHz,800.0,3x,3.0,21,1.277326316560491,0.8656980643766391,1.7054383056762756,False
biojava,EDP2,800MHz,800.0,4x,4.0,28,1.4219018343429632,0.7371440313325333,2.342717792018713,False
biojava,EDP2,800MHz,800.0,5x,5.0,35,3.3695457389017895,1.9711625378102868,4.943824406087253,False
biojava,EDP2,800MHz,800.0,6x,6.0,42,2.279102093736721,1.2678561089399754,3.389989130193598,False
biojava,EDP2,1.2GHz,1200.0,1x,1.0,7,1434.1394197467887,1396.832053962729,1474.685697000588,False
biojava,EDP2,1.2GHz,1200.0,2x,2.0,14,2.4390006928417627,1.967883823751871,2.9371348941941378,False
biojava,EDP2,1.2GHz,1200.0,3x,3.0,21,0.6373201588320212,0.3602370262001413,1.0162024934195202,False
biojava,EDP2,1.2GHz,1200.0,4x,4.0,28,0.5926721525918508,0.2916790761413821,0.9810794071283762,False
biojava,EDP2,1.2GHz,1200.0,5x,5.0,35,0.8980786533992997,0.57428222878893,1.3735664115542991,False
biojava,EDP2,1.2GHz,1200.0,6x,6.0,42,1.2141584365236595,0.7857602427628806,1.724523964362796,False
biojava,EDP2,1.6GHz,1600.0,1x,1.0,7,6233.46484617194,6112.331938253552,6356.117814114877,False
biojava,EDP2,1.6GHz,1600.0,2x,2.0,14,11.608876911554235,10.360903880936846,12.94004187854748,False
biojava,EDP2,1.6GHz,1600.0,3x,3.0,21,4.164327681928883,3.1128001871126134,5.219206718032244,False
biojava,EDP2,1.6GHz,1600.0,4x,4.0,28,3.9822931773295176,3.1942944511708875,4.7072255629162925,False
biojava,EDP2,1.6GHz,1600.0,5x,5.0,35,2.535816420625441,1.8870631256147543,3.2542936755550023,False
biojava,EDP2,1.6GHz,1600.0,6x,6.0,42,3.1976236762760477,2.424731919478788,4.040652162942159,False
biojava,EDP2,1.8GHz,1800.0,1x,1.0,7,851.291536230553,825.8070379392942,876.4993354080267,False
biojava,EDP2,1.8GHz,1800.0,2x,2.0,14,1.7064214948562388,1.2748748775845775,2.24415935146796,False
biojava,EDP2,1.8GHz,1800.0,3x,3.0,21,0.172628280055321,0.149644526238459,0.2083334755754222,False
biojava,EDP2,1.8GHz,1800.0,4x,4.0,28,0.3315328942150748,0.1983829513791469,0.4791368337569494,False
biojava,EDP2,1.8GHz,1800.0,5x,5.0,35,0.879578936946541,0.5699470472374325,1.1628289514103185,False
biojava,EDP2,1.8GHz,1800.0,6x,6.0,42,0.6103081450469268,0.3662422874083256,0.9006042283319832,False
biojava,EDP2,2.0GHz,2000.0,1x,1.0,7,841.1244730808825,813.0869037054564,868.3742220029295,False
biojava,EDP2,2.0GHz,2000.0,2x,2.0,14,1.611706135576307,1.1953109823019876,2.0500656844669134,False
biojava,EDP2,2.0GHz,2000.0,3x,3.0,21,0.2158318266007401,0.1401662326594107,0.3169385688564931,False
biojava,EDP2,2.0GHz,2000.0,4x,4.0,28,0.1259194379422602,0.1181616615129935,0.1333064670600716,True
biojava,EDP2,2.0GHz,2000.0,5x,5.0,35,0.4677168859859136,0.285649937386491,0.6985316903857501,False
biojava,EDP2,2.0GHz,2000.0,6x,6.0,42,0.4498993616758154,0.2968827599595711,0.6880415957701114,False
biojava,EDP2,2.4GHz,2400.0,1x,1.0,7,898.9989360824454,876.5679369554423,921.1310471144922,False
biojava,EDP2,2.4GHz,2400.0,2x,2.0,14,2.2452017549458336,1.7731517542300252,2.7284212402289696,False
biojava,EDP2,2.4GHz,2400.0,3x,3.0,21,0.228913238645015,0.1568218875777368,0.3203419508675176,False
biojava,EDP2,2.4GHz,2400.0,4x,4.0,28,0.322471393178229,0.1832812540532881,0.4823541756265456,False
biojava,EDP2,2.4GHz,2400.0,5x,5.0,35,0.6572825765846312,0.3790496180751142,0.9658252543795366,False
biojava,EDP2,2.4GHz,2400.0,6x,6.0,42,0.4995625005873785,0.323564374677775,0.6847297273461204,False
biojava,EDP2,2.7GHz,2700.0,1x,1.0,7,945.389169713984,904.0504016950246,989.08546914522,False
biojava,EDP2,2.7GHz,2700.0,2x,2.0,14,1.8776694985903095,1.5306426589082949,2.2369240372568826,False
biojava,EDP2,2.7GHz,2700.0,3x,3.0,21,0.3275238043555897,0.1906230515523828,0.5088444771191615,False
biojava,EDP2,2.7GHz,2700.0,4x,4.0,28,0.2094222524335058,0.1451547944098631,0.2893918960970589,False
biojava,EDP2,2.7GHz,2700.0,5x,5.0,35,1.105986797937393,0.2466252167745343,2.47742139878252,False
biojava,EDP2,2.7GHz,2700.0,6x,6.0,42,0.8303325829593184,0.5567094674711114,1.1573113793239391,False
fop,Energy,400MHz,400.0,1x,1.0,18,2.3936645,2.2980210275,2.52173944,False
fop,Energy,400MHz,400.0,1.5x,1.5,27,1.7443543,1.6607374075,1.8139461525,False
fop,Energy,400MHz,400.0,2x,2.0,36,1.7535155,1.6911846600000002,1.806636075,False
fop,Energy,400MHz,400.0,2.5x,2.5,45,1.7510438000000002,1.694652525,1.8058470074999995,False
fop,Energy,400MHz,400.0,3x,3.0,54,1.760852,1.7079442,1.8070232200000005,False
fop,Energy,800MHz,800.0,1x,1.0,18,1.3997621,1.325621985,1.5038658875,False
fop,Energy,800MHz,800.0,1.5x,1.5,27,1.0593933000000002,1.0302457525,1.08229639,False
fop,Energy,800MHz,800.0,2x,2.0,36,1.0522095000000002,1.004183695,1.094997395,False
fop,Energy,800MHz,800.0,2.5x,2.5,45,1.0290773,0.991245165,1.0645069500000002,False
fop,Energy,800MHz,800.0,3x,3.0,54,1.043396,1.0075387775000002,1.0815698475,False
fop,Energy,1.2GHz,1200.0,1x,1.0,18,1.1991637999999998,1.1242791875,1.2895787499999996,False
fop,Energy,1.2GHz,1200.0,1.5x,1.5,27,0.8677003000000001,0.8147953450000001,0.92748716,False
fop,Energy,1.2GHz,1200.0,2x,2.0,36,0.8371278999999999,0.7926806225,0.8851681400000001,False
fop,Energy,1.2GHz,1200.0,2.5x,2.5,45,0.8809142,0.8430409824999999,0.92401548,False
fop,Energy,1.2GHz,1200.0,3x,3.0,54,0.8772460000000001,0.82701608,0.927271785,False
fop,Energy,1.6GHz,1600.0,1x,1.0,18,1.0414248000000002,0.99735049,1.08923158,False
fop,Energy,1.6GHz,1600.0,1.5x,1.5,27,0.8058166999999999,0.7470511200000001,0.8662594475,True
fop,Energy,1.6GHz,1600.0,2x,2.0,36,0.7559571999999999,0.72415206,0.7818741749999999,True
fop,Energy,1.6GHz,1600.0,2.5x,2.5,45,0.7647703000000001,0.718747555,0.80637464,True
fop,Energy,1.6GHz,1600.0,3x,3.0,54,0.7676756000000001,0.7236770725,0.8255594825,True
fop,Energy,2.0GHz,2000.0,1x,1.0,18,1.1449036,1.049706025,1.242323305,False
fop,Energy,2.0GHz,2000.0,1.5x,1.5,27,0.8181517999999999,0.7542161225000001,0.8947419174999999,True
fop,Energy,2.0GHz,2000.0,2x,2.0,36,0.7920349,0.7505246525,0.8312150775,True
fop,Energy,2.0GHz,2000.0,2.5x,2.5,45,0.7580444,0.7198801924999999,0.789220895,True
fop,Energy,2.0GHz,2000.0,3x,3.0,54,0.8038695,0.7703492025,0.8470491575000001,True
fop,Energy,2.4GHz,2400.0,1x,1.0,18,1.1890382,1.1339531399999998,1.2541096549999995,False
fop,Energy,2.4GHz,2400.0,1.5x,1.5,27,0.9200744,0.846765435,0.9956180125,False
fop,Energy,2.4GHz,2400.0,2x,2.0,36,0.8600584999999998,0.7839669075,0.941219695,False
fop,Energy,2.4GHz,2400.0,2.5x,2.5,45,0.8667845999999999,0.8069420700000001,0.92874409,False
fop,Energy,2.4GHz,2400.0,3x,3.0,54,0.8939514999999998,0.838380615,0.9535679725,False
fop,Energy,2.7GHz,2700.0,1x,1.0,18,1.30932,1.2431228175000002,1.3901796699999998,False
fop,Energy,2.7GHz,2700.0,1.5x,1.5,27,0.9118775,0.8649736724999999,0.9666690625,False
fop,Energy,2.7GHz,2700.0,2x,2.0,36,0.8547306000000001,0.78437957,0.9122949825,False
fop,Energy,2.7GHz,2700.0,2.5x,2.5,45,0.9413452999999998,0.8646819700000001,1.0369170275,False
fop,Energy,2.7GHz,2700.0,3x,3.0,54,0.9122926,0.8679337175,0.9607456575,False
fop,Time,400MHz,400.0,1x,1.0,18,1266.4,1215.7875,1320.4,False
fop,Time,400MHz,400.0,1.5x,1.5,27,918.9,876.0975,952.2125,False
fop,Time,400MHz,400.0,2x,2.0,36,923.9,887.795,954.3,False
fop,Time,400MHz,400.0,2.5x,2.5,45,918.1,891.195,943.705,False
fop,Time,400MHz,400.0,3x,3.0,54,929.7,899.595,953.405,False
fop,Time,800MHz,800.0,1x,1.0,18,652.2,616.49,704.7,False
fop,Time,800MHz,800.0,1.5x,1.5,27,489.8,477.6925,500.4025,False
fop,Time,800MHz,800.0,2x,2.0,36,490.4,469.0975,509.2,False
fop,Time,800MHz,800.0,2.5x,2.5,45,477.0,459.395,494.5,False
fop,Time,800MHz,800.0,3x,3.0,54,485.7,469.5975,501.6,False
fop,Time,1.2GHz,1200.0,1x,1.0,18,466.0,435.4975,500.4025,False
fop,Time,1.2GHz,1200.0,1.5x,1.5,27,335.7,315.8925,359.0175,False
fop,Time,1.2GHz,1200.0,2x,2.0,36,319.2,300.3975,340.515,False
fop,Time,1.2GHz,1200.0,2.5x,2.5,45,338.4,321.59000000000003,354.7025,False
fop,Time,1.2GHz,1200.0,3x,3.0,54,337.7,316.7,358.7125,False
fop,Time,1.6GHz,1600.0,1x,1.0,18,345.4,330.6,361.7075,False
fop,Time,1.6GHz,1600.0,1.5x,1.5,27,267.0,248.395,286.3,False
fop,Time,1.6GHz,1600.0,2x,2.0,36,249.1,238.9975,257.4,False
fop,Time,1.6GHz,1600.0,2.5x,2.5,45,251.0,236.5925,264.7,False
fop,Time,1.6GHz,1600.0,3x,3.0,54,245.2,221.9975,271.905,False
fop,Time,2.0GHz,2000.0,1x,1.0,18,298.0,276.7,322.1025,False
fop,Time,2.0GHz,2000.0,1.5x,1.5,27,216.2,197.9,237.7025,False
fop,Time,2.0GHz,2000.0,2x,2.0,36,207.6,199.0975,216.4025,False
fop,Time,2.0GHz,2000.0,2.5x,2.5,45,200.6,189.995,208.9025,False
fop,Time,2.0GHz,2000.0,3x,3.0,54,210.9,200.2975,223.3,False
fop,Time,2.4GHz,2400.0,1x,1.0,18,249.7,237.2,263.5025,False
fop,Time,2.4GHz,2400.0,1.5x,1.5,27,194.4,179.7,210.3025,False
fop,Time,2.4GHz,2400.0,2x,2.0,36,177.5,163.3975,192.7025,False
fop,Time,2.4GHz,2400.0,2.5x,2.5,45,181.9,169.2975,196.4025,False
fop,Time,2.4GHz,2400.0,3x,3.0,54,187.5,175.6,200.7,False
fop,Time,2.7GHz,2700.0,1x,1.0,18,230.3,217.8925,244.9,False
fop,Time,2.7GHz,2700.0,1.5x,1.5,27,161.6,153.79500000000002,171.3,True
fop,Time,2.7GHz,2700.0,2x,2.0,36,150.3,139.9975,159.2025,True
fop,Time,2.7GHz,2700.0,2.5x,2.5,45,166.3,152.8,182.0025,True
fop,Time,2.7GHz,2700.0,3x,3.0,54,161.2,153.5975,170.4025,True
fop,EDP,400MHz,400.0,1x,1.0,18,3.0464199609,2.7827830365924995,3.3312271549,False
fop,EDP,400MHz,400.0,1.5x,1.5,27,1.6106554306,1.46953489109,1.7174096167874997,False
fop,EDP,400MHz,400.0,2x,2.0,36,1.6247236629,1.5073043413024998,1.7235746466900002,False
fop,EDP,400MHz,400.0,2.5x,2.5,45,1.6114165168,1.5230299784575,1.7002795583375,False
fop,EDP,400MHz,400.0,3x,3.0,54,1.6403252306999998,1.5545811381775,1.7215021655375,False
fop,EDP,800MHz,800.0,1x,1.0,18,0.9243423242,0.82079511727,1.08162725607,False
fop,EDP,800MHz,800.0,1.5x,1.5,27,0.5195999274,0.4952215704775,0.5402405893425,False
fop,EDP,800MHz,800.0,2x,2.0,36,0.5186457797000001,0.4738808935725,0.5574034628475,False
fop,EDP,800MHz,800.0,2.5x,2.5,45,0.4925696204,0.454856159125,0.524726662505,False
fop,EDP,800MHz,800.0,3x,3.0,54,0.5083717915000001,0.47218445714,0.5451857958675,False
fop,EDP,1.2GHz,1200.0,1x,1.0,18,0.5659465814,0.491496703605,0.6490562454725001,False
fop,EDP,1.2GHz,1200.0,1.5x,1.5,27,0.2945347977,0.2573630470749999,0.3326488198525001,False
fop,EDP,1.2GHz,1200.0,2x,2.0,36,0.2696557168,0.2396990211124999,0.309883614755,False
fop,EDP,1.2GHz,1200.0,2.5x,2.5,45,0.2998631568,0.2729806973024999,0.32856238433,False
fop,EDP,1.2GHz,1200.0,3x,3.0,54,0.2988395796999999,0.264261741135,0.3315343456375,False
fop,EDP,1.6GHz,1600.0,1x,1.0,18,0.3616772584,0.3304634453,0.3948415806799999,False
fop,EDP,1.6GHz,1600.0,1.5x,1.5,27,0.2181299701,0.1868073723125,0.2493792234975,False
fop,EDP,1.6GHz,1600.0,2x,2.0,36,0.1890281084,0.1741398697049999,0.201022180305,False
fop,EDP,1.6GHz,1600.0,2.5x,2.5,45,0.1934911633,0.17209437575,0.21584684641,False
fop,EDP,1.6GHz,1600.0,3x,3.0,54,0.1912219772,0.1621522670825,0.2283049478424999,False
fop,EDP,2.0GHz,2000.0,1x,1.0,18,0.3472895048999999,0.2910395719874999,0.4078921950599999,False
fop,EDP,2.0GHz,2000.0,1.5x,1.5,27,0.1807338921,0.1497978618725,0.2186352670699999,False
fop,EDP,2.0GHz,2000.0,2x,2.0,36,0.1652683751999999,0.15042676621,0.1817077644599999,False
fop,EDP,2.0GHz,2000.0,2.5x,2.5,45,0.1530072550999999,0.13742470114,0.1652188781199999,True
fop,EDP,2.0GHz,2000.0,3x,3.0,54,0.1706846466,0.1536496939825,0.1905962036625,False
fop,EDP,2.4GHz,2400.0,1x,1.0,18,0.2990868453999999,0.269527182185,0.33567289926,False
fop,EDP,2.4GHz,2400.0,1.5x,1.5,27,0.1815972425,0.1545803932,0.2087501410275,False
fop,EDP,2.4GHz,2400.0,2x,2.0,36,0.155777706,0.1309442559775,0.1862721229924999,True
fop,EDP,2.4GHz,2400.0,2.5x,2.5,45,0.1599895652,0.13773666132,0.18809604167,True
fop,EDP,2.4GHz,2400.0,3x,3.0,54,0.1696817118999999,0.1459721248775,0.1964445077625,False
fop,EDP,2.7GHz,2700.0,1x,1.0,18,0.3040078943999999,0.270454827985,0.3426768055549999,False
fop,EDP,2.7GHz,2700.0,1.5x,1.5,27,0.1485656092,0.13307064243,0.166030827775,True
fop,EDP,2.7GHz,2700.0,2x,2.0,36,0.1300959448999999,0.113720678995,0.1454208788775,True
fop,EDP,2.7GHz,2700.0,2.5x,2.5,45,0.1598337456,0.1323725937,0.1921277926575,True
fop,EDP,2.7GHz,2700.0,3x,3.0,54,0.1481001123,0.1343528273375,0.1666054561325,True
fop,EDP2,400MHz,400.0,1x,1.0,18,7.367742576038944,6.464861432710206,8.448084011061008,False
fop,EDP2,400MHz,400.0,1.5x,1.5,27,2.8360408491858236,2.4611067069240407,3.133558214394629,False
fop,EDP2,400MHz,400.0,2x,2.0,36,2.864386131447628,2.599466288932796,3.1137194737875653,False
fop,EDP2,400MHz,400.0,2.5x,2.5,45,2.835461715759576,2.5882162597929343,3.0777391802701803,False
fop,EDP2,400MHz,400.0,3x,3.0,54,2.8995505612911003,2.6664031064078104,3.1189301107051977,False
fop,EDP2,800MHz,800.0,1x,1.0,18,1.329535276573106,1.0990591227992623,1.724989482293395,False
fop,EDP2,800MHz,800.0,1.5x,1.5,27,0.552015148608709,0.5137329960070816,0.5845651553379133,False
fop,EDP2,800MHz,800.0,2x,2.0,36,0.5512514258526375,0.4824147913129247,0.6088759665965082,False
fop,EDP2,800MHz,800.0,2.5x,2.5,45,0.5102615344985691,0.4519362623481953,0.5628927635495259,False
fop,EDP2,800MHz,800.0,3x,3.0,54,0.5339585247753476,0.4749703232306123,0.590744873716796,False
fop,EDP2,1.2GHz,1200.0,1x,1.0,18,0.6965868699926955,0.5455226627297454,0.8573091492218505,False
fop,EDP2,1.2GHz,1200.0,1.5x,1.5,27,0.2612381876499283,0.2115343889714942,0.3152831502163308,False
fop,EDP2,1.2GHz,1200.0,2x,2.0,36,0.2298371159490128,0.1893463877475975,0.2753656265328353,False
fop,EDP2,1.2GHz,1200.0,2.5x,2.5,45,0.267331859498904,0.2303678515815959,0.309133365444324,False
fop,EDP2,1.2GHz,1200.0,3x,3.0,54,0.2665551976249187,0.2233300875111556,0.3151426544708644,False
fop,EDP2,1.6GHz,1600.0,1x,1.0,18,0.38089691381872,0.3269371620672232,0.4369598917915966,False
fop,EDP2,1.6GHz,1600.0,1.5x,1.5,27,0.1806275679788469,0.1444321351242915,0.2190999399764565,False
fop,EDP2,1.6GHz,1600.0,2x,2.0,36,0.1439529459230358,0.1288005236488748,0.157797468915689,True
fop,EDP2,1.6GHz,1600.0,2.5x,2.5,45,0.1503312796508228,0.1266145842121421,0.1752999115906735,True
fop,EDP2,1.6GHz,1600.0,3x,3.0,54,0.15128022739506,0.119290074214121,0.1951097861408411,True
fop,EDP2,2.0GHz,2000.0,1x,1.0,18,0.4129679453470296,0.3196541850380903,0.520291290702018,False
fop,EDP2,2.0GHz,2000.0,1.5x,1.5,27,0.1546160249709628,0.1139035581189262,0.2024914389730668,True
fop,EDP2,2.0GHz,2000.0,2x,2.0,36,0.1324175814703695,0.1152083214958662,0.1499695025419445,True
fop,EDP2,2.0GHz,2000.0,2.5x,2.5,45,0.1173617742946236,0.1015221241435122,0.1312336654741466,True
fop,EDP2,2.0GHz,2000.0,3x,3.0,54,0.1390730213086703,0.11850779581591,0.162609784750371,True
fop,EDP2,2.4GHz,2400.0,1x,1.0,18,0.3610651895012013,0.306772895419998,0.4257163940583519,False
fop,EDP2,2.4GHz,2400.0,1.5x,1.5,27,0.1722119907993609,0.1344023486122929,0.2153100363569986,False
fop,EDP2,2.4GHz,2400.0,2x,2.0,36,0.1399612954232642,0.1038051675909086,0.1860313435188898,True
fop,EDP2,2.4GHz,2400.0,2.5x,2.5,45,0.1427370417298298,0.1134023797221821,0.1790174156616068,True
fop,EDP2,2.4GHz,2400.0,3x,3.0,54,0.1556452146592669,0.1256790468744604,0.1959412734146927,True
fop,EDP2,2.7GHz,2700.0,1x,1.0,18,0.4047686130688698,0.3386365279455494,0.4810550249911897,False
fop,EDP2,2.7GHz,2700.0,1.5x,1.5,27,0.137841702317691,0.1155419288222079,0.1667474126132284,True
fop,EDP2,2.7GHz,2700.0,2x,2.0,36,0.1139010050476665,0.0926635228565322,0.1327651672492168,True
fop,EDP2,2.7GHz,2700.0,2.5x,2.5,45,0.1570860009728976,0.1147866797343738,0.2050872816675057,True
fop,EDP2,2.7GHz,2700.0,3x,3.0,54,0.1370852249984275,0.1157055420510583,0.1647496701056933,True
graphchi,Energy,400MHz,400.0,1x,1.0,141,28.99542229999999,27.78693238750001,30.02891436,False
graphchi,Energy,400MHz,400.0,2x,2.0,282,11.894927999999998,11.60208982,12.2789845975,False
graphchi,Energy,400MHz,400.0,3x,3.0,423,10.9005188,10.786260235,11.008051425,False
graphchi,Energy,400MHz,400.0,4x,4.0,564,9.9969728,9.8641873925,10.1404716175,False
graphchi,Energy,400MHz,400.0,5x,5.0,705,9.9536988,9.854540895,10.069338600000002,False
graphchi,Energy,400MHz,400.0,6x,6.0,846,9.9619506,9.8626064,10.06878818,False
graphchi,Energy,800MHz,800.0,1x,1.0,141,17.2740659,16.787376172499997,17.790148539999997,False
graphchi,Energy,800MHz,800.0,2x,2.0,282,6.829308899999999,6.7916404875,6.8738241925,False
graphchi,Energy,800MHz,800.0,3x,3.0,423,6.1043946,6.073563515,6.135920072499999,False
graphchi,Energy,800MHz,800.0,4x,4.0,564,5.6278258999999995,5.5969175475,5.6613398475,False
graphchi,Energy,800MHz,800.0,5x,5.0,705,5.5814025,5.5613303300000005,5.6052256575,False
graphchi,Energy,800MHz,800.0,6x,6.0,846,5.5863893,5.5605962,5.6109256599999995,False
graphchi,Energy,1.2GHz,1200.0,1x,1.0,141,13.7373473,13.1629950725,14.2912463725,False
graphchi,Energy,1.2GHz,1200.0,2x,2.0,282,5.2147581,5.196764655,5.2358597325,False
graphchi,Energy,1.2GHz,1200.0,3x,3.0,423,4.6555722,4.63425204,4.6762451425,False
graphchi,Energy,1.2GHz,1200.0,4x,4.0,564,4.3479063,4.3037445524999995,4.386970175,False
graphchi,Energy,1.2GHz,1200.0,5x,5.0,705,4.3022646,4.2641072724999995,4.3491238025,False
graphchi,Energy,1.2GHz,1200.0,6x,6.0,846,4.3036313,4.27581552,4.33899007,False
graphchi,Energy,1.6GHz,1600.0,1x,1.0,141,23.730597,23.008156705,24.43042456,False
graphchi,Energy,1.6GHz,1600.0,2x,2.0,282,8.489581300000001,8.450658265,8.5259468575,False
graphchi,Energy,1.6GHz,1600.0,3x,3.0,423,7.956903,7.927580934999999,7.993532384999999,False
graphchi,Energy,1.6GHz,1600.0,4x,4.0,564,7.947192200000001,7.914729175,7.978387112500001,False
graphchi,Energy,1.6GHz,1600.0,5x,5.0,705,7.9473204,7.902479564999999,8.0050724075,False
graphchi,Energy,1.6GHz,1600.0,6x,6.0,846,7.9206054,7.898321094999998,7.9455581275,False
graphchi,Energy,1.8GHz,1800.0,1x,1.0,141,13.2074708,12.8704371675,13.4898996675,False
graphchi,Energy,1.8GHz,1800.0,2x,2.0,282,4.445922899999999,4.4274981725,4.469032477500001,False
graphchi,Energy,1.8GHz,1800.0,3x,3.0,423,3.9558715,3.931134399999999,3.981065277499999,False
graphchi,Energy,1.8GHz,1800.0,4x,4.0,564,3.7569334,3.7385109075,3.777154602500001,True
graphchi,Energy,1.8GHz,1800.0,5x,5.0,705,3.7235289,3.7029939125,3.7475326775,True
graphchi,Energy,1.8GHz,1800.0,6x,6.0,846,3.7377318,3.714432815,3.76142107,True
graphchi,Energy,2.0GHz,2000.0,1x,1.0,141,14.2805115,13.842981302500002,14.7096113175,False
graphchi,Energy,2.0GHz,2000.0,2x,2.0,282,4.4780212,4.460678505,4.49634019,False
graphchi,Energy,2.0GHz,2000.0,3x,3.0,423,3.836438,3.772404715,3.91012216,False
graphchi,Energy,2.0GHz,2000.0,4x,4.0,564,3.7840272000000006,3.75973317,3.8033021,False
graphchi,Energy,2.0GHz,2000.0,5x,5.0,705,3.741864300000001,3.7202436675,3.7632758025,True
graphchi,Energy,2.0GHz,2000.0,6x,6.0,846,3.773345999999999,3.75188874,3.796364905,False
graphchi,Energy,2.4GHz,2400.0,1x,1.0,141,17.0900758,16.1410309775,18.660111347500003,False
graphchi,Energy,2.4GHz,2400.0,2x,2.0,282,4.7328371,4.611924665,4.9087515625,False
graphchi,Energy,2.4GHz,2400.0,3x,3.0,423,3.9467165,3.9361565824999993,3.9594980075,False
graphchi,Energy,2.4GHz,2400.0,4x,4.0,564,3.9199768,3.9023838975,3.937825535,False
graphchi,Energy,2.4GHz,2400.0,5x,5.0,705,3.9512818999999992,3.9166010875,3.988886825,False
graphchi,Energy,2.4GHz,2400.0,6x,6.0,846,3.9254211,3.897793604999999,3.9500461575,False
graphchi,Energy,2.7GHz,2700.0,1x,1.0,141,18.4136232,17.8273152575,19.015205135,False
graphchi,Energy,2.7GHz,2700.0,2x,2.0,282,4.7567870999999995,4.7297863174999994,4.788462475,False
graphchi,Energy,2.7GHz,2700.0,3x,3.0,423,4.1598632,4.133657997499999,4.1882950675,False
graphchi,Energy,2.7GHz,2700.0,4x,4.0,564,4.1632568,4.144137452500001,4.1865816525,False
graphchi,Energy,2.7GHz,2700.0,5x,5.0,705,4.1357971,4.115376930000001,4.1602444,False
graphchi,Energy,2.7GHz,2700.0,6x,6.0,846,5.561401200000001,4.1133358525,8.422306265000001,False
graphchi,Time,400MHz,400.0,1x,1.0,141,15987.8,15416.7775,16500.717500000002,False
graphchi,Time,400MHz,400.0,2x,2.0,282,6018.2,5961.495,6092.535,False
graphchi,Time,400MHz,400.0,3x,3.0,423,5581.9,5556.795,5611.0075,False
graphchi,Time,400MHz,400.0,4x,4.0,564,5538.5,5517.88,5558.902499999999,False
graphchi,Time,400MHz,400.0,5x,5.0,705,5531.1,5509.3949999999995,5552.2,False
graphchi,Time,400MHz,400.0,6x,6.0,846,5531.5,5515.19,5549.4,False
graphchi,Time,800MHz,800.0,1x,1.0,141,8406.0,8153.6175,8657.54,False
graphchi,Time,800MHz,800.0,2x,2.0,282,3082.0,3069.1975,3094.5,False
graphchi,Time,800MHz,800.0,3x,3.0,423,2789.9,2778.8,2800.6075,False
graphchi,Time,800MHz,800.0,4x,4.0,564,2772.0,2761.0975,2783.4,False
graphchi,Time,800MHz,800.0,5x,5.0,705,2753.4,2747.5975,2760.4025,False
graphchi,Time,800MHz,800.0,6x,6.0,846,2749.8,2743.1,2756.8025,False
graphchi,Time,1.2GHz,1200.0,1x,1.0,141,5724.9,5487.12,5937.1475,False
graphchi,Time,1.2GHz,1200.0,2x,2.0,282,2052.3,2048.2,2056.3,False
graphchi,Time,1.2GHz,1200.0,3x,3.0,423,1845.5,1839.6,1852.3,False
graphchi,Time,1.2GHz,1200.0,4x,4.0,564,1836.2,1829.0,1843.4025,False
graphchi,Time,1.2GHz,1200.0,5x,5.0,705,1828.6,1822.1,1834.8,False
graphchi,Time,1.2GHz,1200.0,6x,6.0,846,1831.5,1828.0,1834.8,False
graphchi,Time,1.6GHz,1600.0,1x,1.0,141,8080.9,7835.6725,8308.6675,False
graphchi,Time,1.6GHz,1600.0,2x,2.0,282,2941.4,2936.4,2946.8025,False
graphchi,Time,1.6GHz,1600.0,3x,3.0,423,2760.3,2755.8975,2765.8,False
graphchi,Time,1.6GHz,1600.0,4x,4.0,564,2759.8,2753.0975,2767.2,False
graphchi,Time,1.6GHz,1600.0,5x,5.0,705,2748.0,2740.7,2755.8,False
graphchi,Time,1.6GHz,1600.0,6x,6.0,846,2750.7,2745.2975,2755.6,False
graphchi,Time,1.8GHz,1800.0,1x,1.0,141,4107.9,4006.375,4196.86,False
graphchi,Time,1.8GHz,1800.0,2x,2.0,282,1377.9,1373.6,1382.5,False
graphchi,Time,1.8GHz,1800.0,3x,3.0,423,1236.9,1232.4,1241.8,False
graphchi,Time,1.8GHz,1800.0,4x,4.0,564,1224.8,1221.7,1228.1,False
graphchi,Time,1.8GHz,1800.0,5x,5.0,705,1216.9,1212.8,1220.6,False
graphchi,Time,1.8GHz,1800.0,6x,6.0,846,1221.0,1216.4975,1225.7,False
graphchi,Time,2.0GHz,2000.0,1x,1.0,141,3857.3,3780.2,3927.34,False
graphchi,Time,2.0GHz,2000.0,2x,2.0,282,1250.2,1246.3975,1253.4025,False
graphchi,Time,2.0GHz,2000.0,3x,3.0,423,1108.4,1103.0975,1114.2025,False
graphchi,Time,2.0GHz,2000.0,4x,4.0,564,1107.1,1102.9975,1110.7,False
graphchi,Time,2.0GHz,2000.0,5x,5.0,705,1098.6,1092.9975,1103.9,False
graphchi,Time,2.0GHz,2000.0,6x,6.0,846,1102.0,1099.4,1104.8025,False
graphchi,Time,2.4GHz,2400.0,1x,1.0,141,3437.8,3379.3925,3493.8025,False
graphchi,Time,2.4GHz,2400.0,2x,2.0,282,1047.7,1040.9,1053.6,False
graphchi,Time,2.4GHz,2400.0,3x,3.0,423,926.9,924.6,929.7,False
graphchi,Time,2.4GHz,2400.0,4x,4.0,564,921.7,919.1,924.8,False
graphchi,Time,2.4GHz,2400.0,5x,5.0,705,922.2,917.9,927.4025,False
graphchi,Time,2.4GHz,2400.0,6x,6.0,846,920.5,916.0,924.8025,False
graphchi,Time,2.7GHz,2700.0,1x,1.0,141,3171.4,3116.0924999999997,3223.3075000000003,False
graphchi,Time,2.7GHz,2700.0,2x,2.0,282,928.5,925.2975,931.6025,False
graphchi,Time,2.7GHz,2700.0,3x,3.0,423,827.3,823.8,831.7,False
graphchi,Time,2.7GHz,2700.0,4x,4.0,564,824.3,821.8,826.8025,True
graphchi,Time,2.7GHz,2700.0,5x,5.0,705,819.5,817.3,821.9,True
graphchi,Time,2.7GHz,2700.0,6x,6.0,846,1820.9,818.9,3822.2,True
graphchi,EDP,400MHz,400.0,1x,1.0,141,465.1934569450999,429.821168795635,495.85016975778,False
graphchi,EDP,400MHz,400.0,2x,2.0,282,71.6351997044,69.264324151785,74.83485706276,False
graphchi,EDP,400MHz,400.0,3x,3.0,423,60.8509911475,59.8921948877175,61.66586897805251,False
graphchi,EDP,400MHz,400.0,4x,4.0,564,55.3727552301,54.4769027203075,56.29463817493,False
graphchi,EDP,400MHz,400.0,5x,5.0,705,55.056670856,54.35651729275,55.77663105871499,False
graphchi,EDP,400MHz,400.0,6x,6.0,846,55.10697662470001,54.4527398798825,55.8050746954625,False
graphchi,EDP,800MHz,800.0,1x,1.0,141,145.57310897229996,136.45298278498498,153.5019468999275,False
graphchi,EDP,800MHz,800.0,2x,2.0,282,21.0487611502,20.871443657704994,21.261867635609995,False
graphchi,EDP,800MHz,800.0,3x,3.0,423,17.0312324541,16.886363493785,17.1662576863325,False
graphchi,EDP,800MHz,800.0,4x,4.0,564,15.6011075543,15.451073492375,15.741253784365004,False
graphchi,EDP,800MHz,800.0,5x,5.0,705,15.3680222243,15.287898717284998,15.460548694425,False
graphchi,EDP,800MHz,800.0,6x,6.0,846,15.3618255499,15.2534930966825,15.464558615982504,False
graphchi,EDP,1.2GHz,1200.0,1x,1.0,141,78.96993914880002,72.41262290899998,84.54872541432,False
graphchi,EDP,1.2GHz,1200.0,2x,2.0,282,10.7023227809,10.6532015566075,10.7569732396225,False
graphchi,EDP,1.2GHz,1200.0,3x,3.0,423,8.592060415099999,8.532666628025,8.649401156839998,False
graphchi,EDP,1.2GHz,1200.0,4x,4.0,564,7.9842088179,7.883171178310001,8.097847428835001,False
graphchi,EDP,1.2GHz,1200.0,5x,5.0,705,7.867524313200001,7.782474108197502,7.97358404616,False
graphchi,EDP,1.2GHz,1200.0,6x,6.0,846,7.882156863600001,7.825688405105,7.958820366315,False
graphchi,EDP,1.6GHz,1600.0,1x,1.0,141,192.2123078172,180.78278922496003,203.372162601255,False
graphchi,EDP,1.6GHz,1600.0,2x,2.0,282,24.9716253085,24.81416329124,25.11090782345,False
graphchi,EDP,1.6GHz,1600.0,3x,3.0,423,21.9637106008,21.85078330018,22.101042353507506,False
graphchi,EDP,1.6GHz,1600.0,4x,4.0,564,21.9331015041,21.803468058982503,22.06756522258,False
graphchi,EDP,1.6GHz,1600.0,5x,5.0,705,21.839869919899996,21.67821102845,22.05120865352,False
graphchi,EDP,1.6GHz,1600.0,6x,6.0,846,21.7873962151,21.689664527982504,21.885248430737494,False
graphchi,EDP,1.8GHz,1800.0,1x,1.0,141,54.336489324,51.586484532277495,56.89304684749251,False
graphchi,EDP,1.8GHz,1800.0,2x,2.0,282,6.126249168799999,6.082136697905001,6.17597201698,False
graphchi,EDP,1.8GHz,1800.0,3x,3.0,423,4.8931934826,4.8502832884450005,4.93705438456,False
graphchi,EDP,1.8GHz,1800.0,4x,4.0,564,4.6015946775,4.56453107914,4.6331894032125005,False
graphchi,EDP,1.8GHz,1800.0,5x,5.0,705,4.5313803746,4.4925818844025,4.57572980931,False
graphchi,EDP,1.8GHz,1800.0,6x,6.0,846,4.563984034300001,4.522101722945,4.6071721349975014,False
graphchi,EDP,2.0GHz,2000.0,1x,1.0,141,55.1616775733,52.51400084152,57.77087336041,False
graphchi,EDP,2.0GHz,2000.0,2x,2.0,282,5.5985540271,5.558353224705001,5.6309408115125,False
graphchi,EDP,2.0GHz,2000.0,3x,3.0,423,4.2532871273,4.1620248127625,4.354649133115,False
graphchi,EDP,2.0GHz,2000.0,4x,4.0,564,4.189456105700001,4.146543088940001,4.218868113570001,False
graphchi,EDP,2.0GHz,2000.0,5x,5.0,705,4.1110453545,4.0658064604875,4.1502901925249995,False
graphchi,EDP,2.0GHz,2000.0,6x,6.0,846,4.158291386099999,4.127468061605,4.190941747825001,False
graphchi,EDP,2.4GHz,2400.0,1x,1.0,141,58.818768451300016,54.5584389387675,64.98515346286251,False
graphchi,EDP,2.4GHz,2400.0,2x,2.0,282,4.960467577000001,4.8082790154975,5.1779717314675,False
graphchi,EDP,2.4GHz,2400.0,3x,3.0,423,3.658281836000001,3.6392898759675,3.6811168331425,False
graphchi,EDP,2.4GHz,2400.0,4x,4.0,564,3.6131672902000007,3.586372910487501,3.64050769708,False
graphchi,EDP,2.4GHz,2400.0,5x,5.0,705,3.6442673058,3.59788455918,3.699826085455,False
graphchi,EDP,2.4GHz,2400.0,6x,6.0,846,3.6136196512,3.5725600064700003,3.6520233840625,False
graphchi,EDP,2.7GHz,2700.0,1x,1.0,141,58.4347447481,56.0855669136975,61.1102322451225,False
graphchi,EDP,2.7GHz,2700.0,2x,2.0,282,4.416817142899999,4.381966899975001,4.456251677205001,False
graphchi,EDP,2.7GHz,2700.0,3x,3.0,423,3.4417110721,3.40756319955,3.48306202051,True
graphchi,EDP,2.7GHz,2700.0,4x,4.0,564,3.4318717591000003,3.4054741258725003,3.45654653221,True
graphchi,EDP,2.7GHz,2700.0,5x,5.0,705,3.3893733362999994,3.3654985091549996,3.414010074715,True
graphchi,EDP,2.7GHz,2700.0,6x,6.0,846,22.954959067300003,3.37194849978,62.0823851531725,True
graphchi,EDP2,400MHz,400.0,1x,1.0,141,13583.27250720317,12068.490334413043,14858.466486018311,False
graphchi,EDP2,400MHz,400.0,2x,2.0,282,854.7227874597911,805.5436705283655,921.3580568373068,False
graphchi,EDP2,400MHz,400.0,3x,3.0,423,663.5708651615126,645.6198753845566,681.020513065794,False
graphchi,EDP2,400MHz,400.0,4x,4.0,564,553.8837322211416,536.6550305791005,570.4587173702822,False
graphchi,EDP2,400MHz,400.0,5x,5.0,705,548.2169747176682,536.590136072889,561.2501692610887,False
graphchi,EDP2,400MHz,400.0,6x,6.0,846,549.1582952431193,537.7018133783762,561.5652478119697,False
graphchi,EDP2,800MHz,800.0,1x,1.0,141,2527.0125547496564,2262.5887214986437,2734.07622944039,False
graphchi,EDP2,800MHz,800.0,2x,2.0,282,143.76757866203974,141.77437923986,145.8601308876822,False
graphchi,EDP2,800MHz,800.0,3x,3.0,423,103.97658903734116,102.53160011402755,105.3757638445846,False
graphchi,EDP2,800MHz,800.0,4x,4.0,564,87.81266186516771,86.51956403294544,89.12124537404576,False
graphchi,EDP2,800MHz,800.0,5x,5.0,705,85.77980354562223,85.04544662104523,86.63721270788805,False
graphchi,EDP2,800MHz,800.0,6x,6.0,846,85.82402303470715,84.8937539908636,86.82627132623426,False
graphchi,EDP2,1.2GHz,1200.0,1x,1.0,141,1093.8122031930047,960.3473210621383,1215.5293564545127,False
graphchi,EDP2,1.2GHz,1200.0,2x,2.0,282,55.812514118642206,55.38869583660584,56.31090748897264,False
graphchi,EDP2,1.2GHz,1200.0,3x,3.0,423,40.00404324565991,39.52354519165704,40.417242701369375,False
graphchi,EDP2,1.2GHz,1200.0,4x,4.0,564,34.72542270450068,33.95504045254717,35.470975317143136,False
graphchi,EDP2,1.2GHz,1200.0,5x,5.0,705,33.85856245187274,33.19731888164267,34.68648907378933,False
graphchi,EDP2,1.2GHz,1200.0,6x,6.0,846,33.92722232594931,33.488278991986235,34.46486904914053,False
graphchi,EDP2,1.6GHz,1600.0,1x,1.0,141,4582.618324548731,4169.991898968497,4988.199758080407,False
graphchi,EDP2,1.6GHz,1600.0,2x,2.0,282,212.0134575819496,209.79482522798,214.12038905560289,False
graphchi,EDP2,1.6GHz,1600.0,3x,3.0,423,174.77333373996737,173.26879994476377,176.56459707617915,False
graphchi,EDP2,1.6GHz,1600.0,4x,4.0,564,174.3177563795834,172.50820755257473,176.1027323345411,False
graphchi,EDP2,1.6GHz,1600.0,5x,5.0,705,173.5902483863479,171.33276959783169,176.21413901073055,False
graphchi,EDP2,1.6GHz,1600.0,6x,6.0,846,172.57492964265035,171.28656431062305,173.8816727077516,False
graphchi,EDP2,1.8GHz,1800.0,1x,1.0,141,719.7736737542615,667.7482852226725,769.692830494352,False
graphchi,EDP2,1.8GHz,1800.0,2x,2.0,282,27.239354867901255,26.935899391254907,27.614923741611943,False
graphchi,EDP2,1.8GHz,1800.0,3x,3.0,423,19.35941433187282,19.07971358685309,19.64440387877142,False
graphchi,EDP2,1.8GHz,1800.0,4x,4.0,564,17.289551691671072,17.07118791695585,17.50897285382277,False
graphchi,EDP2,1.8GHz,1800.0,5x,5.0,705,16.875108640720306,16.623235401128902,17.139777424000787,False
graphchi,EDP2,1.8GHz,1800.0,6x,6.0,846,17.06141661593165,16.801248308213307,17.315794110851026,False
graphchi,EDP2,2.0GHz,2000.0,1x,1.0,141,790.8149607162011,735.1993465309356,848.3064196873502,False
graphchi,EDP2,2.0GHz,2000.0,2x,2.0,282,25.071983233541257,24.804595443377416,25.311660446007984,False
graphchi,EDP2,2.0GHz,2000.0,3x,3.0,423,16.33536588645559,15.68066674905469,17.005083598735474,False
graphchi,EDP2,2.0GHz,2000.0,4x,4.0,564,15.85490949326906,15.599529662259089,16.03759268248164,False
graphchi,EDP2,2.0GHz,2000.0,5x,5.0,705,15.385161458785172,15.14515802385011,15.6197086070207,False
graphchi,EDP2,2.0GHz,2000.0,6x,6.0,846,15.692408447379057,15.506539969340588,15.915028307159142,False
graphchi,EDP2,2.4GHz,2400.0,1x,1.0,141,1024.6660188527792,878.5085690438137,1239.625497809374,False
graphchi,EDP2,2.4GHz,2400.0,2x,2.0,282,23.54683883486184,22.164793224607212,25.28177683844465,False
graphchi,EDP2,2.4GHz,2400.0,3x,3.0,423,14.438797011964564,14.324032089393947,14.56236705238308,False
graphchi,EDP2,2.4GHz,2400.0,4x,4.0,564,14.164753598187923,13.994465032603111,14.33405253289282,True
graphchi,EDP2,2.4GHz,2400.0,5x,5.0,705,14.404355432683465,14.10150209830472,14.748106698175668,True
graphchi,EDP2,2.4GHz,2400.0,6x,6.0,846,14.187633733736613,13.952888055565106,14.430171347350102,True
graphchi,EDP2,2.7GHz,2700.0,1x,1.0,141,1079.598324918539,996.884796674154,1162.5612446676023,False
graphchi,EDP2,2.7GHz,2700.0,2x,2.0,282,21.012498557411327,20.74325230589892,21.305015713182403,False
graphchi,EDP2,2.7GHz,2700.0,3x,3.0,423,14.319728656553448,14.107426327356604,14.59695511631844,True
graphchi,EDP2,2.7GHz,2700.0,4x,4.0,564,14.289131006901188,14.122766982029916,14.470654296842794,True
graphchi,EDP2,2.7GHz,2700.0,5x,5.0,705,14.019310964599857,13.851301560260854,14.222390009019268,True
graphchi,EDP2,2.7GHz,2700.0,6x,6.0,846,378.5253621151886,13.85906426147867,1107.5851533798734,True
h2,Energy,400MHz,400.0,1x,1.0,69,7.9459777,7.719730627500001,8.1908889,False
h2,Energy,400MHz,400.0,2x,2.0,138,4.4821290000000005,4.2912784025,4.7126117275,False
h2,Energy,400MHz,400.0,3x,3.0,207,4.585406600000001,4.35349435,4.758784134999999,False
h2,Energy,400MHz,400.0,4x,4.0,276,4.6883056000000005,4.5676366575000005,4.7875002175,False
h2,Energy,400MHz,400.0,5x,5.0,345,3.8832214,3.6720763525,4.0764806675,False
h2,Energy,400MHz,400.0,6x,6.0,414,3.9817199000000008,3.9194354725,4.049385132499999,False
h2,Energy,800MHz,800.0,1x,1.0,69,4.206042399999999,4.066658207500001,4.3481883275,False
h2,Energy,800MHz,800.0,2x,2.0,138,2.768744,2.588995945,2.9320940925000003,False
h2,Energy,800MHz,800.0,3x,3.0,207,2.9039304,2.8393252424999997,2.9899153,False
h2,Energy,800MHz,800.0,4x,4.0,276,3.1208985,2.9245246074999995,3.3660330650000003,False
h2,Energy,800MHz,800.0,5x,5.0,345,2.2418763,2.1656181725000003,2.325671565,False
h2,Energy,800MHz,800.0,6x,6.0,414,2.2956723,2.2124321950000003,2.38859901,False
h2,Energy,1.2GHz,1200.0,1x,1.0,69,3.2907960000000003,3.0455965975,3.4577579725,False
h2,Energy,1.2GHz,1200.0,2x,2.0,138,1.7564148000000004,1.7267988774999996,1.7891571525,False
h2,Energy,1.2GHz,1200.0,3x,3.0,207,2.1436521999999996,1.98810325,2.285478595,False
h2,Energy,1.2GHz,1200.0,4x,4.0,276,2.4482850000000003,2.3366285625,2.6123364099999997,False
h2,Energy,1.2GHz,1200.0,5x,5.0,345,1.7378294,1.6659516874999998,1.806642305,False
h2,Energy,1.2GHz,1200.0,6x,6.0,414,1.7544677,1.6791574125000002,1.8349045275,False
h2,Energy,1.6GHz,1600.0,1x,1.0,69,4.1501831,4.0144069025,4.269390187499999,False
h2,Energy,1.6GHz,1600.0,2x,2.0,138,2.3316773,2.3041344374999992,2.3563663100000003,False
h2,Energy,1.6GHz,1600.0,3x,3.0,207,2.3963685000000003,2.3415145250000005,2.4405441225,False
h2,Energy,1.6GHz,1600.0,4x,4.0,276,2.3481995,2.3286776524999997,2.3674045025,False
h2,Energy,1.6GHz,1600.0,5x,5.0,345,2.3571107,2.2745637525,2.42776084,False
h2,Energy,1.6GHz,1600.0,6x,6.0,414,2.3986571000000003,2.3531142175000004,2.4425919350000003,False
h2,Energy,1.8GHz,1800.0,1x,1.0,69,2.9407105,2.6880386025,3.1108595224999993,False
h2,Energy,1.8GHz,1800.0,2x,2.0,138,2.0507019000000004,1.9206105125,2.136360095000001,False
h2,Energy,1.8GHz,1800.0,3x,3.0,207,1.5892944999999998,1.5344184899999995,1.6549258649999998,True
h2,Energy,1.8GHz,1800.0,4x,4.0,276,2.0913695999999997,2.0607063125,2.1281267275,False
h2,Energy,1.8GHz,1800.0,5x,5.0,345,1.6076048,1.5494010324999998,1.67921796,True
h2,Energy,1.8GHz,1800.0,6x,6.0,414,1.5844605,1.5238734825,1.6422329525,True
h2,Energy,2.0GHz,2000.0,1x,1.0,69,3.1813903999999997,3.1279054925,3.2447816525,False
h2,Energy,2.0GHz,2000.0,2x,2.0,138,2.0998291,2.0371088425,2.1693568425000005,False
h2,Energy,2.0GHz,2000.0,3x,3.0,207,1.8152954,1.6331079475000003,2.014783615,True
h2,Energy,2.0GHz,2000.0,4x,4.0,276,2.1109374999999995,2.0678698275,2.159179705,False
h2,Energy,2.0GHz,2000.0,5x,5.0,345,1.6097837,1.567423675,1.65400854,True
h2,Energy,2.0GHz,2000.0,6x,6.0,414,1.6054993999999998,1.5747324225,1.6324283000000002,True
h2,Energy,2.4GHz,2400.0,1x,1.0,69,3.4085391,3.3209974325,3.4934986875000003,False
h2,Energy,2.4GHz,2400.0,2x,2.0,138,2.1411746000000003,2.0488738274999996,2.2121094425000005,False
h2,Energy,2.4GHz,2400.0,3x,3.0,207,2.2423583,2.1879511849999997,2.3017764225,False
h2,Energy,2.4GHz,2400.0,4x,4.0,276,2.2566346000000004,2.203988545,2.3190605924999996,False
h2,Energy,2.4GHz,2400.0,5x,5.0,345,1.6674255000000002,1.58781168,1.72926667,True
h2,Energy,2.4GHz,2400.0,6x,6.0,414,1.6466919,1.5839706125,1.694776885,True
h2,Energy,2.7GHz,2700.0,1x,1.0,69,3.4591554,3.1697631174999996,3.6563297575,False
h2,Energy,2.7GHz,2700.0,2x,2.0,138,2.3259523,2.16528349,2.5026868299999996,False
h2,Energy,2.7GHz,2700.0,3x,3.0,207,2.3538696000000003,2.2983124975,2.4224521224999997,False
h2,Energy,2.7GHz,2700.0,4x,4.0,276,2.1007813,1.925738855,2.2717803075,False
h2,Energy,2.7GHz,2700.0,5x,5.0,345,1.8500366,1.8195666724999997,1.8796965425,False
h2,Energy,2.7GHz,2700.0,6x,6.0,414,1.8043031,1.7398168174999995,1.86532062,False
h2,Time,400MHz,400.0,1x,1.0,69,4085.9,4002.5775,4153.5,False
h2,Time,400MHz,400.0,2x,2.0,138,2110.9,2035.6925,2181.5025,False
h2,Time,400MHz,400.0,3x,3.0,207,2120.8,2006.9775,2193.21,False
h2,Time,400MHz,400.0,4x,4.0,276,2179.1,2130.1749999999997,2218.3025,False
h2,Time,400MHz,400.0,5x,5.0,345,2073.8,1971.66,2166.6,False
h2,Time,400MHz,400.0,6x,6.0,414,2148.7,2112.9975,2190.9225,False
h2,Time,800MHz,800.0,1x,1.0,69,1990.1,1920.4825,2052.51,False
h2,Time,800MHz,800.0,2x,2.0,138,1122.0,1089.1875,1155.12,False
h2,Time,800MHz,800.0,3x,3.0,207,1141.8,1113.1,1176.5025,False
h2,Time,800MHz,800.0,4x,4.0,276,1179.8,1119.7,1260.7025,False
h2,Time,800MHz,800.0,5x,5.0,345,1059.2,1021.4,1099.51,False
h2,Time,800MHz,800.0,6x,6.0,414,1078.7,1044.1925,1117.71,False
h2,Time,1.2GHz,1200.0,1x,1.0,69,1317.5,1219.185,1386.8375,False
h2,Time,1.2GHz,1200.0,2x,2.0,138,696.7,683.2975,709.3,False
h2,Time,1.2GHz,1200.0,3x,3.0,207,689.2,658.1975,720.1025000000001,False
h2,Time,1.2GHz,1200.0,4x,4.0,276,753.5,731.89,777.3225,False
h2,Time,1.2GHz,1200.0,5x,5.0,345,685.0,657.0975,708.6025000000001,False
h2,Time,1.2GHz,1200.0,6x,6.0,414,671.3,653.1975,686.6,False
h2,Time,1.6GHz,1600.0,1x,1.0,69,1381.4,1339.9,1418.105,False
h2,Time,1.6GHz,1600.0,2x,2.0,138,771.5,763.8974999999999,779.1025000000001,False
h2,Time,1.6GHz,1600.0,3x,3.0,207,786.5,771.7975,801.1025000000001,False
h2,Time,1.6GHz,1600.0,4x,4.0,276,776.3,767.8974999999999,784.3025,False
h2,Time,1.6GHz,1600.0,5x,5.0,345,779.3,755.39,801.8149999999999,False
h2,Time,1.6GHz,1600.0,6x,6.0,414,785.2,773.3,797.4,False
h2,Time,1.8GHz,1800.0,1x,1.0,69,885.7,811.69,933.805,False
h2,Time,1.8GHz,1800.0,2x,2.0,138,500.7,486.6,514.5025,False
h2,Time,1.8GHz,1800.0,3x,3.0,207,464.3,451.595,476.6,False
h2,Time,1.8GHz,1800.0,4x,4.0,276,493.6,488.1,498.8,False
h2,Time,1.8GHz,1800.0,5x,5.0,345,473.1,454.2,493.8025,False
h2,Time,1.8GHz,1800.0,6x,6.0,414,466.6,449.9,486.0025,False
h2,Time,2.0GHz,2000.0,1x,1.0,69,846.2,834.9,859.5025,False
h2,Time,2.0GHz,2000.0,2x,2.0,138,448.4,434.2,462.7025,False
h2,Time,2.0GHz,2000.0,3x,3.0,207,431.4,415.8975,447.5,False
h2,Time,2.0GHz,2000.0,4x,4.0,276,450.8,441.6975,460.4025,False
h2,Time,2.0GHz,2000.0,5x,5.0,345,419.7,409.0,429.6,False
h2,Time,2.0GHz,2000.0,6x,6.0,414,421.2,413.6975,428.105,False
h2,Time,2.4GHz,2400.0,1x,1.0,69,709.1,689.1975,724.6025000000001,False
h2,Time,2.4GHz,2400.0,2x,2.0,138,364.8,349.7,376.2,False
h2,Time,2.4GHz,2400.0,3x,3.0,207,380.6,371.0975,391.4,False
h2,Time,2.4GHz,2400.0,4x,4.0,276,386.2,376.6,397.1025,False
h2,Time,2.4GHz,2400.0,5x,5.0,345,343.0,325.995,355.8025,False
h2,Time,2.4GHz,2400.0,6x,6.0,414,341.8,331.6,350.6025,False
h2,Time,2.7GHz,2700.0,1x,1.0,69,607.3,558.29,640.4025,False
h2,Time,2.7GHz,2700.0,2x,2.0,138,328.7,309.5975,345.8,True
h2,Time,2.7GHz,2700.0,3x,3.0,207,340.3,331.8975,349.3025,False
h2,Time,2.7GHz,2700.0,4x,4.0,276,330.3,318.195,341.90999999999997,False
h2,Time,2.7GHz,2700.0,5x,5.0,345,319.1,314.3975,324.6,True
h2,Time,2.7GHz,2700.0,6x,6.0,414,309.8,300.6975,317.5025,True
h2,EDP,400MHz,400.0,1x,1.0,69,32.470409074399996,31.350231812505005,33.7953014853475,False
h2,EDP,400MHz,400.0,2x,2.0,138,9.5000919224,8.7590124304125,10.350306390939998,False
h2,EDP,400MHz,400.0,3x,3.0,207,9.776740861300002,8.778888615622503,10.427825210935,False
h2,EDP,400MHz,400.0,4x,4.0,276,10.227838319,9.8032118144175,10.62223005314,False
h2,EDP,400MHz,400.0,5x,5.0,345,8.1019391324,7.303954111695001,8.782187929412498,False
h2,EDP,400MHz,400.0,6x,6.0,414,8.561340790500001,8.276148836037498,8.842583065982502,False
h2,EDP,800MHz,800.0,1x,1.0,69,8.394431056199998,7.8448332180675,8.9735755239375,False
h2,EDP,800MHz,800.0,2x,2.0,138,3.1188441408000003,2.8406632069349995,3.3940663265324997,False
h2,EDP,800MHz,800.0,3x,3.0,207,3.321299966,3.16300543601,3.5214283762575,False
h2,EDP,800MHz,800.0,4x,4.0,276,3.7221175092,3.273637129935,4.297169861524999,False
h2,EDP,800MHz,800.0,5x,5.0,345,2.3826146706,2.2231936501100003,2.5815510921774996,False
h2,EDP,800MHz,800.0,6x,6.0,414,2.4848747126000004,2.3225388554599995,2.6756147484099997,False
h2,EDP,1.2GHz,1200.0,1x,1.0,69,4.3856430523,3.7554745768350006,4.803293009505,False
h2,EDP,1.2GHz,1200.0,2x,2.0,138,1.2245559244,1.1833962808025,1.270087430915,False
h2,EDP,1.2GHz,1200.0,3x,3.0,207,1.4869911723999998,1.3145336229574998,1.65117995749,False
h2,EDP,1.2GHz,1200.0,4x,4.0,276,1.8518037923999997,1.7108737357625,2.0391673797975,False
h2,EDP,1.2GHz,1200.0,5x,5.0,345,1.195275379,1.0997174664500002,1.297415834955,False
h2,EDP,1.2GHz,1200.0,6x,6.0,414,1.1780715485000002,1.114048091525,1.2309785824975,False
h2,EDP,1.6GHz,1600.0,1x,1.0,69,5.746331436699999,5.40628623637,6.057536155637499,False
h2,EDP,1.6GHz,1600.0,2x,2.0,138,1.7992902711999998,1.7621637343925,1.8324760059500005,False
h2,EDP,1.6GHz,1600.0,3x,3.0,207,1.8864942417,1.8112687370075,1.9574172288925,False
h2,EDP,1.6GHz,1600.0,4x,4.0,276,1.8233150561,1.79097663551,1.8566258075125,False
h2,EDP,1.6GHz,1600.0,5x,5.0,345,1.8413343121,1.7293127985350003,1.9370115874625,False
h2,EDP,1.6GHz,1600.0,6x,6.0,414,1.8848080462,1.8241500797075,1.9483910437475,False
h2,EDP,1.8GHz,1800.0,1x,1.0,69,2.6440325719999995,2.2557897471825004,2.9116607154075003,False
h2,EDP,1.8GHz,1800.0,2x,2.0,138,1.0302535944,0.9446295851975,1.0993828687375002,False
h2,EDP,1.8GHz,1800.0,3x,3.0,207,0.7398514338,0.6932289835600002,0.7853272200575,False
h2,EDP,1.8GHz,1800.0,4x,4.0,276,1.0326978816,1.0064265791,1.0608564509375,False
h2,EDP,1.8GHz,1800.0,5x,5.0,345,0.7639425688000001,0.7049543772625001,0.82996663473,False
h2,EDP,1.8GHz,1800.0,6x,6.0,414,0.7417285133999999,0.691682074635,0.7998766731224999,False
h2,EDP,2.0GHz,2000.0,1x,1.0,69,2.6938638807,2.6135126374449995,2.788445033975,False
h2,EDP,2.0GHz,2000.0,2x,2.0,138,0.944125237,0.8869451813450001,1.0125014516050002,False
h2,EDP,2.0GHz,2000.0,3x,3.0,207,0.7902936423,0.6888303657149999,0.9025180484425,False
h2,EDP,2.0GHz,2000.0,4x,4.0,276,0.9527292295,0.9141710679675,0.9951610197925,False
h2,EDP,2.0GHz,2000.0,5x,5.0,345,0.6768261237,0.6411547304024999,0.7157922475999999,False
h2,EDP,2.0GHz,2000.0,6x,6.0,414,0.67665179,0.6547275301875001,0.6957354674524999,False
h2,EDP,2.4GHz,2400.0,1x,1.0,69,2.4207845248999997,2.2886135128050005,2.5377517053225,False
h2,EDP,2.4GHz,2400.0,2x,2.0,138,0.7842402181,0.7178099626425001,0.8308281096725002,False
h2,EDP,2.4GHz,2400.0,3x,3.0,207,0.8549529477,0.81226356357,0.90129052399,False
h2,EDP,2.4GHz,2400.0,4x,4.0,276,0.8731620676000003,0.831257990845,0.92145969956,False
h2,EDP,2.4GHz,2400.0,5x,5.0,345,0.5747163881,0.5185873182874999,0.6159715744900001,True
h2,EDP,2.4GHz,2400.0,6x,6.0,414,0.5641837727000001,0.5262763669275,0.5938901699650001,True
h2,EDP,2.7GHz,2700.0,1x,1.0,69,2.1299479182,1.83842662912,2.3538685575724996,False
h2,EDP,2.7GHz,2700.0,2x,2.0,138,0.7716293492999999,0.68340087605,0.8716244351,False
h2,EDP,2.7GHz,2700.0,3x,3.0,207,0.8024706514,0.764507482495,0.8488701760599999,False
h2,EDP,2.7GHz,2700.0,4x,4.0,276,0.6985328788,0.6170626061625001,0.7776727801624999,False
h2,EDP,2.7GHz,2700.0,5x,5.0,345,0.5907449712000001,0.5740309322675001,0.6113578606525001,True
h2,EDP,2.7GHz,2700.0,6x,6.0,414,0.5601471354,0.5261868198449999,0.5899302742400001,True
h2,EDP2,400MHz,400.0,1x,1.0,69,258.6422088772453,243.48246880775693,277.2631876600861,False
h2,EDP2,400MHz,400.0,2x,2.0,138,43.01667528488304,37.75652395854087,49.100530508666374,False
h2,EDP2,400MHz,400.0,3x,3.0,207,45.27809018368916,38.65474437234948,49.59892806560011,False
h2,EDP2,400MHz,400.0,4x,4.0,276,48.07435667047082,44.74065568061115,50.87396640622989,False
h2,EDP2,400MHz,400.0,5x,5.0,345,31.859034344527423,27.620499112212983,36.319570945282614,False
h2,EDP2,400MHz,400.0,6x,6.0,414,34.137321226543534,32.571374624744344,35.99086165648157,False
h2,EDP2,800MHz,800.0,1x,1.0,69,35.510980417999875,32.17194502935253,39.22127777587342,False
h2,EDP2,800MHz,800.0,2x,2.0,138,8.760690598853245,7.406411492848116,9.958238764758445,False
h2,EDP2,800MHz,800.0,3x,3.0,207,9.6772726956376,9.03055590933458,10.538230401205512,False
h2,EDP2,800MHz,800.0,4x,4.0,276,11.930268003262638,9.506822080720468,15.072696875828392,False
h2,EDP2,800MHz,800.0,5x,5.0,345,5.377133928708405,4.84227190150327,6.004697482116872,False
h2,EDP2,800MHz,800.0,6x,6.0,414,5.747755829997708,5.089556686658824,6.45081895852119,False
h2,EDP2,1.2GHz,1200.0,1x,1.0,69,14.72711018899154,12.502835088885458,16.58885956816873,False
h2,EDP2,1.2GHz,1200.0,2x,2.0,138,2.15391534547324,2.047443491117074,2.2670882384304942,False
h2,EDP2,1.2GHz,1200.0,3x,3.0,207,3.2534028428692734,2.6536410984202847,3.7800941996941737,False
h2,EDP2,1.2GHz,1200.0,4x,4.0,276,4.594382613057363,4.0294888378110905,5.39338075189401,False
h2,EDP2,1.2GHz,1200.0,5x,5.0,345,2.0954103283131587,1.8605003140288132,2.3750324037714927,False
h2,EDP2,1.2GHz,1200.0,6x,6.0,414,2.0776438581520735,1.89226234832062,2.2467655432106826,False
h2,EDP2,1.6GHz,1600.0,1x,1.0,69,23.95979011984879,21.710355254253944,26.07249214031215,False
h2,EDP2,1.6GHz,1600.0,2x,2.0,138,4.197621063177796,4.060117673412711,4.3238199799100325,False
h2,EDP2,1.6GHz,1600.0,3x,3.0,207,4.5295641737720524,4.268928334609651,4.775454373191389,False
h2,EDP2,1.6GHz,1600.0,4x,4.0,276,4.283238825216109,4.172468323582893,4.397412172025704,False
h2,EDP2,1.6GHz,1600.0,5x,5.0,345,4.361000280510936,3.922350571194632,4.719892960874104,False
h2,EDP2,1.6GHz,1600.0,6x,6.0,414,4.528294179149161,4.299175229206319,4.764161266276222,False
h2,EDP2,1.8GHz,1800.0,1x,1.0,69,7.980484630886016,6.494602467137373,9.03746587445842,False
h2,EDP2,1.8GHz,1800.0,2x,2.0,138,2.134702001543848,1.8956903634085824,2.3476028808675182,False
h2,EDP2,1.8GHz,1800.0,3x,3.0,207,1.1831479954153885,1.0710736694095522,1.3138285090821975,False
h2,EDP2,1.8GHz,1800.0,4x,4.0,276,2.1622072971321753,2.0787371543982536,2.254099959145623,False
h2,EDP2,1.8GHz,1800.0,5x,5.0,345,1.2389873742117383,1.0848198105268905,1.395012523379605,False
h2,EDP2,1.8GHz,1800.0,6x,6.0,414,1.1832951843501691,1.0670186776185884,1.318942634696634,False
h2,EDP2,2.0GHz,2000.0,1x,1.0,69,8.584050166927579,8.15872271990464,9.02071483442825,False
h2,EDP2,2.0GHz,2000.0,2x,2.0,138,1.993207437306456,1.8098413310255788,2.2066115117164675,False
h2,EDP2,2.0GHz,2000.0,3x,3.0,207,1.485333464144794,1.1671071798158017,1.823587075196225,False
h2,EDP2,2.0GHz,2000.0,4x,4.0,276,2.0160699823077097,1.883424185117672,2.1516741768616297,False
h2,EDP2,2.0GHz,2000.0,5x,5.0,345,1.093712542090155,1.009698710640179,1.1937953869976643,False
h2,EDP2,2.0GHz,2000.0,6x,6.0,414,1.0879128761285304,1.0339713164569098,1.1376176512578808,False
h2,EDP2,2.4GHz,2400.0,1x,1.0,69,8.277744123892134,7.620951650931198,8.81117038383964,False
h2,EDP2,2.4GHz,2400.0,2x,2.0,138,1.691697980394937,1.5089028343591795,1.842419358090135,False
h2,EDP2,2.4GHz,2400.0,3x,3.0,207,1.9239340930335935,1.780446938967642,2.080762101959767,False
h2,EDP2,2.4GHz,2400.0,4x,4.0,276,1.97802943759839,1.8233844204159928,2.1494605811618452,False
h2,EDP2,2.4GHz,2400.0,5x,5.0,345,0.9674206250182342,0.8373922865897027,1.0735237409950746,True
h2,EDP2,2.4GHz,2400.0,6x,6.0,414,0.933799837653288,0.8482198544679529,1.0062101392159282,True
h2,EDP2,2.7GHz,2700.0,1x,1.0,69,7.54603089215845,6.068871091094865,8.615234413781874,False
h2,EDP2,2.7GHz,2700.0,2x,2.0,138,1.8377391659403328,1.4673654737424786,2.213113653624436,False
h2,EDP2,2.7GHz,2700.0,3x,3.0,207,1.8963002404321252,1.7501506145591583,2.081429945647362,False
h2,EDP2,2.7GHz,2700.0,4x,4.0,276,1.5048596159785457,1.1961595034620256,1.803464003633959,False
h2,EDP2,2.7GHz,2700.0,5x,5.0,345,1.094380187786204,1.0420860348460863,1.1528319963211056,False
h2,EDP2,2.7GHz,2700.0,6x,6.0,414,1.015764458082446,0.9200954441905976,1.1108828619681053,True
h2o,Energy,400MHz,400.0,1x,1.0,58,21.0281555,19.4556955325,23.1517739975,False
h2o,Energy,400MHz,400.0,1.5x,1.5,87,16.0421448,15.591108402500002,16.6252990125,False
h2o,Energy,400MHz,400.0,2x,2.0,116,15.824255399999998,15.56527358,16.1239829975,False
h2o,Energy,400MHz,400.0,2.5x,2.5,145,17.396569699999997,14.9378876925,21.1401466575,False
h2o,Energy,400MHz,400.0,3x,3.0,174,16.3305358,14.8004329825,18.2663372075,False
h2o,Energy,800MHz,800.0,1x,1.0,58,11.812787,11.60110146,12.0111515675,False
h2o,Energy,800MHz,800.0,1.5x,1.5,87,11.9927003,10.76920477,13.122698635,False
h2o,Energy,800MHz,800.0,2x,2.0,116,9.2380064,9.1368211225,9.342317499999998,False
h2o,Energy,800MHz,800.0,2.5x,2.5,145,10.0970277,9.314287015,11.185876082499998,False
h2o,Energy,800MHz,800.0,3x,3.0,174,8.569293,8.077157532500001,9.39428939,False
h2o,Energy,1.2GHz,1200.0,1x,1.0,58,10.4303344,9.5243960725,11.39440219,False
h2o,Energy,1.2GHz,1200.0,1.5x,1.5,87,7.461535499999999,7.028699917499999,8.204180880000001,False
h2o,Energy,1.2GHz,1200.0,2x,2.0,116,7.3685057,7.0237930275,7.9335257575,False
h2o,Energy,1.2GHz,1200.0,2.5x,2.5,145,6.582238800000001,6.4220141024999995,6.7691934125,True
h2o,Energy,1.2GHz,1200.0,3x,3.0,174,7.4131473,6.6377793050000005,8.2442934775,False
h2o,Energy,1.6GHz,1600.0,1x,1.0,58,8.2317689,8.1127521225,8.358810312500001,False
h2o,Energy,1.6GHz,1600.0,1.5x,1.5,87,7.937683099999999,6.48058331,9.84671279,False
h2o,Energy,1.6GHz,1600.0,2x,2.0,116,6.9353453,6.1933255425,7.938910572499998,True
h2o,Energy,1.6GHz,1600.0,2.5x,2.5,145,6.9239012,6.217866577500001,7.609944592499999,True
h2o,Energy,1.6GHz,1600.0,3x,3.0,174,5.93949,5.617158299999999,6.460028994999999,True
h2o,Energy,2.0GHz,2000.0,1x,1.0,58,8.8309937,7.999667917500002,9.9325120625,False
h2o,Energy,2.0GHz,2000.0,1.5x,1.5,87,6.8747861,6.3503867775,7.542105,True
h2o,Energy,2.0GHz,2000.0,2x,2.0,116,6.7485108,6.2013173825,7.401554895,True
h2o,Energy,2.0GHz,2000.0,2.5x,2.5,145,6.531005899999999,5.695175652500001,7.852802964999999,True
h2o,Energy,2.0GHz,2000.0,3x,3.0,174,6.8576538,6.0772468575,7.635065184999999,True
h2o,Energy,2.4GHz,2400.0,1x,1.0,58,9.3238769,8.603251482500001,10.10445712,False
h2o,Energy,2.4GHz,2400.0,1.5x,1.5,87,7.2653992,6.6897393675000005,7.978970505,False
h2o,Energy,2.4GHz,2400.0,2x,2.0,116,6.930761799999999,6.4824683,7.44944029,False
h2o,Energy,2.4GHz,2400.0,2.5x,2.5,145,6.3474851999999995,6.214354635,6.448621015,True
h2o,Energy,2.4GHz,2400.0,3x,3.0,174,6.6882019999999995,6.2435010125,7.231716512499999,True
h2o,Energy,2.7GHz,2700.0,1x,1.0,58,9.632556000000005,8.906053924999998,10.6000424,False
h2o,Energy,2.7GHz,2700.0,1.5x,1.5,87,7.1906005,6.795051210000001,7.757446925000002,False
h2o,Energy,2.7GHz,2700.0,2x,2.0,116,7.5830261,6.9122428325,8.3204767425,False
h2o,Energy,2.7GHz,2700.0,2.5x,2.5,145,7.4070497,6.722485147500001,8.156087595,False
h2o,Energy,2.7GHz,2700.0,3x,3.0,174,7.4973877,6.812799865,8.178587784999998,False
h2o,Time,400MHz,400.0,1x,1.0,58,10659.5,9873.1925,11749.705,False
h2o,Time,400MHz,400.0,1.5x,1.5,87,7866.2,7642.09,8163.59,False
h2o,Time,400MHz,400.0,2x,2.0,116,7760.1,7673.49,7855.205,False
h2o,Time,400MHz,400.0,2.5x,2.5,145,8897.7,7702.6725,10739.6675,False
h2o,Time,400MHz,400.0,3x,3.0,174,8551.4,7760.9525,9587.59,False
h2o,Time,800MHz,800.0,1x,1.0,58,5047.8,4944.070000000001,5141.2074999999995,False
h2o,Time,800MHz,800.0,1.5x,1.5,87,5062.4,4518.6,5544.5,False
h2o,Time,800MHz,800.0,2x,2.0,116,3881.7,3833.6975,3930.005,False
h2o,Time,800MHz,800.0,2.5x,2.5,145,4251.7,3936.5875,4629.85,False
h2o,Time,800MHz,800.0,3x,3.0,174,3891.9,3671.6925,4255.3275,False
h2o,Time,1.2GHz,1200.0,1x,1.0,58,3724.7,3397.5975,4077.6125,False
h2o,Time,1.2GHz,1200.0,1.5x,1.5,87,2640.5,2490.1924999999997,2885.62,False
h2o,Time,1.2GHz,1200.0,2x,2.0,116,2622.4,2492.4,2822.485,False
h2o,Time,1.2GHz,1200.0,2.5x,2.5,145,2487.7,2461.0,2512.01,False
h2o,Time,1.2GHz,1200.0,3x,3.0,174,2827.2,2533.4425,3133.115,False
h2o,Time,1.6GHz,1600.0,1x,1.0,58,2493.0,2454.48,2535.1375,False
h2o,Time,1.6GHz,1600.0,1.5x,1.5,87,2433.3,1997.5775,2977.23,False
h2o,Time,1.6GHz,1600.0,2x,2.0,116,2121.9,1882.7825,2475.035,False
h2o,Time,1.6GHz,1600.0,2.5x,2.5,145,2260.8,2035.7875,2488.21,False
h2o,Time,1.6GHz,1600.0,3x,3.0,174,1939.1,1837.8975,2093.64,False
h2o,Time,2.0GHz,2000.0,1x,1.0,58,2156.7,1948.8725,2407.21,False
h2o,Time,2.0GHz,2000.0,1.5x,1.5,87,1692.0,1548.1750000000002,1861.0075,False
h2o,Time,2.0GHz,2000.0,2x,2.0,116,1661.2,1525.19,1836.0625,False
h2o,Time,2.0GHz,2000.0,2.5x,2.5,145,1688.8,1467.3825000000002,2010.24,False
h2o,Time,2.0GHz,2000.0,3x,3.0,174,1779.1,1567.8675,1993.9325,False
h2o,Time,2.4GHz,2400.0,1x,1.0,58,1858.1,1714.8625000000002,2009.31,False
h2o,Time,2.4GHz,2400.0,1.5x,1.5,87,1430.6,1317.0925,1576.9075,True
h2o,Time,2.4GHz,2400.0,2x,2.0,116,1387.5,1294.8875,1509.64,True
h2o,Time,2.4GHz,2400.0,2.5x,2.5,145,1303.5,1273.38,1325.405,True
h2o,Time,2.4GHz,2400.0,3x,3.0,174,1372.5,1277.9975,1483.6174999999998,True
h2o,Time,2.7GHz,2700.0,1x,1.0,58,1636.9,1513.3975,1793.515,False
h2o,Time,2.7GHz,2700.0,1.5x,1.5,87,1217.7,1148.6925,1328.7225,True
h2o,Time,2.7GHz,2700.0,2x,2.0,116,1281.8,1169.7875,1403.3225,True
h2o,Time,2.7GHz,2700.0,2.5x,2.5,145,1292.0,1175.7825,1440.7050000000002,True
h2o,Time,2.7GHz,2700.0,3x,3.0,174,1308.0,1196.4725,1433.9075,True
h2o,EDP,400MHz,400.0,1x,1.0,58,228.6895739678,192.45114171337505,273.94194329983753,False
h2o,EDP,400MHz,400.0,1.5x,1.5,87,126.5684201205,119.20662122563,137.82403977864246,False
h2o,EDP,400MHz,400.0,2x,2.0,116,122.86515353819998,119.3906339602575,126.61492391037748,False
h2o,EDP,400MHz,400.0,2.5x,2.5,145,167.26797516540003,115.26650417584752,255.59675566913,False
h2o,EDP,400MHz,400.0,3x,3.0,174,143.9027082307,114.6645759885475,177.39980914306503,False
h2o,EDP,800MHz,800.0,1x,1.0,58,59.677179961,57.554873511765,61.741731349759995,False
h2o,EDP,800MHz,800.0,1.5x,1.5,87,62.239022252,50.123076016015006,72.93342127665001,False
h2o,EDP,800MHz,800.0,2x,2.0,116,35.86981174399999,35.13501983230749,36.769225059932495,False
h2o,EDP,800MHz,800.0,2.5x,2.5,145,43.853079060000006,36.42292727045251,53.606139686895006,False
h2o,EDP,800MHz,800.0,3x,3.0,174,33.9614180493,29.765540288115,41.353404353067496,False
h2o,EDP,1.2GHz,1200.0,1x,1.0,58,39.6817752745,32.7087633149875,47.452781366985,False
h2o,EDP,1.2GHz,1200.0,1.5x,1.5,87,20.0644257451,17.521502281195,24.2733279642575,False
h2o,EDP,1.2GHz,1200.0,2x,2.0,116,19.5524858619,17.547028338464997,22.88036035879,False
h2o,EDP,1.2GHz,1200.0,2.5x,2.5,145,16.3849556475,15.833688586832498,17.009414264467498,False
h2o,EDP,1.2GHz,1200.0,3x,3.0,174,21.613589497200003,16.854627945799997,26.621435636155,False
h2o,EDP,1.6GHz,1600.0,1x,1.0,58,20.5347791928,19.87664147767,21.21440228312,False
h2o,EDP,1.6GHz,1600.0,1.5x,1.5,87,21.3346125793,14.046734066745,32.87526661872999,False
h2o,EDP,1.6GHz,1600.0,2x,2.0,116,15.4477989901,11.712218487762495,20.913931086849995,False
h2o,EDP,1.6GHz,1600.0,2.5x,2.5,145,16.0622134239,12.98252443241,19.141941879652496,False
h2o,EDP,1.6GHz,1600.0,3x,3.0,174,11.6830190158,10.3218750288,13.871869331189998,False
h2o,EDP,2.0GHz,2000.0,1x,1.0,58,19.657611694,15.585611587715,24.617579879992505,False
h2o,EDP,2.0GHz,2000.0,1.5x,1.5,87,11.8886114956,9.783951658245,14.253121031164998,False
h2o,EDP,2.0GHz,2000.0,2x,2.0,116,11.4817904853,9.452215246307505,14.2100398200775,False
h2o,EDP,2.0GHz,2000.0,2.5x,2.5,145,11.8118743897,8.435100880059998,17.086347359587503,True
h2o,EDP,2.0GHz,2000.0,3x,3.0,174,12.6245377431,9.6745202001125,15.9242255411925,False
h2o,EDP,2.4GHz,2400.0,1x,1.0,58,17.6229044613,15.038862188337502,20.717584877727496,False
h2o,EDP,2.4GHz,2400.0,1.5x,1.5,87,10.6342376967,8.7864317038275,13.25584405085,False
h2o,EDP,2.4GHz,2400.0,2x,2.0,116,9.7670471062,8.399509251722499,11.601376631259996,True
h2o,EDP,2.4GHz,2400.0,2.5x,2.5,145,8.2816045192,7.951522274105001,8.5222922568525,True
h2o,EDP,2.4GHz,2400.0,3x,3.0,174,9.3169689779,8.010912828957501,10.972889464232498,True
h2o,EDP,2.7GHz,2700.0,1x,1.0,58,16.063800019200002,13.507425795005,19.251102282,False
h2o,EDP,2.7GHz,2700.0,1.5x,1.5,87,8.874539090599999,7.82426904165,10.39545553901,True
h2o,EDP,2.7GHz,2700.0,2x,2.0,116,9.9376000414,8.1581455757875,11.88349170904,True
h2o,EDP,2.7GHz,2700.0,2.5x,2.5,145,9.8201043462,7.886406765895001,12.0123164354575,True
h2o,EDP,2.7GHz,2700.0,3x,3.0,174,10.0312837321,8.31973833761,12.110232409955,True
h2o,EDP2,400MHz,400.0,1x,1.0,58,5022.1912407026875,3781.248606552168,6885.507545682394,False
h2o,EDP2,400MHz,400.0,1.5x,1.5,87,2043.2464942350907,1857.9753171371935,2290.8808418499675,False
h2o,EDP2,400MHz,400.0,2x,2.0,116,1946.943605089765,1863.141384395913,2054.3691243568987,False
h2o,EDP2,400MHz,400.0,2.5x,2.5,145,3483.276345819452,1711.9734347388044,6340.515592560351,False
h2o,EDP2,400MHz,400.0,3x,3.0,174,2506.7473954877014,1703.68043239221,3495.487942124409,False
h2o,EDP2,800MHz,800.0,1x,1.0,58,706.0580704939642,669.2338653694628,742.8447252375561,False
h2o,EDP2,800MHz,800.0,1.5x,1.5,87,781.0294806505395,581.4699694354902,964.2851321174644,False
h2o,EDP2,800MHz,800.0,2x,2.0,116,331.5762132876047,320.03957554812075,342.8842189532356,False
h2o,EDP2,800MHz,800.0,2.5x,2.5,145,464.4147966202433,338.412952586881,624.1237721999056,False
h2o,EDP2,800MHz,800.0,3x,3.0,174,303.47206164229493,241.26305905610505,415.4490348987636,False
h2o,EDP2,1.2GHz,1200.0,1x,1.0,58,431.5801671635548,322.5787430059145,548.099825789798,False
h2o,EDP2,1.2GHz,1200.0,1.5x,1.5,87,156.13571529363463,122.92724768380384,214.55786126841227,False
h2o,EDP2,1.2GHz,1200.0,2x,2.0,116,147.86603133965465,123.03649452582223,189.1918625542898,False
h2o,EDP2,1.2GHz,1200.0,2.5x,2.5,145,108.11186746308724,101.5658628098456,115.07636271494766,False
h2o,EDP2,1.2GHz,1200.0,3x,3.0,174,170.4077790913864,117.70912393145562,225.84583811531868,False
h2o,EDP2,1.6GHz,1600.0,1x,1.0,58,169.25361695674192,161.44702419415052,176.83326451507247,False
h2o,EDP2,1.6GHz,1600.0,1.5x,1.5,87,208.62849617687297,87.31511856521767,376.08543802439226,False
h2o,EDP2,1.6GHz,1600.0,2x,2.0,116,119.33693339591414,72.59439056050098,189.4172000910192,False
h2o,EDP2,1.6GHz,1600.0,2.5x,2.5,145,116.90024214212136,83.38284170779154,150.04959223094642,False
h2o,EDP2,1.6GHz,1600.0,3x,3.0,174,71.65679600416823,58.25443570301014,93.4090863514902,False
h2o,EDP2,2.0GHz,2000.0,1x,1.0,58,185.69196940054252,124.36919099287768,263.05485511239317,False
h2o,EDP2,2.0GHz,2000.0,1.5x,1.5,87,85.53315671425435,62.928159000078,116.08857755220129,False
h2o,EDP2,2.0GHz,2000.0,2x,2.0,116,81.52933541188321,58.52090364974461,109.7974085372386,False
h2o,EDP2,2.0GHz,2000.0,2.5x,2.5,145,90.05892293380144,47.848925760506006,159.87001766292795,True
h2o,EDP2,2.0GHz,2000.0,3x,3.0,174,92.59837773826824,62.38713323291642,124.3104261555114,False
h2o,EDP2,2.4GHz,2400.0,1x,1.0,58,170.22433373284176,126.3284418752976,215.10744856133616,False
h2o,EDP2,2.4GHz,2400.0,1.5x,1.5,87,81.12601944007505,59.16334671174707,109.74441020701477,False
h2o,EDP2,2.4GHz,2400.0,2x,2.0,116,69.96265790634568,54.64692072734269,89.48946050362602,True
h2o,EDP2,2.4GHz,2400.0,2.5x,2.5,145,52.66442317089369,49.469730280715616,55.09941247609813,True
h2o,EDP2,2.4GHz,2400.0,3x,3.0,174,64.2901321113837,49.96716444629334,83.83448205057252,True
h2o,EDP2,2.7GHz,2700.0,1x,1.0,58,160.99883125037488,118.61359118459556,214.96826091874945,False
h2o,EDP2,2.7GHz,2700.0,1.5x,1.5,87,65.69335697508617,52.88402092495202,85.12164878295694,True
h2o,EDP2,2.7GHz,2700.0,2x,2.0,116,78.81083162112824,57.81398586662758,102.43538252380677,False
h2o,EDP2,2.7GHz,2700.0,2.5x,2.5,145,76.60505977353489,55.8208490081553,102.80735308318972,False
h2o,EDP2,2.7GHz,2700.0,3x,3.0,174,78.77186100081988,58.60797438636052,103.46900091259168,False
jme,Energy,400MHz,400.0,1x,1.0,29,8.5073241,7.8327976275,9.223743672499998,False
jme,Energy,400MHz,400.0,2x,2.0,58,6.425591899999999,5.9310776500000015,6.892446707499999,False
jme,Energy,400MHz,400.0,3x,3.0,87,5.684777599999999,5.04677742,6.2729005424999995,False
jme,Energy,400MHz,400.0,4x,4.0,116,5.0937072,4.2945253475000005,5.923826812500001,False
jme,Energy,400MHz,400.0,5x,5.0,145,5.1947875,4.4564813999999995,5.867796090000001,False
jme,Energy,400MHz,400.0,6x,6.0,174,5.6524293,4.926188745,6.1489519825,False
jme,Energy,800MHz,800.0,1x,1.0,29,6.4191284,5.999618522500001,6.8478660725000005,False
jme,Energy,800MHz,800.0,2x,2.0,58,3.3770812999999995,3.046912805,3.6564997575,False
jme,Energy,800MHz,800.0,3x,3.0,87,3.0431152,2.543542425,3.5218590524999995,False
jme,Energy,800MHz,800.0,4x,4.0,116,3.1404053,2.7112755125,3.6077332,False
jme,Energy,800MHz,800.0,5x,5.0,145,3.465625,3.2348796600000003,3.680253842499999,False
jme,Energy,800MHz,800.0,6x,6.0,174,3.3841677,3.0316377025000003,3.7256905125,False
jme,Energy,1.2GHz,1200.0,1x,1.0,29,4.2606567,4.03685405,4.4914926825,False
jme,Energy,1.2GHz,1200.0,2x,2.0,58,2.6487548,2.378206525,2.9134148525,False
jme,Energy,1.2GHz,1200.0,3x,3.0,87,2.5549866,2.2380370275,2.8124536549999997,False
jme,Energy,1.2GHz,1200.0,4x,4.0,116,2.7841673000000005,2.6058778475,2.952954095,False
jme,Energy,1.2GHz,1200.0,5x,5.0,145,2.8757510999999996,2.698474405,3.0162618925,False
jme,Energy,1.2GHz,1200.0,6x,6.0,174,2.7143922,2.4320087800000003,2.9658546799999996,False
jme,Energy,1.6GHz,1600.0,1x,1.0,29,3.4664977,3.1628402550000003,3.8384695175,False
jme,Energy,1.6GHz,1600.0,2x,2.0,58,2.6310972,2.40366809,2.83499126,False
jme,Energy,1.6GHz,1600.0,3x,3.0,87,1.9956969,1.8264479700000005,2.163721494999999,True
jme,Energy,1.6GHz,1600.0,4x,4.0,116,2.2145998,1.929237215,2.4896301775000005,False
jme,Energy,1.6GHz,1600.0,5x,5.0,145,1.9976378999999995,1.762047205,2.2058708174999997,True
jme,Energy,1.6GHz,1600.0,6x,6.0,174,2.391394,2.1318738649999993,2.6177058250000007,False
jme,Energy,2.0GHz,2000.0,1x,1.0,29,4.1179565,3.6823694325,4.503928365,False
jme,Energy,2.0GHz,2000.0,2x,2.0,58,2.0730837,1.8037531975,2.379150735,True
jme,Energy,2.0GHz,2000.0,3x,3.0,87,2.258368,2.0165336700000003,2.4920607424999996,False
jme,Energy,2.0GHz,2000.0,4x,4.0,116,2.1230347000000003,1.96572022,2.2707311999999997,False
jme,Energy,2.0GHz,2000.0,5x,5.0,145,2.2213196,1.9420267975,2.4816371449999997,False
jme,Energy,2.0GHz,2000.0,6x,6.0,174,1.7612730999999997,1.586415115,1.9250423425,True
jme,Energy,2.4GHz,2400.0,1x,1.0,29,4.078210700000001,3.6067783775,4.5435798225,False
jme,Energy,2.4GHz,2400.0,2x,2.0,58,1.9086977,1.7085068349999997,2.1728978624999997,True
jme,Energy,2.4GHz,2400.0,3x,3.0,87,2.0470398,1.8703651525,2.2266131899999997,True
jme,Energy,2.4GHz,2400.0,4x,4.0,116,2.0763734000000005,1.8551134225,2.3389067049999994,True
jme,Energy,2.4GHz,2400.0,5x,5.0,145,1.9986144,1.7112644975,2.3356418224999995,True
jme,Energy,2.4GHz,2400.0,6x,6.0,174,2.2593203,2.0139177674999997,2.4870026400000005,False
jme,Energy,2.7GHz,2700.0,1x,1.0,29,4.307788100000001,3.8796428975,4.811475947500001,False
jme,Energy,2.7GHz,2700.0,2x,2.0,58,2.318976,2.0103574,2.6959975825,False
jme,Energy,2.7GHz,2700.0,3x,3.0,87,2.3928038999999997,2.0142797,2.7750642175,False
jme,Energy,2.7GHz,2700.0,4x,4.0,116,2.1006654,1.83218062,2.3899705875,True
jme,Energy,2.7GHz,2700.0,5x,5.0,145,2.2233824,1.841294675,2.66010651,True
jme,Energy,2.7GHz,2700.0,6x,6.0,174,2.6075562,2.375928825,2.8456251875,False
jme,Time,400MHz,400.0,1x,1.0,29,4121.5,3773.56,4482.16,False
jme,Time,400MHz,400.0,2x,2.0,58,3389.7,3091.0575000000003,3614.715,False
jme,Time,400MHz,400.0,3x,3.0,87,2991.3,2651.2825000000003,3305.7374999999997,False
jme,Time,400MHz,400.0,4x,4.0,116,2685.0,2233.2325,3120.5325,False
jme,Time,400MHz,400.0,5x,5.0,145,2741.7,2388.385,3086.6124999999997,False
jme,Time,400MHz,400.0,6x,6.0,174,2976.6,2608.5725,3230.1475,False
jme,Time,800MHz,800.0,1x,1.0,29,2732.3,2526.7125,2922.575,False
jme,Time,800MHz,800.0,2x,2.0,58,1575.3,1426.16,1696.0175,False
jme,Time,800MHz,800.0,3x,3.0,87,1418.8,1193.195,1608.5725,False
jme,Time,800MHz,800.0,4x,4.0,116,1430.9,1274.1975,1576.0075,False
jme,Time,800MHz,800.0,5x,5.0,145,1613.2,1522.1825,1702.115,False
jme,Time,800MHz,800.0,6x,6.0,174,1567.2,1407.3,1712.7775,False
jme,Time,1.2GHz,1200.0,1x,1.0,29,1557.1,1476.285,1648.5,False
jme,Time,1.2GHz,1200.0,2x,2.0,58,1058.2,960.995,1152.7175,False
jme,Time,1.2GHz,1200.0,3x,3.0,87,1026.7,925.79,1122.335,False
jme,Time,1.2GHz,1200.0,4x,4.0,116,1106.8,1044.7875,1167.6,False
jme,Time,1.2GHz,1200.0,5x,5.0,145,1139.6,1084.28,1185.5025,False
jme,Time,1.2GHz,1200.0,6x,6.0,174,1081.9,967.1975,1175.625,False
jme,Time,1.6GHz,1600.0,1x,1.0,29,1212.7,1107.6925,1329.1225,False
jme,Time,1.6GHz,1600.0,2x,2.0,58,903.7,828.395,965.2,False
jme,Time,1.6GHz,1600.0,3x,3.0,87,721.4,663.195,774.01,False
jme,Time,1.6GHz,1600.0,4x,4.0,116,779.4,697.57,861.2,False
jme,Time,1.6GHz,1600.0,5x,5.0,145,709.2,635.5550000000001,785.515,False
jme,Time,1.6GHz,1600.0,6x,6.0,174,826.0,747.4975,897.515,False
jme,Time,2.0GHz,2000.0,1x,1.0,29,1150.5,1045.9675,1241.5325,False
jme,Time,2.0GHz,2000.0,2x,2.0,58,598.7,530.2925,673.2275,False
jme,Time,2.0GHz,2000.0,3x,3.0,87,652.3,593.4575,708.305,False
jme,Time,2.0GHz,2000.0,4x,4.0,116,616.0,576.0975,658.805,False
jme,Time,2.0GHz,2000.0,5x,5.0,145,639.3,571.845,702.4,False
jme,Time,2.0GHz,2000.0,6x,6.0,174,529.8,486.7975,577.6075,True
jme,Time,2.4GHz,2400.0,1x,1.0,29,923.1,832.79,1015.0025,False
jme,Time,2.4GHz,2400.0,2x,2.0,58,467.8,428.0925,517.8299999999999,True
jme,Time,2.4GHz,2400.0,3x,3.0,87,495.7,458.79,535.11,True
jme,Time,2.4GHz,2400.0,4x,4.0,116,490.0,450.1925,534.0074999999999,True
jme,Time,2.4GHz,2400.0,5x,5.0,145,477.1,421.985,539.515,True
jme,Time,2.4GHz,2400.0,6x,6.0,174,524.6,477.2875,568.405,True
jme,Time,2.7GHz,2700.0,1x,1.0,29,829.0,755.4900000000001,906.305,False
jme,Time,2.7GHz,2700.0,2x,2.0,58,476.6,429.5925,533.5125,True
jme,Time,2.7GHz,2700.0,3x,3.0,87,484.5,430.5875,542.705,True
jme,Time,2.7GHz,2700.0,4x,4.0,116,446.6,401.8,493.905,True
jme,Time,2.7GHz,2700.0,5x,5.0,145,453.8,397.3975,513.31,True
jme,Time,2.7GHz,2700.0,6x,6.0,174,520.3,488.5975,553.3025,True
jme,EDP,400MHz,400.0,1x,1.0,29,35.70811858990001,30.237306225275,42.10006956187,False
jme,EDP,400MHz,400.0,2x,2.0,58,22.1222271039,18.812289915149996,24.855712839715,False
jme,EDP,400MHz,400.0,3x,3.0,87,17.541259872699996,14.06877679012,21.0116157995475,False
jme,EDP,400MHz,400.0,4x,4.0,116,14.643605377999998,10.013268855862504,19.187750962849996,False
jme,EDP,400MHz,400.0,5x,5.0,145,14.881087612599998,11.1464850222225,18.136986756162504,False
jme,EDP,400MHz,400.0,6x,6.0,174,17.3302675249,14.015538700650003,20.0637923507575,False
jme,EDP,800MHz,800.0,1x,1.0,29,17.773354609900004,14.982075469985,20.2761649683,False
jme,EDP,800MHz,800.0,2x,2.0,58,5.4292049953,4.4729706903799995,6.1696627011325,False
jme,EDP,800MHz,800.0,3x,3.0,87,4.5892817745,3.4114199124975,5.850044146645001,False
jme,EDP,800MHz,800.0,4x,4.0,116,4.6616616143,3.630347908665,5.703607851294999,False
jme,EDP,800MHz,800.0,5x,5.0,145,5.6429120647,4.9343282377175,6.3619348103324995,False
jme,EDP,800MHz,800.0,6x,6.0,174,5.450809121499999,4.3918072785675,6.44345933495,False
jme,EDP,1.2GHz,1200.0,1x,1.0,29,6.6855254788,5.96924751443,7.432983828825002,False
jme,EDP,1.2GHz,1200.0,2x,2.0,58,2.8704681953,2.3171503408025003,3.399384122637501,False
jme,EDP,1.2GHz,1200.0,3x,3.0,87,2.6946842451000004,2.1661149678825,3.1985210522499994,False
jme,EDP,1.2GHz,1200.0,4x,4.0,116,3.1093717671,2.759479320657501,3.4491116748925004,False
jme,EDP,1.2GHz,1200.0,5x,5.0,145,3.2993897442,2.93734585259,3.5715961610524993,False
jme,EDP,1.2GHz,1200.0,6x,6.0,174,3.0072038029000003,2.4658880516875006,3.4824800673325,False
jme,EDP,1.6GHz,1600.0,1x,1.0,29,4.3016600161,3.5257499493400006,5.204242523095,False
jme,EDP,1.6GHz,1600.0,2x,2.0,58,2.4149555571,2.0457752481625,2.758315082675,False
jme,EDP,1.6GHz,1600.0,3x,3.0,87,1.4633990601,1.2494217574400002,1.69650183518,False
jme,EDP,1.6GHz,1600.0,4x,4.0,116,1.7907825698,1.3715638682350002,2.161311907655,False
jme,EDP,1.6GHz,1600.0,5x,5.0,145,1.4633330424,1.1500038376825,1.8274196433049996,True
jme,EDP,1.6GHz,1600.0,6x,6.0,174,2.022408756,1.6534171827025002,2.3682234030100004,False
jme,EDP,2.0GHz,2000.0,1x,1.0,29,4.8437041027,3.933623951355,5.639104745840001,False
jme,EDP,2.0GHz,2000.0,2x,2.0,58,1.2987559801,0.97563225737,1.6345784265624996,True
jme,EDP,2.0GHz,2000.0,3x,3.0,87,1.5096711366000002,1.2280292115550002,1.7988542351349996,False
jme,EDP,2.0GHz,2000.0,4x,4.0,116,1.3246450645,1.152153769495,1.5091470368425,True
jme,EDP,2.0GHz,2000.0,5x,5.0,145,1.467660645,1.1400375938225005,1.7868177021575,True
jme,EDP,2.0GHz,2000.0,6x,6.0,174,0.9531876260999996,0.7764371763700001,1.126423696,True
jme,EDP,2.4GHz,2400.0,1x,1.0,29,3.8741929135,3.055769870825,4.676933210875,False
jme,EDP,2.4GHz,2400.0,2x,2.0,58,0.9221850629,0.732651219515,1.1647730537299998,True
jme,EDP,2.4GHz,2400.0,3x,3.0,87,1.0339882035,0.869185119445,1.2156100056175,True
jme,EDP,2.4GHz,2400.0,4x,4.0,116,1.0425190656,0.8472215847975001,1.2517227883549995,True
jme,EDP,2.4GHz,2400.0,5x,5.0,145,1.0061465972,0.7401911316225,1.3428898322450002,True
jme,EDP,2.4GHz,2400.0,6x,6.0,174,1.2113456842,0.9965231285825,1.430334966095,True
jme,EDP,2.7GHz,2700.0,1x,1.0,29,3.6631943082,2.968709177475,4.426792912182501,False
jme,EDP,2.7GHz,2700.0,2x,2.0,58,1.1511873261,0.8629524071024999,1.4786446506374995,True
jme,EDP,2.7GHz,2700.0,3x,3.0,87,1.2112783300000003,0.9074413891300002,1.513683436475,True
jme,EDP,2.7GHz,2700.0,4x,4.0,116,0.9704173597,0.76422054926,1.1971558690475,True
jme,EDP,2.7GHz,2700.0,5x,5.0,145,1.0719184824,0.7513237052750001,1.4220044529500002,True
jme,EDP,2.7GHz,2700.0,6x,6.0,174,1.3755593935,1.1910542744375,1.5952128796225,False
jme,EDP2,400MHz,400.0,1x,1.0,29,315.09037995743546,240.54055748630705,401.7871766256765,False
jme,EDP2,400MHz,400.0,2x,2.0,58,146.1356416525654,114.86676703210446,170.5471455429723,False
jme,EDP2,400MHz,400.0,3x,3.0,87,105.4660350502505,77.84816860775065,134.24872813984817,False
jme,EDP2,400MHz,400.0,4x,4.0,116,84.54536996053773,49.3221142076886,121.16658839749496,False
jme,EDP2,400MHz,400.0,5x,5.0,145,83.57952436510561,55.7013553027351,112.11060849784714,False
jme,EDP2,400MHz,400.0,6x,6.0,174,102.7353178280524,77.23024140469714,123.22070849351292,False
jme,EDP2,800MHz,800.0,1x,1.0,29,117.08986928365584,92.8576367402854,142.94034670347637,False
jme,EDP2,800MHz,800.0,2x,2.0,58,19.013541142919017,14.76033801512062,22.55928241427678,False
jme,EDP2,800MHz,800.0,3x,3.0,87,15.53628258943468,9.96106323271034,20.772904507211916,False
jme,EDP2,800MHz,800.0,4x,4.0,116,15.839584657259069,10.523947318742472,21.651308418098075,False
jme,EDP2,800MHz,800.0,5x,5.0,145,19.92685712679549,16.464874108399055,23.526102090144825,False
jme,EDP2,800MHz,800.0,6x,6.0,174,19.422242870159657,14.643323412465412,24.5278693704362,False
jme,EDP2,1.2GHz,1200.0,1x,1.0,29,28.93614173542246,24.57508816827056,33.842247808736,False
jme,EDP2,1.2GHz,1200.0,2x,2.0,58,7.96645428591854,5.850310073534162,10.052019260441048,False
jme,EDP2,1.2GHz,1200.0,3x,3.0,87,7.240027201267887,5.409214572229835,8.876367392818345,False
jme,EDP2,1.2GHz,1200.0,4x,4.0,116,8.822534820637689,7.279332299246793,10.395071191428038,False
jme,EDP2,1.2GHz,1200.0,5x,5.0,145,9.61949736493482,8.210584168730353,10.816719492823676,False
jme,EDP2,1.2GHz,1200.0,6x,6.0,174,8.53485475457207,6.459384982524898,10.525330023799691,False
jme,EDP2,1.6GHz,1600.0,1x,1.0,29,15.656995147485002,11.501462004302,21.01173034118705,False
jme,EDP2,1.6GHz,1600.0,2x,2.0,58,6.558825115763765,5.156037515694435,7.856944566092691,False
jme,EDP2,1.6GHz,1600.0,3x,3.0,87,3.0196821206212823,2.349406481115012,3.7649510927264225,False
jme,EDP2,1.6GHz,1600.0,4x,4.0,116,4.260566046147228,2.8806477249848728,5.590588505176436,False
jme,EDP2,1.6GHz,1600.0,5x,5.0,145,3.1176830031588336,2.109977861272214,4.19496960035568,True
jme,EDP2,1.6GHz,1600.0,6x,6.0,174,5.0627856881500595,3.814748018005372,6.26856625917888,False
jme,EDP2,2.0GHz,2000.0,1x,1.0,29,20.84282061752914,15.607141920881174,26.439891190110817,False
jme,EDP2,2.0GHz,2000.0,2x,2.0,58,2.9673917897818263,1.7704577119025762,4.200224332326811,True
jme,EDP2,2.0GHz,2000.0,3x,3.0,87,3.591770460255181,2.569508687475222,4.611942849851018,False
jme,EDP2,2.0GHz,2000.0,4x,4.0,116,2.8897465984070623,2.3214436694204856,3.542819002584446,False
jme,EDP2,2.0GHz,2000.0,5x,5.0,145,3.4935256337414713,2.3531730714130172,4.672047467289249,False
jme,EDP2,2.0GHz,2000.0,6x,6.0,174,1.754975210942288,1.2898539253761638,2.223482129160615,True
jme,EDP2,2.4GHz,2400.0,1x,1.0,29,16.795598163826696,11.765843630755423,22.654224161386946,False
jme,EDP2,2.4GHz,2400.0,2x,2.0,58,1.9023001980257424,1.2599016733298265,2.763881198232791,True
jme,EDP2,2.4GHz,2400.0,3x,3.0,87,2.20114353814261,1.6438834259973014,2.7793541882447346,True
jme,EDP2,2.4GHz,2400.0,4x,4.0,116,2.295670160169467,1.609684313276211,3.0496542591805795,True
jme,EDP2,2.4GHz,2400.0,5x,5.0,145,2.2859552393882643,1.276931188536991,3.599668622406197,True
jme,EDP2,2.4GHz,2400.0,6x,6.0,174,2.868748974705351,2.113600602363914,3.619296422513657,True
jme,EDP2,2.7GHz,2700.0,1x,1.0,29,16.707086400377612,11.819190798119946,22.23422527007322,False
jme,EDP2,2.7GHz,2700.0,2x,2.0,58,2.949336573200824,1.872509004396982,4.405324687163987,True
jme,EDP2,2.7GHz,2700.0,3x,3.0,87,3.206474176061942,2.0277266008654338,4.647609205336889,True
jme,EDP2,2.7GHz,2700.0,4x,4.0,116,2.1942188569806147,1.4312387141995908,2.99612520285237,True
jme,EDP2,2.7GHz,2700.0,5x,5.0,145,2.7571520557360465,1.405925314898852,4.127552491892248,True
jme,EDP2,2.7GHz,2700.0,6x,6.0,174,3.7076952342718457,2.8404963089843283,4.6245110443819755,False
jython,Energy,400MHz,400.0,1x,1.0,25,114.18112779999998,109.97781729999998,118.75143185,False
jython,Energy,400MHz,400.0,2x,2.0,50,12.224011199999998,11.8627486075,12.668110894999998,False
jython,Energy,400MHz,400.0,3x,3.0,75,9.1543031,8.9881020375,9.332856692499998,False
jython,Energy,400MHz,400.0,4x,4.0,100,9.4051268,9.2143692,9.595739902500002,False
jython,Energy,400MHz,400.0,5x,5.0,125,8.9746031,8.855317625,9.1005793,False
jython,Energy,400MHz,400.0,6x,6.0,150,9.3912418,9.23256655,9.545622955,False
jython,Energy,800MHz,800.0,1x,1.0,25,64.97357769999999,64.39826449249999,65.63871883,False
jython,Energy,800MHz,800.0,2x,2.0,50,6.2326416,6.0380728375,6.457316284999999,False
jython,Energy,800MHz,800.0,3x,3.0,75,5.2605408,5.1781939075,5.337775367500001,False
jython,Energy,800MHz,800.0,4x,4.0,100,5.241662700000001,5.113360085,5.3762131875,False
jython,Energy,800MHz,800.0,5x,5.0,125,5.2877626,5.1657082125,5.4193345299999995,False
jython,Energy,800MHz,800.0,6x,6.0,150,5.2461549000000005,5.1355846925,5.3480304499999995,False
jython,Energy,1.2GHz,1200.0,1x,1.0,25,52.768121099999995,52.37111280250001,53.170437885,False
jython,Energy,1.2GHz,1200.0,2x,2.0,50,4.9580689,4.8122741675,5.09478101,False
jython,Energy,1.2GHz,1200.0,3x,3.0,75,4.1698608,4.08302076,4.258467835,False
jython,Energy,1.2GHz,1200.0,4x,4.0,100,4.118280199999999,4.030205125,4.2070256,False
jython,Energy,1.2GHz,1200.0,5x,5.0,125,4.0843446,3.995041150000001,4.201115637499999,False
jython,Energy,1.2GHz,1200.0,6x,6.0,150,4.0679931,4.002196585,4.131426510000001,False
jython,Energy,1.6GHz,1600.0,1x,1.0,25,90.62500020000002,88.99307681500002,93.049623765,False
jython,Energy,1.6GHz,1600.0,2x,2.0,50,6.492578,6.318318677499999,6.652440614999999,False
jython,Energy,1.6GHz,1600.0,3x,3.0,75,5.544543399999999,5.457898119999999,5.625474422500001,False
jython,Energy,1.6GHz,1600.0,4x,4.0,100,5.511981199999999,5.4433879125,5.5864612425,False
jython,Energy,1.6GHz,1600.0,5x,5.0,125,5.4430604,5.380848675,5.510007764999999,False
jython,Energy,1.6GHz,1600.0,6x,6.0,150,5.8736939,5.4358572700000005,6.5033113225,False
jython,Energy,1.8GHz,1800.0,1x,1.0,25,48.2557497,47.72088992,48.780434035000006,False
jython,Energy,1.8GHz,1800.0,2x,2.0,50,4.386389299999999,4.2723080399999995,4.5326788774999995,False
jython,Energy,1.8GHz,1800.0,3x,3.0,75,3.6993835000000006,3.610508662500001,3.778179045,True
jython,Energy,1.8GHz,1800.0,4x,4.0,100,3.5708739,3.5251752675,3.6227190725,True
jython,Energy,1.8GHz,1800.0,5x,5.0,125,3.562091,3.4850766975000003,3.6538209975,True
jython,Energy,1.8GHz,1800.0,6x,6.0,150,3.6247924999999994,3.5225210275,3.742655575,True
jython,Energy,2.0GHz,2000.0,1x,1.0,25,49.0826476,48.52521339,49.6000267025,False
jython,Energy,2.0GHz,2000.0,2x,2.0,50,4.342956599999999,4.212037562500001,4.4818655475,False
jython,Energy,2.0GHz,2000.0,3x,3.0,75,3.7835388,3.726201815,3.8324412225,False
jython,Energy,2.0GHz,2000.0,4x,4.0,100,3.7165223,3.65754414,3.779968455000001,False
jython,Energy,2.0GHz,2000.0,5x,5.0,125,3.765454,3.6934948775,3.8317171575,False
jython,Energy,2.0GHz,2000.0,6x,6.0,150,3.7404785,3.65786557,3.817363532499999,False
jython,Energy,2.4GHz,2400.0,1x,1.0,25,54.574438400000005,53.4364655175,55.747875189999995,False
jython,Energy,2.4GHz,2400.0,2x,2.0,50,4.7911987,4.64857032,4.9147047825,False
jython,Energy,2.4GHz,2400.0,3x,3.0,75,4.2418336000000005,3.962383275,4.708519545000001,False
jython,Energy,2.4GHz,2400.0,4x,4.0,100,3.9343812,3.8748699075,3.99767384,False
jython,Energy,2.4GHz,2400.0,5x,5.0,125,3.8966431,3.7772329875,4.019345717499999,False
jython,Energy,2.4GHz,2400.0,6x,6.0,150,3.9495116,3.8877995425,4.004316169999999,False
jython,Energy,2.7GHz,2700.0,1x,1.0,25,59.380224600000005,58.82160789500001,59.8905047325,False
jython,Energy,2.7GHz,2700.0,2x,2.0,50,5.2455566,4.996598272500001,5.5355950575,False
jython,Energy,2.7GHz,2700.0,3x,3.0,75,4.2208617,4.1395328275,4.29572116,False
jython,Energy,2.7GHz,2700.0,4x,4.0,100,4.1947509,4.13947262,4.2543490125,False
jython,Energy,2.7GHz,2700.0,5x,5.0,125,4.2385864,4.1610828,4.310798717500001,False
jython,Energy,2.7GHz,2700.0,6x,6.0,150,4.218335099999999,4.1396266225,4.2907402,False
jython,Time,400MHz,400.0,1x,1.0,25,60437.9,59756.9925,61071.3525,False
jython,Time,400MHz,400.0,2x,2.0,50,6037.9,5860.8875,6272.7425,False
jython,Time,400MHz,400.0,3x,3.0,75,4948.0,4857.7775,5047.6,False
jython,Time,400MHz,400.0,4x,4.0,100,5070.1,4972.1975,5157.1075,False
jython,Time,400MHz,400.0,5x,5.0,125,4854.6,4802.9,4912.915,False
jython,Time,400MHz,400.0,6x,6.0,150,5043.0,4963.557500000001,5123.71,False
jython,Time,800MHz,800.0,1x,1.0,25,31254.5,30979.26,31592.0125,False
jython,Time,800MHz,800.0,2x,2.0,50,2889.2,2825.9975,2956.505,False
jython,Time,800MHz,800.0,3x,3.0,75,2477.3,2441.0975,2512.0025,False
jython,Time,800MHz,800.0,4x,4.0,100,2473.1,2419.7875000000004,2527.9025,False
jython,Time,800MHz,800.0,5x,5.0,125,2504.0,2447.4975,2572.4125,False
jython,Time,800MHz,800.0,6x,6.0,150,2468.4,2414.49,2523.6275,False
jython,Time,1.2GHz,1200.0,1x,1.0,25,21461.7,21317.7525,21627.602499999997,False
jython,Time,1.2GHz,1200.0,2x,2.0,50,1922.7,1866.695,1979.8125,False
jython,Time,1.2GHz,1200.0,3x,3.0,75,1622.8,1590.6925,1660.0225,False
jython,Time,1.2GHz,1200.0,4x,4.0,100,1625.8,1590.4975,1657.23,False
jython,Time,1.2GHz,1200.0,5x,5.0,125,1619.4,1590.495,1654.4075,False
jython,Time,1.2GHz,1200.0,6x,6.0,150,1628.5,1601.99,1656.9025,False
jython,Time,1.6GHz,1600.0,1x,1.0,25,30395.6,29988.495,30801.8075,False
jython,Time,1.6GHz,1600.0,2x,2.0,50,2153.5,2091.99,2202.315,False
jython,Time,1.6GHz,1600.0,3x,3.0,75,1839.9,1815.6975,1862.7025,False
jython,Time,1.6GHz,1600.0,4x,4.0,100,1826.5,1803.995,1848.0025,False
jython,Time,1.6GHz,1600.0,5x,5.0,125,1810.6,1789.7875,1829.7,False
jython,Time,1.6GHz,1600.0,6x,6.0,150,1812.2,1796.3,1829.1025,False
jython,Time,1.8GHz,1800.0,1x,1.0,25,14801.2,14650.9275,14976.745,False
jython,Time,1.8GHz,1800.0,2x,2.0,50,1306.1,1271.4725,1344.71,False
jython,Time,1.8GHz,1800.0,3x,3.0,75,1101.1,1073.7825,1126.8,False
jython,Time,1.8GHz,1800.0,4x,4.0,100,1062.7,1050.995,1078.5,False
jython,Time,1.8GHz,1800.0,5x,5.0,125,1062.6,1038.885,1089.015,False
jython,Time,1.8GHz,1800.0,6x,6.0,150,1079.0,1049.895,1114.405,False
jython,Time,2.0GHz,2000.0,1x,1.0,25,13429.7,13244.795,13589.41,False
jython,Time,2.0GHz,2000.0,2x,2.0,50,1157.1,1123.695,1192.7025,False
jython,Time,2.0GHz,2000.0,3x,3.0,75,1001.2,988.5,1013.005,False
jython,Time,2.0GHz,2000.0,4x,4.0,100,980.5,966.8,994.7025,False
jython,Time,2.0GHz,2000.0,5x,5.0,125,992.7,974.79,1010.815,False
jython,Time,2.0GHz,2000.0,6x,6.0,150,985.4,968.0,1004.2025,False
jython,Time,2.4GHz,2400.0,1x,1.0,25,11632.3,11483.38,11781.6,False
jython,Time,2.4GHz,2400.0,2x,2.0,50,999.9,969.1775,1026.305,False
jython,Time,2.4GHz,2400.0,3x,3.0,75,836.8,822.2,851.3025,False
jython,Time,2.4GHz,2400.0,4x,4.0,100,815.0,804.4975,824.5074999999999,False
jython,Time,2.4GHz,2400.0,5x,5.0,125,808.6,784.9975,837.5,False
jython,Time,2.4GHz,2400.0,6x,6.0,150,819.7,808.695,831.005,False
jython,Time,2.7GHz,2700.0,1x,1.0,25,10562.8,10462.665,10656.9075,False
jython,Time,2.7GHz,2700.0,2x,2.0,50,918.0,875.985,964.005,False
jython,Time,2.7GHz,2700.0,3x,3.0,75,732.4,720.6,744.3,True
jython,Time,2.7GHz,2700.0,4x,4.0,100,727.3,717.9975,737.2075,True
jython,Time,2.7GHz,2700.0,5x,5.0,125,731.1,720.2975,741.5,True
jython,Time,2.7GHz,2700.0,6x,6.0,150,733.6,720.6975,746.805,True
jython,EDP,400MHz,400.0,1x,1.0,25,6905.8196647821005,6624.16643088531,7202.648578206569,False
jython,EDP,400MHz,400.0,2x,2.0,50,74.03894584349999,69.43580340244999,80.19816349930748,False
jython,EDP,400MHz,400.0,3x,3.0,75,45.3353868053,43.77948321672,47.14437003205749,False
jython,EDP,400MHz,400.0,4x,4.0,100,47.7254828567,46.03237594605999,49.503089326464995,False
jython,EDP,400MHz,400.0,5x,5.0,125,43.5812081452,42.607047375985,44.64815637262501,False
jython,EDP,400MHz,400.0,6x,6.0,150,47.38104820310001,46.00557871222999,48.7043271566825,False
jython,EDP,800MHz,800.0,1x,1.0,25,2031.2778136593,1994.6150841575457,2079.0083153681803,False
jython,EDP,800MHz,800.0,2x,2.0,50,18.0352479588,17.1209276019825,18.97850134274,False
jython,EDP,800MHz,800.0,3x,3.0,75,13.0387256092,12.672561632350002,13.4069622688425,False
jython,EDP,800MHz,800.0,4x,4.0,100,12.9824545089,12.3801813789725,13.58762597732,False
jython,EDP,800MHz,800.0,5x,5.0,125,13.2624915523,12.66231830548,13.9364185109575,False
jython,EDP,800MHz,800.0,6x,6.0,150,12.9657151545,12.385107911015,13.532298296202503,False
jython,EDP,1.2GHz,1200.0,1x,1.0,25,1132.6446335355,1116.625322041912,1150.7277641164223,False
jython,EDP,1.2GHz,1200.0,2x,2.0,50,9.5532497437,9.0126976868,10.08134942465,False
jython,EDP,1.2GHz,1200.0,3x,3.0,75,6.774940915499999,6.4782186256175,7.0816422294275005,False
jython,EDP,1.2GHz,1200.0,4x,4.0,100,6.7031143047,6.424334892435,6.959457277847501,False
jython,EDP,1.2GHz,1200.0,5x,5.0,125,6.622641794399999,6.354040009285,6.97846049971,False
jython,EDP,1.2GHz,1200.0,6x,6.0,150,6.629402521499999,6.42057161752,6.856938369124999,False
jython,EDP,1.6GHz,1600.0,1x,1.0,25,2756.7935957979,2670.7601237760528,2884.6782043726553,False
jython,EDP,1.6GHz,1600.0,2x,2.0,50,14.005910469699998,13.2478987014325,14.653195033915004,False
jython,EDP,1.6GHz,1600.0,3x,3.0,75,10.206200224000002,9.9392745159475,10.4556539612925,False
jython,EDP,1.6GHz,1600.0,4x,4.0,100,10.0714665749,9.839438178745,10.3053598368275,False
jython,EDP,1.6GHz,1600.0,5x,5.0,125,9.8584417014,9.648804261202502,10.07474270289,False
jython,EDP,1.6GHz,1600.0,6x,6.0,150,10.656005454,9.7890820914475,11.838380581322502,False
jython,EDP,1.8GHz,1800.0,1x,1.0,25,714.4552162450999,699.5091558913625,730.48142100256,False
jython,EDP,1.8GHz,1800.0,2x,2.0,50,5.7416209345,5.430642503514999,6.103422056139999,False
jython,EDP,1.8GHz,1800.0,3x,3.0,75,4.0788498965,3.889031181215,4.2544932592,False
jython,EDP,1.8GHz,1800.0,4x,4.0,100,3.7964216007,3.7134748909375,3.901403579225,False
jython,EDP,1.8GHz,1800.0,5x,5.0,125,3.7905793789,3.626670417645,3.9924643216,False
jython,EDP,1.8GHz,1800.0,6x,6.0,150,3.920164645999999,3.7183537314975,4.1724902200525,False
jython,EDP,2.0GHz,2000.0,1x,1.0,25,659.4080891217001,642.68165457433,674.1316732833,False
jython,EDP,2.0GHz,2000.0,2x,2.0,50,5.0377116939999995,4.756898458477501,5.364477845425,False
jython,EDP,2.0GHz,2000.0,3x,3.0,75,3.789730187399999,3.695346372045,3.8812474542675,False
jython,EDP,2.0GHz,2000.0,4x,4.0,100,3.6462094749,3.5353921887124997,3.754535466425,False
jython,EDP,2.0GHz,2000.0,5x,5.0,125,3.740975398,3.611587855835,3.8724446676175,False
jython,EDP,2.0GHz,2000.0,6x,6.0,150,3.689526309,3.541372926175,3.8356332649575,False
jython,EDP,2.4GHz,2400.0,1x,1.0,25,635.2021240213,615.2361600112876,656.820911651455,False
jython,EDP,2.4GHz,2400.0,2x,2.0,50,4.8005851764,4.510431500355001,5.052754728945,False
jython,EDP,2.4GHz,2400.0,3x,3.0,75,3.5553749145,3.2592683701125,4.05145573915,False
jython,EDP,2.4GHz,2400.0,4x,4.0,100,3.2080984246,3.1229615986374997,3.2983359182849994,True
jython,EDP,2.4GHz,2400.0,5x,5.0,125,3.1591224288,2.9655272382675,3.3697768511,True
jython,EDP,2.4GHz,2400.0,6x,6.0,150,3.2391865542000007,3.1469161725825,3.3306972285825,False
jython,EDP,2.7GHz,2700.0,1x,1.0,25,627.3671396693,615.2260435924975,638.4160844430226,False
jython,EDP,2.7GHz,2700.0,2x,2.0,50,4.8476709947000005,4.3822542775825,5.3999725604424995,False
jython,EDP,2.7GHz,2700.0,3x,3.0,75,3.0937208033,2.9809816650224996,3.194625211245,True
jython,EDP,2.7GHz,2700.0,4x,4.0,100,3.0523370407,2.97284921738,3.1387930243975,True
jython,EDP,2.7GHz,2700.0,5x,5.0,125,3.1008489995999997,2.9912165343675,3.187214565275,True
jython,EDP,2.7GHz,2700.0,6x,6.0,150,3.0972583902,2.98219172647,3.2037306260324994,True
jython,EDP2,400MHz,400.0,1x,1.0,25,791935.9707116504,729274.656681469,864102.3300663679,False
jython,EDP2,400MHz,400.0,2x,2.0,50,911.0279474663396,829.3980946076376,1025.4020098838082,False
jython,EDP2,400MHz,400.0,3x,3.0,75,415.78121612234463,392.67881559613875,442.8652708455369,False
jython,EDP2,400MHz,400.0,4x,4.0,100,449.71822697450114,422.427573679596,474.7899457491225,False
jython,EDP2,400MHz,400.0,5x,5.0,125,391.440600219299,377.836824492552,406.0247320108574,False
jython,EDP2,400MHz,400.0,6x,6.0,150,445.4902916701068,426.5847162343852,466.85201524594623,False
jython,EDP2,800MHz,800.0,1x,1.0,25,132051.34052807724,128465.7355314977,136735.77694490182,False
jython,EDP2,800MHz,800.0,2x,2.0,50,112.87449307226044,103.49434293927602,122.45738520674844,False
jython,EDP2,800MHz,800.0,3x,3.0,75,68.66874201985426,65.7104859009628,71.60451162112285,False
jython,EDP2,800MHz,800.0,4x,4.0,100,68.27415129991326,63.609892402699344,73.75109680685784,False
jython,EDP2,800MHz,800.0,5x,5.0,125,70.36196782743386,65.3807300412233,76.6292666891194,False
jython,EDP2,800MHz,800.0,6x,6.0,150,68.18449265168152,63.692858923657965,72.73382193688383,False
jython,EDP2,1.2GHz,1200.0,1x,1.0,25,59785.30113904634,58483.72622027445,61213.11795966361,False
jython,EDP2,1.2GHz,1200.0,2x,2.0,50,47.56437264498756,43.36061008005905,51.55954177379683,False
jython,EDP2,1.2GHz,1200.0,3x,3.0,75,28.317900488973994,26.697318298056217,30.1270452984388,False
jython,EDP2,1.2GHz,1200.0,4x,4.0,100,27.6743183787871,25.92212216178092,29.432118528089426,False
jython,EDP2,1.2GHz,1200.0,5x,5.0,125,27.131597798471233,25.43159522485872,29.35518671904007,False
jython,EDP2,1.2GHz,1200.0,6x,6.0,150,27.00602679336983,25.760084108686137,28.449643873833164,False
jython,EDP2,1.6GHz,1600.0,1x,1.0,25,250410.92784558027,237113.2953052112,267004.12162775337,False
jython,EDP2,1.6GHz,1600.0,2x,2.0,50,91.24408041670952,84.05077184717148,97.83758719986976,False
jython,EDP2,1.6GHz,1600.0,3x,3.0,75,56.6485219408774,54.31280484551068,58.919308116786254,False
jython,EDP2,1.6GHz,1600.0,4x,4.0,100,55.55944140430164,53.409403807896545,57.560372599898336,False
jython,EDP2,1.6GHz,1600.0,5x,5.0,125,53.69665947515132,51.91841605149753,55.50958930589944,False
jython,EDP2,1.6GHz,1600.0,6x,6.0,150,63.97930183932824,52.95826487948524,78.9432802135753,False
jython,EDP2,1.8GHz,1800.0,1x,1.0,25,34497.37452384753,33379.074077636214,35680.88628355126,False
jython,EDP2,1.8GHz,1800.0,2x,2.0,50,25.300759617255903,23.220661689492555,27.85091051252683,False
jython,EDP2,1.8GHz,1800.0,3x,3.0,75,15.129545185921287,14.09139641681844,16.125477694483774,False
jython,EDP2,1.8GHz,1800.0,4x,4.0,100,13.569680020312155,13.1039752383978,14.206678119941529,True
jython,EDP2,1.8GHz,1800.0,5x,5.0,125,13.542412087523974,12.699291186604936,14.544816166281736,True
jython,EDP2,1.8GHz,1800.0,6x,6.0,150,14.277091058139092,13.024724174533612,15.712572772131963,True
jython,EDP2,2.0GHz,2000.0,1x,1.0,25,32388.35933763242,31177.293019686374,33444.484144073605,False
jython,EDP2,2.0GHz,2000.0,2x,2.0,50,21.98922933006702,20.001493369719473,24.17556399260484,False
jython,EDP2,2.0GHz,2000.0,3x,3.0,75,14.35239110968629,13.767177922761448,14.896914403338096,False
jython,EDP2,2.0GHz,2000.0,4x,4.0,100,13.568955343270916,12.922544092940534,14.186163180366018,True
jython,EDP2,2.0GHz,2000.0,5x,5.0,125,14.109388227630388,13.359920952500293,14.815202836114452,True
jython,EDP2,2.0GHz,2000.0,6x,6.0,150,13.830247791163025,12.95487690940225,14.666369055579173,True
jython,EDP2,2.4GHz,2400.0,1x,1.0,25,34726.272934703586,32870.611632292785,36723.64107964288,False
jython,EDP2,2.4GHz,2400.0,2x,2.0,50,23.09381091528511,21.14441808008795,24.91727588489696,False
jython,EDP2,2.4GHz,2400.0,3x,3.0,75,15.504909019074564,12.9243970802721,19.471148459608475,True
jython,EDP2,2.4GHz,2400.0,4x,4.0,100,12.636115833618636,12.077505912841136,13.185203148796235,True
jython,EDP2,2.4GHz,2400.0,5x,5.0,125,12.37652105557732,11.197020474735064,13.52393170112059,True
jython,EDP2,2.4GHz,2400.0,6x,6.0,150,12.807631690416816,12.196164983762117,13.311163145454495,True
jython,EDP2,2.7GHz,2700.0,1x,1.0,25,37270.37155831285,36235.7725856101,38245.714501273025,False
jython,EDP2,2.7GHz,2700.0,2x,2.0,50,25.785031531527473,21.777749404126624,30.645773154088808,False
jython,EDP2,2.7GHz,2700.0,3x,3.0,75,13.079517668962486,12.384873921848772,13.73790807807251,True
jython,EDP2,2.7GHz,2700.0,4x,4.0,100,12.816785991467402,12.337474210150116,13.419212718253922,True
jython,EDP2,2.7GHz,2700.0,5x,5.0,125,13.163170451164897,12.505831830554744,13.770473160502576,True
jython,EDP2,2.7GHz,2700.0,6x,6.0,150,13.08750978095228,12.35878822739312,13.755959114325456,True
luindex,Energy,400MHz,400.0,1x,1.0,13,21.462085,19.51078914,23.835239527500004,False
luindex,Energy,400MHz,400.0,2x,2.0,26,13.8470397,11.682436375,15.98595234,False
luindex,Energy,400MHz,400.0,3x,3.0,39,11.0869751,9.3225791725,12.933165845,False
luindex,Energy,400MHz,400.0,4x,4.0,52,12.4794923,10.1478163925,14.9123619975,False
luindex,Energy,400MHz,400.0,5x,5.0,65,11.8498352,10.0957920025,13.841867995,False
luindex,Energy,400MHz,400.0,6x,6.0,78,10.774548499999998,9.105815002499998,12.783286617499998,False
luindex,Energy,800MHz,800.0,1x,1.0,13,13.988879399999998,12.7936035,15.451280257499995,False
luindex,Energy,800MHz,800.0,2x,2.0,26,7.2874389,6.11552495,8.602983670000002,False
luindex,Energy,800MHz,800.0,3x,3.0,39,6.5820373000000005,5.440566825,7.8228617025,False
luindex,Energy,800MHz,800.0,4x,4.0,52,7.8556336,6.374544115000001,9.3760722725,False
luindex,Energy,800MHz,800.0,5x,5.0,65,6.4794922,5.3084200725,7.6919495125,False
luindex,Energy,800MHz,800.0,6x,6.0,78,6.1785339,5.407578055,7.156132507499999,False
luindex,Energy,1.2GHz,1200.0,1x,1.0,13,10.5386168,10.155903824999998,10.941259722500002,False
luindex,Energy,1.2GHz,1200.0,2x,2.0,26,5.1789183,4.9437652375,5.4896663225,True
luindex,Energy,1.2GHz,1200.0,3x,3.0,39,4.9368165,4.447963605,5.75454813,True
luindex,Energy,1.2GHz,1200.0,4x,4.0,52,4.8689515000000005,4.4183882475,5.3539160825,True
luindex,Energy,1.2GHz,1200.0,5x,5.0,65,4.9156251,4.327432304999999,5.933746675,True
luindex,Energy,1.2GHz,1200.0,6x,6.0,78,6.0868167,5.2551659525,7.168306855,False
luindex,Energy,1.6GHz,1600.0,1x,1.0,13,17.747937,16.874413412499997,18.5561584925,False
luindex,Energy,1.6GHz,1600.0,2x,2.0,26,9.6822267,8.998038972500002,10.48331577,False
luindex,Energy,1.6GHz,1600.0,3x,3.0,39,9.2879456,8.521368735000001,10.1714703075,False
luindex,Energy,1.6GHz,1600.0,4x,4.0,52,10.2958373,9.157843740000002,11.5368130725,False
luindex,Energy,1.6GHz,1600.0,5x,5.0,65,9.3671327,8.717461297500002,10.130337435,False
luindex,Energy,1.6GHz,1600.0,6x,6.0,78,9.4004883,8.5638547975,10.4153909675,False
luindex,Energy,1.8GHz,1800.0,1x,1.0,13,9.878143,9.600060032499998,10.13334469,False
luindex,Energy,1.8GHz,1800.0,2x,2.0,26,4.8432493999999995,4.658201215000001,5.088138505,True
luindex,Energy,1.8GHz,1800.0,3x,3.0,39,4.740094299999999,4.2493733250000005,5.287886455,True
luindex,Energy,1.8GHz,1800.0,4x,4.0,52,5.3291748000000005,4.5270363975,6.24566029,True
luindex,Energy,1.8GHz,1800.0,5x,5.0,65,4.5626280999999995,4.166337675,4.9825091975,True
luindex,Energy,1.8GHz,1800.0,6x,6.0,78,4.715618999999999,4.531717472499999,4.931498072499999,True
luindex,Energy,2.0GHz,2000.0,1x,1.0,13,9.8794864,9.55247661,10.1699795775,False
luindex,Energy,2.0GHz,2000.0,2x,2.0,26,5.7716127,5.168076130000001,6.528336337499999,False
luindex,Energy,2.0GHz,2000.0,3x,3.0,39,4.7264526,4.483662024999999,5.023055737499999,True
luindex,Energy,2.0GHz,2000.0,4x,4.0,52,5.1519779,4.62946607,5.730952662499999,True
luindex,Energy,2.0GHz,2000.0,5x,5.0,65,4.589007799999999,4.432042835000001,4.755261782499999,True
luindex,Energy,2.0GHz,2000.0,6x,6.0,78,5.6386536000000005,4.942167352499999,6.38205657,True
luindex,Energy,2.4GHz,2400.0,1x,1.0,13,10.7529661,10.0039473675,11.4939371925,False
luindex,Energy,2.4GHz,2400.0,2x,2.0,26,6.181359800000001,5.7153836600000005,6.8536076075,False
luindex,Energy,2.4GHz,2400.0,3x,3.0,39,6.533819799999999,5.8364432375,7.396238032499999,False
luindex,Energy,2.4GHz,2400.0,4x,4.0,52,5.501873800000001,5.2523253875,5.7545245925,False
luindex,Energy,2.4GHz,2400.0,5x,5.0,65,5.5339903999999995,5.3048747975,5.8044596375,False
luindex,Energy,2.4GHz,2400.0,6x,6.0,78,5.673706,5.412198500000001,5.8983036,False
luindex,Energy,2.7GHz,2700.0,1x,1.0,13,12.030426,11.38313246,12.687325655,False
luindex,Energy,2.7GHz,2700.0,2x,2.0,26,6.3769531,6.0134710575,6.701985802499999,False
luindex,Energy,2.7GHz,2700.0,3x,3.0,39,6.770306499999999,5.889568305,7.7811051675,False
luindex,Energy,2.7GHz,2700.0,4x,4.0,52,6.3987122,5.89179343,6.998135502499999,False
luindex,Energy,2.7GHz,2700.0,5x,5.0,65,5.8403992,5.584760987500001,6.0914224525,False
luindex,Energy,2.7GHz,2700.0,6x,6.0,78,7.124194299999999,6.324884637499999,7.97683725,False
luindex,Time,400MHz,400.0,1x,1.0,13,11900.3,10682.505,13261.3925,False
luindex,Time,400MHz,400.0,2x,2.0,26,7614.5,6468.085000000001,8733.619999999999,False
luindex,Time,400MHz,400.0,3x,3.0,39,6084.8,5136.3425,7132.4675,False
luindex,Time,400MHz,400.0,4x,4.0,52,6887.4,5619.9875,8258.4375,False
luindex,Time,400MHz,400.0,5x,5.0,65,6499.2,5480.6575,7613.202499999999,False
luindex,Time,400MHz,400.0,6x,6.0,78,5982.5,5085.575000000001,7065.2175,False
luindex,Time,800MHz,800.0,1x,1.0,13,6853.1,6263.7075,7491.395,False
luindex,Time,800MHz,800.0,2x,2.0,26,3670.1,3097.7825000000003,4268.1175,False
luindex,Time,800MHz,800.0,3x,3.0,39,3229.7,2813.6775,3793.474999999999,False
luindex,Time,800MHz,800.0,4x,4.0,52,3845.1,3201.7975,4547.7125,False
luindex,Time,800MHz,800.0,5x,5.0,65,3219.7,2767.385,3783.9524999999994,False
luindex,Time,800MHz,800.0,6x,6.0,78,3023.4,2699.045,3477.3924999999995,False
luindex,Time,1.2GHz,1200.0,1x,1.0,13,4491.7,4326.49,4656.835,False
luindex,Time,1.2GHz,1200.0,2x,2.0,26,2358.8,2199.4925,2567.71,False
luindex,Time,1.2GHz,1200.0,3x,3.0,39,2198.0,1993.5975,2469.3175,False
luindex,Time,1.2GHz,1200.0,4x,4.0,52,2197.2,2001.1575,2425.285,False
luindex,Time,1.2GHz,1200.0,5x,5.0,65,2151.7,1931.2975,2540.185,False
luindex,Time,1.2GHz,1200.0,6x,6.0,78,2528.7,2228.9025,2864.3375,False
luindex,Time,1.6GHz,1600.0,1x,1.0,13,5974.0,5681.0675,6265.7074999999995,False
luindex,Time,1.6GHz,1600.0,2x,2.0,26,3192.2,3035.0899999999997,3424.1275,False
luindex,Time,1.6GHz,1600.0,3x,3.0,39,3112.2,2868.6875000000005,3452.7,False
luindex,Time,1.6GHz,1600.0,4x,4.0,52,3455.8,3056.5899999999997,3868.3825,False
luindex,Time,1.6GHz,1600.0,5x,5.0,65,3141.3,2899.5,3397.885,False
luindex,Time,1.6GHz,1600.0,6x,6.0,78,3147.0,2861.2675000000004,3495.2625,False
luindex,Time,1.8GHz,1800.0,1x,1.0,13,3288.6,3192.0825,3392.1175,False
luindex,Time,1.8GHz,1800.0,2x,2.0,26,1726.7,1649.7,1823.525,True
luindex,Time,1.8GHz,1800.0,3x,3.0,39,1682.5,1549.195,1830.415,True
luindex,Time,1.8GHz,1800.0,4x,4.0,52,1868.7,1695.9225,2027.62,True
luindex,Time,1.8GHz,1800.0,5x,5.0,65,1734.6,1576.59,1901.3575,True
luindex,Time,1.8GHz,1800.0,6x,6.0,78,1736.9,1627.39,1860.755,True
luindex,Time,2.0GHz,2000.0,1x,1.0,13,3067.6,2954.095,3225.1324999999997,False
luindex,Time,2.0GHz,2000.0,2x,2.0,26,1927.3,1724.9875,2146.115,True
luindex,Time,2.0GHz,2000.0,3x,3.0,39,1684.3,1582.1725,1791.525,True
luindex,Time,2.0GHz,2000.0,4x,4.0,52,1837.0,1688.2375,1971.75,True
luindex,Time,2.0GHz,2000.0,5x,5.0,65,1719.4,1591.26,1848.7875,True
luindex,Time,2.0GHz,2000.0,6x,6.0,78,1806.8,1667.3925000000002,1953.6175,True
luindex,Time,2.4GHz,2400.0,1x,1.0,13,2663.5,2473.4875,2857.6175,False
luindex,Time,2.4GHz,2400.0,2x,2.0,26,1851.3,1706.4775,1985.8375,True
luindex,Time,2.4GHz,2400.0,3x,3.0,39,1848.3,1635.7825,2094.9825,True
luindex,Time,2.4GHz,2400.0,4x,4.0,52,1675.8,1527.1275,1826.8575,True
luindex,Time,2.4GHz,2400.0,5x,5.0,65,1809.3,1662.9925,1962.7375,True
luindex,Time,2.4GHz,2400.0,6x,6.0,78,1579.9,1430.7925,1761.21,True
luindex,Time,2.7GHz,2700.0,1x,1.0,13,2592.4,2443.1,2748.2,False
luindex,Time,2.7GHz,2700.0,2x,2.0,26,1808.2,1673.03,1947.005,True
luindex,Time,2.7GHz,2700.0,3x,3.0,39,1965.3,1737.2625,2146.135,True
luindex,Time,2.7GHz,2700.0,4x,4.0,52,1729.1,1609.27,1873.2375,True
luindex,Time,2.7GHz,2700.0,5x,5.0,65,1665.5,1556.2975,1768.3449999999998,True
luindex,Time,2.7GHz,2700.0,6x,6.0,78,1902.4,1759.97,2067.9,True
luindex,EDP,400MHz,400.0,1x,1.0,13,263.0060007095,209.13787530851005,332.548908610105,False
luindex,EDP,400MHz,400.0,2x,2.0,26,112.3591354323,80.7717306982625,144.52549974193,False
luindex,EDP,400MHz,400.0,3x,3.0,39,72.2820811128,48.7343375275,99.5470290063725,False
luindex,EDP,400MHz,400.0,4x,4.0,52,94.50849254300002,58.3741883948025,132.05819644644498,False
luindex,EDP,400MHz,400.0,5x,5.0,65,82.4336661083,57.35170655766253,109.796975468185,False
luindex,EDP,400MHz,400.0,6x,6.0,78,69.1974868018,46.104783897965,93.10233936828,False
luindex,EDP,800MHz,800.0,1x,1.0,13,98.1490455678,81.10818729091001,121.84368449345251,False
luindex,EDP,800MHz,800.0,2x,2.0,26,28.6422659842,20.8269733393775,39.47247248743,False
luindex,EDP,800MHz,800.0,3x,3.0,39,22.8490537122,14.595427503425,31.504982836932495,False
luindex,EDP,800MHz,800.0,4x,4.0,52,32.863108418799996,22.41402247461,44.741171797735,False
luindex,EDP,800MHz,800.0,5x,5.0,65,22.5532436795,14.70958459681,32.508339988589995,False
luindex,EDP,800MHz,800.0,6x,6.0,78,19.5747614818,14.498523112895,26.054542604569992,False
luindex,EDP,1.2GHz,1200.0,1x,1.0,13,47.503966809999994,43.7404862247225,51.289921069562496,False
luindex,EDP,1.2GHz,1200.0,2x,2.0,26,12.3491944775,10.8514652310925,14.2061367739275,False
luindex,EDP,1.2GHz,1200.0,3x,3.0,39,11.300092554899996,8.887296080885,14.853803982422496,False
luindex,EDP,1.2GHz,1200.0,4x,4.0,52,10.9813296981,8.9121458461325,13.278493866057495,False
luindex,EDP,1.2GHz,1200.0,5x,5.0,65,11.2840176281,8.341773767715,16.519930147855003,True
luindex,EDP,1.2GHz,1200.0,6x,6.0,78,16.2136359272,11.633987873085005,21.714573792034994,False
luindex,EDP,1.6GHz,1600.0,1x,1.0,13,106.7216772479,96.57131872761002,117.88916053657248,False
luindex,EDP,1.6GHz,1600.0,2x,2.0,26,31.246709759500003,27.462786573445,36.37426360025,False
luindex,EDP,1.6GHz,1600.0,3x,3.0,39,29.570827219600005,24.5967334285,36.221506466165,False
luindex,EDP,1.6GHz,1600.0,4x,4.0,52,36.8531303728,28.628947531115003,45.06514842354749,False
luindex,EDP,1.6GHz,1600.0,5x,5.0,65,29.8722682288,25.570900764077493,34.957961704677494,False
luindex,EDP,1.6GHz,1600.0,6x,6.0,78,30.339298026200005,24.518500751057505,37.207534224745,False
luindex,EDP,1.8GHz,1800.0,1x,1.0,13,32.54706654779999,30.4876306638275,34.2991890407325,False
luindex,EDP,1.8GHz,1800.0,2x,2.0,26,8.412230447899999,7.734596480909999,9.340360470895002,True
luindex,EDP,1.8GHz,1800.0,3x,3.0,39,8.1742572582,6.6075663668025,9.847362920595002,True
luindex,EDP,1.8GHz,1800.0,4x,4.0,52,10.2244674577,8.121864206442499,12.59403874219,True
luindex,EDP,1.8GHz,1800.0,5x,5.0,65,8.0647566711,6.670322930595001,9.6082461902475,True
luindex,EDP,1.8GHz,1800.0,6x,6.0,78,8.2466413926,7.3674062838925,9.273409956199998,True
luindex,EDP,2.0GHz,2000.0,1x,1.0,13,30.38703998239999,28.335418366760003,32.519311942967505,False
luindex,EDP,2.0GHz,2000.0,2x,2.0,26,11.495736996,9.0174969292175,14.809761920884998,False
luindex,EDP,2.0GHz,2000.0,3x,3.0,39,8.019265151099999,7.1976122520175,9.013430137525,True
luindex,EDP,2.0GHz,2000.0,4x,4.0,52,9.6071794197,7.965573728724999,11.174017839265,True
luindex,EDP,2.0GHz,2000.0,5x,5.0,65,7.9391293365,7.124277616815,8.7908837461875,True
luindex,EDP,2.0GHz,2000.0,6x,6.0,78,10.4097651379,8.3443911489375,12.50164563022,True
luindex,EDP,2.4GHz,2400.0,1x,1.0,13,29.0234420721,25.07409215472,33.48002833094749,False
luindex,EDP,2.4GHz,2400.0,2x,2.0,26,11.5836344136,9.9362475581925,13.826275155977498,False
luindex,EDP,2.4GHz,2400.0,3x,3.0,39,12.2386169181,9.8718289061125,14.7487979105975,False
luindex,EDP,2.4GHz,2400.0,4x,4.0,52,9.2411395584,8.30833441198,10.387183955685,True
luindex,EDP,2.4GHz,2400.0,5x,5.0,65,10.0300132909,9.066404094405002,11.1490830218025,False
luindex,EDP,2.4GHz,2400.0,6x,6.0,78,8.9961916844,7.9619816378050015,10.21216421126,True
luindex,EDP,2.7GHz,2700.0,1x,1.0,13,31.4062116278,27.749430319097502,34.903404270204994,False
luindex,EDP,2.7GHz,2700.0,2x,2.0,26,11.5754729662,10.34622255559,12.7814327719175,False
luindex,EDP,2.7GHz,2700.0,3x,3.0,39,13.7033849753,10.684222463985002,17.444435648852497,False
luindex,EDP,2.7GHz,2700.0,4x,4.0,52,11.0323041458,9.91020390363,12.2977551229175,False
luindex,EDP,2.7GHz,2700.0,5x,5.0,65,9.768448712,8.88252416682,10.7166252320925,False
luindex,EDP,2.7GHz,2700.0,6x,6.0,78,13.824639620899998,11.51679125019,16.570137710512498,False
luindex,EDP2,400MHz,400.0,1x,1.0,13,6001.117669250397,4111.441550680916,8379.93288225718,False
luindex,EDP2,400MHz,400.0,2x,2.0,26,1744.3831517195172,1053.176340831947,2432.610957199947,False
luindex,EDP2,400MHz,400.0,3x,3.0,39,924.2863224951928,466.1013278552195,1467.7175609533938,False
luindex,EDP2,400MHz,400.0,4x,4.0,52,1409.2356089763111,715.9917338230313,2158.1674395677223,False
luindex,EDP2,400MHz,400.0,5x,5.0,65,1111.8232909981116,601.8179717414864,1674.188859913667,False
luindex,EDP2,400MHz,400.0,6x,6.0,78,863.9907723878754,447.21171091721914,1399.1709604184066,False
luindex,EDP2,800MHz,800.0,1x,1.0,13,1443.643530833121,1032.425272978767,1905.989991253284,False
luindex,EDP2,800MHz,800.0,2x,2.0,26,240.42424514010568,136.9636852469698,386.06897321945695,False
luindex,EDP2,800MHz,800.0,3x,3.0,39,174.79507233277874,77.74341748285349,273.6839695049141,False
luindex,EDP2,800MHz,800.0,4x,4.0,52,301.9216165552553,159.37062400843203,441.0390408252936,False
luindex,EDP2,800MHz,800.0,5x,5.0,65,173.62280894094096,78.07551205153403,303.09170663451306,False
luindex,EDP2,800MHz,800.0,6x,6.0,78,135.2274479408673,78.0555291747653,215.13838142451783,False
luindex,EDP2,1.2GHz,1200.0,1x,1.0,13,504.3210010530505,452.54601092176654,566.9532358358907,False
luindex,EDP2,1.2GHz,1200.0,2x,2.0,26,65.19324279956373,53.51189455017571,80.60531838685796,False
luindex,EDP2,1.2GHz,1200.0,3x,3.0,39,61.91278577082678,39.43383635347681,98.69530800816948,True
luindex,EDP2,1.2GHz,1200.0,4x,4.0,52,56.48088816682241,40.47844065980611,76.15954418253936,True
luindex,EDP2,1.2GHz,1200.0,5x,5.0,65,64.99945823201378,36.18022408498321,114.77619339367962,True
luindex,EDP2,1.2GHz,1200.0,6x,6.0,78,111.10534329022836,63.47470478606071,171.16075276116734,False
luindex,EDP2,1.6GHz,1600.0,1x,1.0,13,1918.8719136109144,1646.7542069103336,2212.345080994563,False
luindex,EDP2,1.6GHz,1600.0,2x,2.0,26,310.9242135576783,247.9009271396884,393.4729903084621,False
luindex,EDP2,1.6GHz,1600.0,3x,3.0,39,288.492951838323,210.74578785633457,388.422485790196,False
luindex,EDP2,1.6GHz,1600.0,4x,4.0,52,406.6862435150112,281.5368066025523,556.0920217182713,False
luindex,EDP2,1.6GHz,1600.0,5x,5.0,65,288.80810838866023,224.44576969224076,366.3843638526875,False
luindex,EDP2,1.6GHz,1600.0,6x,6.0,78,300.59829554656164,214.85583442357503,407.4719572987564,False
luindex,EDP2,1.8GHz,1800.0,1x,1.0,13,322.75958532870044,295.7406647261291,348.8395491431289,False
luindex,EDP2,1.8GHz,1800.0,2x,2.0,26,41.22265494812278,35.67046150601871,48.228373067657955,True
luindex,EDP2,1.8GHz,1800.0,3x,3.0,39,41.03503519355842,28.097948374694333,55.12404399530826,True
luindex,EDP2,1.8GHz,1800.0,4x,4.0,52,59.39725792077186,39.66295017659315,84.81869880436906,True
luindex,EDP2,1.8GHz,1800.0,5x,5.0,65,38.34850694080378,28.387901020795592,50.01785413205012,True
luindex,EDP2,1.8GHz,1800.0,6x,6.0,78,39.35836247771916,33.68016539623045,46.085191573222446,True
luindex,EDP2,2.0GHz,2000.0,1x,1.0,13,301.822770083079,271.6058127969678,334.6329416974532,False
luindex,EDP2,2.0GHz,2000.0,2x,2.0,26,71.55052372563748,45.537152538273176,105.53524283653164,False
luindex,EDP2,2.0GHz,2000.0,3x,3.0,39,38.51274463577424,32.24918207911399,45.27526432319323,True
luindex,EDP2,2.0GHz,2000.0,4x,4.0,52,51.62892358431333,39.18153499898795,65.45453633072799,True
luindex,EDP2,2.0GHz,2000.0,5x,5.0,65,36.78558914526779,31.578033645650866,41.71303060095294,True
luindex,EDP2,2.0GHz,2000.0,6x,6.0,78,62.58362648649135,43.275531445090685,85.5906698271483,False
luindex,EDP2,2.4GHz,2400.0,1x,1.0,13,320.2397772284311,256.0086579595371,385.9002049570459,False
luindex,EDP2,2.4GHz,2400.0,2x,2.0,26,74.16621616828819,57.4366660793468,95.76591607758223,False
luindex,EDP2,2.4GHz,2400.0,3x,3.0,39,83.79323027356524,60.92196532160808,109.02325819329012,False
luindex,EDP2,2.4GHz,2400.0,4x,4.0,52,51.24302098311066,44.043268687011775,59.300113336062346,False
luindex,EDP2,2.4GHz,2400.0,5x,5.0,65,55.908913574462055,49.34222434412829,64.61451625816161,False
luindex,EDP2,2.4GHz,2400.0,6x,6.0,78,51.452506218161815,44.19243675812604,60.1420304689475,False
luindex,EDP2,2.7GHz,2700.0,1x,1.0,13,383.2149009678453,326.5817979626401,446.10974024040473,False
luindex,EDP2,2.7GHz,2700.0,2x,2.0,26,74.5938184097594,63.70036967978324,84.27866025973661,False
luindex,EDP2,2.7GHz,2700.0,3x,3.0,39,102.48168983686304,64.31249512077503,161.1158618126009,False
luindex,EDP2,2.7GHz,2700.0,4x,4.0,52,71.92403607759925,59.78486438799445,86.25798514738565,False
luindex,EDP2,2.7GHz,2700.0,5x,5.0,65,57.54163207815751,49.572693133029595,65.39228527847143,False
luindex,EDP2,2.7GHz,2700.0,6x,6.0,78,103.62766191319945,75.45761150517038,135.22045765821602,False
lusearch,Energy,400MHz,400.0,1x,1.0,5,30.527056999999996,27.26147174,33.759181149999996,False
lusearch,Energy,400MHz,400.0,2x,2.0,10,9.896764999999998,9.7960945575,9.981903777500005,False
lusearch,Energy,400MHz,400.0,3x,3.0,15,6.517059399999999,6.4382340299999985,6.584166435000001,False
lusearch,Energy,400MHz,400.0,4x,4.0,20,6.510864,6.3782600925,6.6374281375,False
lusearch,Energy,400MHz,400.0,5x,5.0,25,6.3942017,6.220742675,6.5277625724999995,False
lusearch,Energy,400MHz,400.0,6x,6.0,30,6.458429100000001,6.307921790000001,6.6007350475,False
lusearch,Energy,800MHz,800.0,1x,1.0,5,16.676428100000003,14.9266441925,18.4535330475,False
lusearch,Energy,800MHz,800.0,2x,2.0,10,5.3752258,5.3081946525,5.44600058,False
lusearch,Energy,800MHz,800.0,3x,3.0,15,3.7238829,3.661277777499999,3.781832245,False
lusearch,Energy,800MHz,800.0,4x,4.0,20,3.7266296,3.6900998925,3.7659792,False
lusearch,Energy,800MHz,800.0,5x,5.0,25,3.652118100000001,3.59667669,3.7125521175,False
lusearch,Energy,800MHz,800.0,6x,6.0,30,3.7407229,3.56628122,4.0306039600000005,False
lusearch,Energy,1.2GHz,1200.0,1x,1.0,5,13.82937,12.944717077499998,14.59405608,False
lusearch,Energy,1.2GHz,1200.0,2x,2.0,10,4.258477699999999,4.201288097500001,4.30509372,False
lusearch,Energy,1.2GHz,1200.0,3x,3.0,15,2.909497,2.8485766575,2.9772955175,False
lusearch,Energy,1.2GHz,1200.0,4x,4.0,20,2.9133361,2.8724863525,2.9581127274999997,False
lusearch,Energy,1.2GHz,1200.0,5x,5.0,25,2.8800352,2.8381722675,2.92283316,False
lusearch,Energy,1.2GHz,1200.0,6x,6.0,30,2.872217,2.8271153,2.9135329175,False
lusearch,Energy,1.6GHz,1600.0,1x,1.0,5,11.0924682,10.0570471275,12.152367595,False
lusearch,Energy,1.6GHz,1600.0,2x,2.0,10,3.6850889,3.635747175,3.7300890025,False
lusearch,Energy,1.6GHz,1600.0,3x,3.0,15,2.5832094000000003,2.540725215,2.62673839,True
lusearch,Energy,1.6GHz,1600.0,4x,4.0,20,2.5277403,2.4781224525,2.573693215,True
lusearch,Energy,1.6GHz,1600.0,5x,5.0,25,2.5596252,2.52747596,2.587413745,True
lusearch,Energy,1.6GHz,1600.0,6x,6.0,30,2.5329895999999996,2.5000660225,2.5667165375,True
lusearch,Energy,2.0GHz,2000.0,1x,1.0,5,10.2944518,10.224619812500002,10.3650330025,False
lusearch,Energy,2.0GHz,2000.0,2x,2.0,10,3.780548,3.7448041075,3.813672325,False
lusearch,Energy,2.0GHz,2000.0,3x,3.0,15,2.6648316,2.636110075,2.6958168625,False
lusearch,Energy,2.0GHz,2000.0,4x,4.0,20,2.5764403,2.5506228525000005,2.6018957174999997,True
lusearch,Energy,2.0GHz,2000.0,5x,5.0,25,2.5136963000000003,2.471364335,2.5605470525,True
lusearch,Energy,2.0GHz,2000.0,6x,6.0,30,2.5720154,2.5525009224999997,2.5884550500000003,True
lusearch,Energy,2.4GHz,2400.0,1x,1.0,5,12.7748292,11.8062446775,13.818048625,False
lusearch,Energy,2.4GHz,2400.0,2x,2.0,10,3.9598935,3.907207287500001,4.015430950000001,False
lusearch,Energy,2.4GHz,2400.0,3x,3.0,15,2.7767273,2.733398015,2.8166230625,False
lusearch,Energy,2.4GHz,2400.0,4x,4.0,20,2.8019715,2.7708150299999996,2.8316737775,False
lusearch,Energy,2.4GHz,2400.0,5x,5.0,25,2.7610839,2.7404106849999996,2.780712445,False
lusearch,Energy,2.4GHz,2400.0,6x,6.0,30,2.7509521,2.721301195,2.786791295,False
lusearch,Energy,2.7GHz,2700.0,1x,1.0,5,13.3563659,12.438936689999998,14.3514849825,False
lusearch,Energy,2.7GHz,2700.0,2x,2.0,10,4.3210753,4.259778875,4.3766560825,False
lusearch,Energy,2.7GHz,2700.0,3x,3.0,15,2.9929137,2.9495872725,3.0324602950000004,False
lusearch,Energy,2.7GHz,2700.0,4x,4.0,20,2.9288574,2.8888662799999993,2.9677586099999997,False
lusearch,Energy,2.7GHz,2700.0,5x,5.0,25,2.9161314999999997,2.872527595,2.9655434125,False
lusearch,Energy,2.7GHz,2700.0,6x,6.0,30,2.9129274,2.892639905,2.9364149675,False
lusearch,Time,400MHz,400.0,1x,1.0,5,15600.5,14104.65,17179.2725,False
lusearch,Time,400MHz,400.0,2x,2.0,10,5243.8,5184.4875,5294.3,False
lusearch,Time,400MHz,400.0,3x,3.0,15,3497.2,3460.3925,3533.3075000000003,False
lusearch,Time,400MHz,400.0,4x,4.0,20,3491.4,3448.6675,3533.4125,False
lusearch,Time,400MHz,400.0,5x,5.0,25,3436.9,3327.595,3515.005,False
lusearch,Time,400MHz,400.0,6x,6.0,30,3454.5,3398.2850000000003,3513.51,False
lusearch,Time,800MHz,800.0,1x,1.0,5,7844.2,7108.2275,8687.08,False
lusearch,Time,800MHz,800.0,2x,2.0,10,2559.4,2535.6975,2593.3050000000003,False
lusearch,Time,800MHz,800.0,3x,3.0,15,1771.3,1747.9925,1791.7075,False
lusearch,Time,800MHz,800.0,4x,4.0,20,1762.8,1749.695,1777.7025,False
lusearch,Time,800MHz,800.0,5x,5.0,25,1737.4,1716.7975,1758.405,False
lusearch,Time,800MHz,800.0,6x,6.0,30,1736.7,1701.1775,1786.2075,False
lusearch,Time,1.2GHz,1200.0,1x,1.0,5,5636.2,5273.9975,5923.9275,False
lusearch,Time,1.2GHz,1200.0,2x,2.0,10,1669.0,1652.0,1684.9,False
lusearch,Time,1.2GHz,1200.0,3x,3.0,15,1146.6,1130.9975,1161.6025,False
lusearch,Time,1.2GHz,1200.0,4x,4.0,20,1150.9,1136.09,1165.8025,False
lusearch,Time,1.2GHz,1200.0,5x,5.0,25,1141.3,1130.495,1151.1,False
lusearch,Time,1.2GHz,1200.0,6x,6.0,30,1127.8,1119.1,1136.0,False
lusearch,Time,1.6GHz,1600.0,1x,1.0,5,3826.7,3493.905,4186.505,False
lusearch,Time,1.6GHz,1600.0,2x,2.0,10,1248.9,1237.0975,1260.6,False
lusearch,Time,1.6GHz,1600.0,3x,3.0,15,867.2,858.495,875.4025,False
lusearch,Time,1.6GHz,1600.0,4x,4.0,20,852.6,841.0975,864.1025000000001,False
lusearch,Time,1.6GHz,1600.0,5x,5.0,25,857.9,853.9,861.6,False
lusearch,Time,1.6GHz,1600.0,6x,6.0,30,849.0,841.5975,855.8025,False
lusearch,Time,2.0GHz,2000.0,1x,1.0,5,2859.0,2841.895,2873.8,False
lusearch,Time,2.0GHz,2000.0,2x,2.0,10,1017.5,1009.1975,1025.5,False
lusearch,Time,2.0GHz,2000.0,3x,3.0,15,707.6,703.0975,712.4,False
lusearch,Time,2.0GHz,2000.0,4x,4.0,20,689.7,684.5975,695.2025,False
lusearch,Time,2.0GHz,2000.0,5x,5.0,25,675.5,667.2975,682.9,False
lusearch,Time,2.0GHz,2000.0,6x,6.0,30,683.5,678.895,687.1025000000001,False
lusearch,Time,2.4GHz,2400.0,1x,1.0,5,2784.7,2585.0575,3002.1425,False
lusearch,Time,2.4GHz,2400.0,2x,2.0,10,843.6,834.1,852.7025,False
lusearch,Time,2.4GHz,2400.0,3x,3.0,15,583.3,576.395,588.9,False
lusearch,Time,2.4GHz,2400.0,4x,4.0,20,584.3,579.5,588.7,False
lusearch,Time,2.4GHz,2400.0,5x,5.0,25,578.6,573.7,583.3025,False
lusearch,Time,2.4GHz,2400.0,6x,6.0,30,572.2,569.2975,575.3,False
lusearch,Time,2.7GHz,2700.0,1x,1.0,5,2441.8,2286.7525,2645.75,False
lusearch,Time,2.7GHz,2700.0,2x,2.0,10,776.1,763.1,787.7025,False
lusearch,Time,2.7GHz,2700.0,3x,3.0,15,527.3,520.9,533.5,False
lusearch,Time,2.7GHz,2700.0,4x,4.0,20,517.5,513.2,522.2,True
lusearch,Time,2.7GHz,2700.0,5x,5.0,25,513.3,509.0,517.6,True
lusearch,Time,2.7GHz,2700.0,6x,6.0,30,509.6,506.3,513.5,True
lusearch,EDP,400MHz,400.0,1x,1.0,5,489.6569010539,394.434630189505,586.2328675235625,False
lusearch,EDP,400MHz,400.0,2x,2.0,10,51.9031290086,50.987140750535005,52.752073770105,False
lusearch,EDP,400MHz,400.0,3x,3.0,15,22.7953375543,22.3629513524425,23.22321146658,False
lusearch,EDP,400MHz,400.0,4x,4.0,20,22.7442008447,21.984639170275003,23.412816052612506,False
lusearch,EDP,400MHz,400.0,5x,5.0,25,22.0165961587,20.698700273600004,22.9606902942025,False
lusearch,EDP,400MHz,400.0,6x,6.0,30,22.3301293269,21.4816712602575,23.1402707201575,False
lusearch,EDP,800MHz,800.0,1x,1.0,5,134.5295636706,108.09727954441,162.96644127631248,False
lusearch,EDP,800MHz,800.0,2x,2.0,10,13.7621042364,13.45677239821,14.1290031503475,False
lusearch,EDP,800MHz,800.0,3x,3.0,15,6.5996910328,6.399630896297501,6.80854813416,False
lusearch,EDP,800MHz,800.0,4x,4.0,20,6.5706408017,6.462358012527501,6.69663736247,False
lusearch,EDP,800MHz,800.0,5x,5.0,25,6.3481595341,6.186943340854999,6.52865986662,False
lusearch,EDP,800MHz,800.0,6x,6.0,30,6.523754213999998,6.062035268319999,7.2184077382775,False
lusearch,EDP,1.2GHz,1200.0,1x,1.0,5,78.62137068439999,68.48098464193001,86.0300502764875,False
lusearch,EDP,1.2GHz,1200.0,2x,2.0,10,7.1095782071,6.9426012850725005,7.254557941090001,False
lusearch,EDP,1.2GHz,1200.0,3x,3.0,15,3.3386256412,3.219062433985,3.4522613146625,False
lusearch,EDP,1.2GHz,1200.0,4x,4.0,20,3.3542280353,3.2719978474549993,3.448751852265,False
lusearch,EDP,1.2GHz,1200.0,5x,5.0,25,3.2877399370000004,3.2193036165000004,3.3589547812175,False
lusearch,EDP,1.2GHz,1200.0,6x,6.0,30,3.2399414819,3.1732801678475,3.3047341388174996,False
lusearch,EDP,1.6GHz,1600.0,1x,1.0,5,43.3578957728,36.17872121701,51.743158815620006,False
lusearch,EDP,1.6GHz,1600.0,2x,2.0,10,4.6036635603,4.5038820069025,4.704609288914999,False
lusearch,EDP,1.6GHz,1600.0,3x,3.0,15,2.2410533981000005,2.1776079673649997,2.2965337196874995,False
lusearch,EDP,1.6GHz,1600.0,4x,4.0,20,2.1564071954,2.090851660345,2.2220638542674997,False
lusearch,EDP,1.6GHz,1600.0,5x,5.0,25,2.1961054859,2.1617099243175,2.2275259391299995,False
lusearch,EDP,1.6GHz,1600.0,6x,6.0,30,2.1510472558999996,2.1064816992025004,2.1977536061399996,False
lusearch,EDP,2.0GHz,2000.0,1x,1.0,5,29.4345952134,29.081903599605,29.775264232412496,False
lusearch,EDP,2.0GHz,2000.0,2x,2.0,10,3.8472589527,3.7840390951425,3.9086954283675,False
lusearch,EDP,2.0GHz,2000.0,3x,3.0,15,1.8859197487,1.8562189945275,1.92059566228,False
lusearch,EDP,2.0GHz,2000.0,4x,4.0,20,1.7771857736,1.7506536197925,1.805774400705,False
lusearch,EDP,2.0GHz,2000.0,5x,5.0,25,1.6987392894,1.6519756231125002,1.7486474347674998,False
lusearch,EDP,2.0GHz,2000.0,6x,6.0,30,1.7581319273999998,1.7369282386800002,1.7782648026225,False
lusearch,EDP,2.4GHz,2400.0,1x,1.0,5,36.130988956,30.922663901437502,42.343820452875,False
lusearch,EDP,2.4GHz,2400.0,2x,2.0,10,3.3417903877,3.2596988478649997,3.4298026354125,False
lusearch,EDP,2.4GHz,2400.0,3x,3.0,15,1.6201802714000002,1.5793823222825,1.65593671126,False
lusearch,EDP,2.4GHz,2400.0,4x,4.0,20,1.6373896199999998,1.6088351537225,1.6616875555975,False
lusearch,EDP,2.4GHz,2400.0,5x,5.0,25,1.597668363,1.5753823560749998,1.6184457762199995,False
lusearch,EDP,2.4GHz,2400.0,6x,6.0,30,1.5742648582999998,1.5520988476249995,1.5992411881199995,False
lusearch,EDP,2.7GHz,2700.0,1x,1.0,5,33.0441082012,28.406892614375,38.19560742662749,False
lusearch,EDP,2.7GHz,2700.0,2x,2.0,10,3.3553775260000003,3.25878599385,3.44454085377,False
lusearch,EDP,2.7GHz,2700.0,3x,3.0,15,1.5787788993,1.5401994594650004,1.6160163960125002,False
lusearch,EDP,2.7GHz,2700.0,4x,4.0,20,1.5160584729,1.4819152138825,1.544859375975,True
lusearch,EDP,2.7GHz,2700.0,5x,5.0,25,1.4972738555,1.46198729838,1.532949046115,True
lusearch,EDP,2.7GHz,2700.0,6x,6.0,30,1.4844993409999998,1.4667158499349997,1.5016190983425,True
lusearch,EDP2,400MHz,400.0,1x,1.0,5,15746.095401776232,11360.631810975126,19883.360556679912,False
lusearch,EDP2,400MHz,400.0,2x,2.0,10,513.8618680502243,500.2761049898782,527.5085419832803,False
lusearch,EDP2,400MHz,400.0,3x,3.0,15,148.62959415775632,144.51420266324988,153.00743134463391,False
lusearch,EDP2,400MHz,400.0,4x,4.0,20,148.30846938016344,140.8302880207544,156.08469421078198,False
lusearch,EDP2,400MHz,400.0,5x,5.0,25,141.2509827108143,129.9542478433275,150.29861822298562,False
lusearch,EDP2,400MHz,400.0,6x,6.0,30,144.54170441976834,135.65755560296336,154.19418507962084,False
lusearch,EDP2,800MHz,800.0,1x,1.0,5,2368.6391345333204,1676.334517588902,3005.7052480653724,False
lusearch,EDP2,800MHz,800.0,2x,2.0,10,74.03281230135697,71.47319347446548,76.97574008160433,False
lusearch,EDP2,800MHz,800.0,3x,3.0,15,24.607739815966845,23.432562277438873,25.69716817869234,False
lusearch,EDP2,800MHz,800.0,4x,4.0,20,24.49869904576393,23.818791978482352,25.271835627403636,False
lusearch,EDP2,800MHz,800.0,5x,5.0,25,23.20979263751525,22.254898675533195,24.214519882525902,False
lusearch,EDP2,800MHz,800.0,6x,6.0,30,24.821670584700023,21.683423045790807,29.922321477990877,False
lusearch,EDP2,1.2GHz,1200.0,1x,1.0,5,1105.1591846167353,937.0032294422892,1263.7042435443748,False
lusearch,EDP2,1.2GHz,1200.0,2x,2.0,10,30.297219895182117,29.18790632259877,31.20163122758709,False
lusearch,EDP2,1.2GHz,1200.0,3x,3.0,15,9.733584679274816,9.178134174021418,10.304580227189716,False
lusearch,EDP2,1.2GHz,1200.0,4x,4.0,20,9.780940512537162,9.411275284507148,10.18402443887475,False
lusearch,EDP2,1.2GHz,1200.0,5x,5.0,25,9.476217264291098,9.135268466014558,9.843661047142998,False
lusearch,EDP2,1.2GHz,1200.0,6x,6.0,30,9.313399788471957,8.9520362720216,9.616804405470017,False
lusearch,EDP2,1.6GHz,1600.0,1x,1.0,5,502.7626995314067,374.65580093710025,670.9828435716886,False
lusearch,EDP2,1.6GHz,1600.0,2x,2.0,10,16.977116964319272,16.431146900584825,17.551219675467227,False
lusearch,EDP2,1.6GHz,1600.0,3x,3.0,15,5.7956715842760165,5.53731396214986,6.038781135005261,False
lusearch,EDP2,1.6GHz,1600.0,4x,4.0,20,5.459075609259806,5.178079016073064,5.720598324019549,False
lusearch,EDP2,1.6GHz,1600.0,5x,5.0,25,5.623819231123595,5.460177329713497,5.764401867203459,False
lusearch,EDP2,1.6GHz,1600.0,6x,6.0,30,5.452392772983569,5.261417778910028,5.6181738518148645,False
lusearch,EDP2,2.0GHz,2000.0,1x,1.0,5,303.0771564866838,296.9354627274385,308.62401092482423,False
lusearch,EDP2,2.0GHz,2000.0,2x,2.0,10,14.54999783480674,14.192415265417864,14.931295658178136,False
lusearch,EDP2,2.0GHz,2000.0,3x,3.0,15,5.028070520203814,4.8993316689333515,5.178333662910475,False
lusearch,EDP2,2.0GHz,2000.0,4x,4.0,20,4.580467217132908,4.4674870490004395,4.696929893400689,True
lusearch,EDP2,2.0GHz,2000.0,5x,5.0,25,4.275433880825505,4.0956122533105,4.47801257986431,True
lusearch,EDP2,2.0GHz,2000.0,6x,6.0,30,4.522999909850762,4.422586332067759,4.597300335890841,True
lusearch,EDP2,2.4GHz,2400.0,1x,1.0,5,476.7836188395587,366.7755012554175,602.193887981122,False
lusearch,EDP2,2.4GHz,2400.0,2x,2.0,10,13.245370776695935,12.701998899836656,13.840342747529917,False
lusearch,EDP2,2.4GHz,2400.0,3x,3.0,15,4.502990959417144,4.327421627355708,4.6553524959461,True
lusearch,EDP2,2.4GHz,2400.0,4x,4.0,20,4.589936307618853,4.454660642590435,4.698859575468188,True
lusearch,EDP2,2.4GHz,2400.0,5x,5.0,25,4.412223967224408,4.327795762161097,4.497041125295791,True
lusearch,EDP2,2.4GHz,2400.0,6x,6.0,30,4.332825361506023,4.219347975134916,4.465188639508821,True
lusearch,EDP2,2.7GHz,2700.0,1x,1.0,5,454.231586771238,355.8690170296167,569.8352524645328,False
lusearch,EDP2,2.7GHz,2700.0,2x,2.0,10,14.51341888224922,13.883016207941395,15.07136527680671,False
lusearch,EDP2,2.7GHz,2700.0,3x,3.0,15,4.7294261718001795,4.536395910827381,4.907506707520027,False
lusearch,EDP2,2.7GHz,2700.0,4x,4.0,20,4.44352709228974,4.282419711318355,4.602062469498055,True
lusearch,EDP2,2.7GHz,2700.0,5x,5.0,25,4.370425911547644,4.205027895265231,4.559334645511405,True
lusearch,EDP2,2.7GHz,2700.0,6x,6.0,30,4.325027537774813,4.246379956797883,4.403221913754876,True
pmd,Energy,400MHz,400.0,1x,1.0,7,6.2428529,6.011194855000001,6.527860382500001,False
pmd,Energy,400MHz,400.0,2x,2.0,14,2.908892900000001,2.8315569624999997,2.9789765025,False
pmd,Energy,400MHz,400.0,3x,3.0,21,2.1123839,2.08130978,2.1472066875,False
pmd,Energy,400MHz,400.0,4x,4.0,28,2.0584713999999997,2.0212141775,2.1011823825,False
pmd,Energy,400MHz,400.0,5x,5.0,35,2.00318,1.9745345725,2.0328625650000003,False
pmd,Energy,400MHz,400.0,6x,6.0,42,1.9513672,1.8801918075,2.019479965,False
pmd,Energy,800MHz,800.0,1x,1.0,7,4.268084699999999,4.085740095,4.4581469425,False
pmd,Energy,800MHz,800.0,2x,2.0,14,1.6963928,1.617400485,1.7782321100000005,False
pmd,Energy,800MHz,800.0,3x,3.0,21,1.2004393,1.156243035,1.2423859725,False
pmd,Energy,800MHz,800.0,4x,4.0,28,1.2100893999999998,1.15823212,1.25259914,False
pmd,Energy,800MHz,800.0,5x,5.0,35,1.1719238,1.11871828,1.21806905,False
pmd,Energy,800MHz,800.0,6x,6.0,42,1.1854125,1.1611379375,1.20956568,False
pmd,Energy,1.2GHz,1200.0,1x,1.0,7,3.5448914,3.2899260300000006,3.8480217175,False
pmd,Energy,1.2GHz,1200.0,2x,2.0,14,1.2199648,1.1250086224999998,1.3211732774999998,False
pmd,Energy,1.2GHz,1200.0,3x,3.0,21,0.9688233,0.940378095,1.0001550524999998,False
pmd,Energy,1.2GHz,1200.0,4x,4.0,28,0.9658507,0.942945375,0.9905216025,False
pmd,Energy,1.2GHz,1200.0,5x,5.0,35,0.8892090000000001,0.8441613400000001,0.9344783,False
pmd,Energy,1.2GHz,1200.0,6x,6.0,42,0.8624205999999999,0.8192899975,0.904284655,True
pmd,Energy,1.6GHz,1600.0,1x,1.0,7,3.0099854,2.8317340399999997,3.2455811449999996,False
pmd,Energy,1.6GHz,1600.0,2x,2.0,14,1.1139952999999998,1.005133845,1.2133438275,False
pmd,Energy,1.6GHz,1600.0,3x,3.0,21,0.8023135,0.7685413725000001,0.8433866975,True
pmd,Energy,1.6GHz,1600.0,4x,4.0,28,0.8361269,0.8178504050000001,0.853685485,True
pmd,Energy,1.6GHz,1600.0,5x,5.0,35,0.804419,0.7861234949999999,0.82301523,True
pmd,Energy,1.6GHz,1600.0,6x,6.0,42,0.7966855,0.7738882850000001,0.8212189675000001,True
pmd,Energy,2.0GHz,2000.0,1x,1.0,7,3.1337706,3.0183202725,3.2420252499999997,False
pmd,Energy,2.0GHz,2000.0,2x,2.0,14,1.1273437,1.06476525,1.1973542449999997,False
pmd,Energy,2.0GHz,2000.0,3x,3.0,21,0.8507937,0.8148854349999999,0.8807742,True
pmd,Energy,2.0GHz,2000.0,4x,4.0,28,0.8420899000000001,0.80316372,0.880805875,True
pmd,Energy,2.0GHz,2000.0,5x,5.0,35,0.7946959,0.76071693,0.82452411,True
pmd,Energy,2.0GHz,2000.0,6x,6.0,42,0.8142882,0.7754265475,0.8485184324999999,True
pmd,Energy,2.4GHz,2400.0,1x,1.0,7,3.4282714,3.171495525,3.7060744474999994,False
pmd,Energy,2.4GHz,2400.0,2x,2.0,14,1.1030031,1.02482114,1.171540755,False
pmd,Energy,2.4GHz,2400.0,3x,3.0,21,0.9207705,0.897777375,0.9476941125,False
pmd,Energy,2.4GHz,2400.0,4x,4.0,28,0.8924195000000001,0.8683791625000001,0.9185327825,False
pmd,Energy,2.4GHz,2400.0,5x,5.0,35,0.8765989999999999,0.85111365,0.9006179824999999,False
pmd,Energy,2.4GHz,2400.0,6x,6.0,42,0.8602906000000001,0.8219541925,0.8991999099999999,True
pmd,Energy,2.7GHz,2700.0,1x,1.0,7,4.6889952,3.550310635,6.8151642125,False
pmd,Energy,2.7GHz,2700.0,2x,2.0,14,1.1206419000000003,1.050437515,1.19159277,False
pmd,Energy,2.7GHz,2700.0,3x,3.0,21,0.9741271,0.9390598025,1.0072607025000002,False
pmd,Energy,2.7GHz,2700.0,4x,4.0,28,0.9317017,0.8953837474999999,0.9662948775,False
pmd,Energy,2.7GHz,2700.0,5x,5.0,35,0.9118956,0.89206987,0.92967099,False
pmd,Energy,2.7GHz,2700.0,6x,6.0,42,0.9157287000000002,0.8811711674999999,0.9473793725,False
pmd,Time,400MHz,400.0,1x,1.0,7,3294.3,3164.2475000000004,3430.405,False
pmd,Time,400MHz,400.0,2x,2.0,14,1391.7,1357.7925,1422.2,False
pmd,Time,400MHz,400.0,3x,3.0,21,1108.3,1096.0975,1123.5125,False
pmd,Time,400MHz,400.0,4x,4.0,28,1071.7,1054.2925,1096.4075,False
pmd,Time,400MHz,400.0,5x,5.0,35,1057.8,1041.5925,1075.0125,False
pmd,Time,400MHz,400.0,6x,6.0,42,1017.0,980.3,1053.7025,False
pmd,Time,800MHz,800.0,1x,1.0,7,1828.9,1747.65,1921.325,False
pmd,Time,800MHz,800.0,2x,2.0,14,694.2,656.2975,726.4,False
pmd,Time,800MHz,800.0,3x,3.0,21,550.6,530.1925,569.205,False
pmd,Time,800MHz,800.0,4x,4.0,28,548.7,523.8,569.31,False
pmd,Time,800MHz,800.0,5x,5.0,35,537.3,514.4,559.3025,False
pmd,Time,800MHz,800.0,6x,6.0,42,544.0,528.595,560.5,False
pmd,Time,1.2GHz,1200.0,1x,1.0,7,1277.6,1191.3875,1376.0175,False
pmd,Time,1.2GHz,1200.0,2x,2.0,14,428.9,393.3975,460.8,False
pmd,Time,1.2GHz,1200.0,3x,3.0,21,375.8,365.4,386.205,False
pmd,Time,1.2GHz,1200.0,4x,4.0,28,375.7,366.7975,386.4,False
pmd,Time,1.2GHz,1200.0,5x,5.0,35,341.9,323.5975,363.0025,False
pmd,Time,1.2GHz,1200.0,6x,6.0,42,338.5,325.3975,350.5,False
pmd,Time,1.6GHz,1600.0,1x,1.0,7,934.7,883.3,1007.805,False
pmd,Time,1.6GHz,1600.0,2x,2.0,14,331.6,301.19,360.805,False
pmd,Time,1.6GHz,1600.0,3x,3.0,21,267.2,254.6,279.7,False
pmd,Time,1.6GHz,1600.0,4x,4.0,28,278.8,272.7,284.9,False
pmd,Time,1.6GHz,1600.0,5x,5.0,35,263.6,256.3,271.1075,False
pmd,Time,1.6GHz,1600.0,6x,6.0,42,262.2,252.2,272.8,False
pmd,Time,2.0GHz,2000.0,1x,1.0,7,775.7,747.485,802.5,False
pmd,Time,2.0GHz,2000.0,2x,2.0,14,269.0,254.1,285.6,False
pmd,Time,2.0GHz,2000.0,3x,3.0,21,223.8,213.395,233.2025,False
pmd,Time,2.0GHz,2000.0,4x,4.0,28,223.4,212.6,233.7,False
pmd,Time,2.0GHz,2000.0,5x,5.0,35,208.0,201.2,214.6,False
pmd,Time,2.0GHz,2000.0,6x,6.0,42,213.6,202.8975,222.6,False
pmd,Time,2.4GHz,2400.0,1x,1.0,7,646.0,608.99,693.8,False
pmd,Time,2.4GHz,2400.0,2x,2.0,14,231.1,214.7,246.0025,False
pmd,Time,2.4GHz,2400.0,3x,3.0,21,191.0,184.9,197.3,False
pmd,Time,2.4GHz,2400.0,4x,4.0,28,186.2,181.4,191.8025,False
pmd,Time,2.4GHz,2400.0,5x,5.0,35,179.8,175.6,183.8025,False
pmd,Time,2.4GHz,2400.0,6x,6.0,42,175.4,168.1975,183.0025,False
pmd,Time,2.7GHz,2700.0,1x,1.0,7,681.7,606.695,806.91,False
pmd,Time,2.7GHz,2700.0,2x,2.0,14,196.0,185.1975,208.105,False
pmd,Time,2.7GHz,2700.0,3x,3.0,21,169.0,164.3,173.6,True
pmd,Time,2.7GHz,2700.0,4x,4.0,28,161.9,155.4,167.7,True
pmd,Time,2.7GHz,2700.0,5x,5.0,35,160.1,156.3,163.7,True
pmd,Time,2.7GHz,2700.0,6x,6.0,42,159.2,152.7,165.7025,True
pmd,EDP,400MHz,400.0,1x,1.0,7,20.656751655799997,19.06694820708,22.404158769735,False
pmd,EDP,400MHz,400.0,2x,2.0,14,4.0545142954,3.8449576078074994,4.251181818075,False
pmd,EDP,400MHz,400.0,3x,3.0,21,2.3422751063,2.2740567118225004,2.4184259954875005,False
pmd,EDP,400MHz,400.0,4x,4.0,28,2.2083663217,2.1327611283824996,2.3107562205675003,False
pmd,EDP,400MHz,400.0,5x,5.0,35,2.12022916,2.0556283199749994,2.18778810139,False
pmd,EDP,400MHz,400.0,6x,6.0,42,1.9915818626000004,1.8514228295625,2.1269313227025,False
pmd,EDP,800MHz,800.0,1x,1.0,7,7.846233377900001,7.146992743315,8.576816376415001,False
pmd,EDP,800MHz,800.0,2x,2.0,14,1.1846567219000002,1.06814658783,1.2997611180525,False
pmd,EDP,800MHz,800.0,3x,3.0,21,0.6632786956,0.6118931228050001,0.7094737762775,False
pmd,EDP,800MHz,800.0,4x,4.0,28,0.6669892207,0.60969356234,0.7130855782325,False
pmd,EDP,800MHz,800.0,5x,5.0,35,0.6326030108999999,0.5781421075675001,0.68083332577,False
pmd,EDP,800MHz,800.0,6x,6.0,42,0.6458061081,0.6163052459675001,0.6782795874375,False
pmd,EDP,1.2GHz,1200.0,1x,1.0,7,4.5970275573,3.938334684205,5.409283273172499,False
pmd,EDP,1.2GHz,1200.0,2x,2.0,14,0.5318626691,0.4508717953249999,0.6108291902474999,False
pmd,EDP,1.2GHz,1200.0,3x,3.0,21,0.3647925394999999,0.3445899509925,0.3861242590024999,False
pmd,EDP,1.2GHz,1200.0,4x,4.0,28,0.3634707493,0.34580564959,0.3844288921475,False
pmd,EDP,1.2GHz,1200.0,5x,5.0,35,0.3062274504,0.2755558458925,0.34236991533,False
pmd,EDP,1.2GHz,1200.0,6x,6.0,42,0.2932477892,0.269481954775,0.3160179905749999,False
pmd,EDP,1.6GHz,1600.0,1x,1.0,7,2.8486533421,2.517770736915,3.3481167797575,False
pmd,EDP,1.6GHz,1600.0,2x,2.0,14,0.3774414296,0.309070536995,0.44089092719,False
pmd,EDP,1.6GHz,1600.0,3x,3.0,21,0.2156004436,0.1959451723975,0.235909983865,False
pmd,EDP,1.6GHz,1600.0,4x,4.0,28,0.2333707259,0.2231475004275,0.2426352654599999,False
pmd,EDP,1.6GHz,1600.0,5x,5.0,35,0.2123079224,0.202168109985,0.2224928834549999,False
pmd,EDP,1.6GHz,1600.0,6x,6.0,42,0.2095295853999999,0.1954192397375,0.2248108678875,False
pmd,EDP,2.0GHz,2000.0,1x,1.0,7,2.4387072177,2.246690379925,2.6015408498449997,False
pmd,EDP,2.0GHz,2000.0,2x,2.0,14,0.3059459367,0.26922115113,0.3443854117525,False
pmd,EDP,2.0GHz,2000.0,3x,3.0,21,0.1912851095,0.1749887798799999,0.2062966772899999,False
pmd,EDP,2.0GHz,2000.0,4x,4.0,28,0.1891854072,0.1715601872125,0.2063776830075,False
pmd,EDP,2.0GHz,2000.0,5x,5.0,35,0.1658280816,0.1539753177275,0.176506868895,False
pmd,EDP,2.0GHz,2000.0,6x,6.0,42,0.1749408917,0.1599702463975,0.189716966875,False
pmd,EDP,2.4GHz,2400.0,1x,1.0,7,2.2296053306,1.9737472864200003,2.5162032299450003,False
pmd,EDP,2.4GHz,2400.0,2x,2.0,14,0.2581553327,0.22421239369,0.2915152528574999,False
pmd,EDP,2.4GHz,2400.0,3x,3.0,21,0.1762554913,0.166758340415,0.185961473365,False
pmd,EDP,2.4GHz,2400.0,4x,4.0,28,0.1664965583,0.15742014529,0.1758845699649999,False
pmd,EDP,2.4GHz,2400.0,5x,5.0,35,0.1578561134,0.149671370025,0.16551394495,True
pmd,EDP,2.4GHz,2400.0,6x,6.0,42,0.1516467098,0.137554694875,0.163635094615,True
pmd,EDP,2.7GHz,2700.0,1x,1.0,7,3.7511170637,2.1618437610575,6.732513861665001,False
pmd,EDP,2.7GHz,2700.0,2x,2.0,14,0.2216674025999999,0.196797983085,0.2484387186575,False
pmd,EDP,2.7GHz,2700.0,3x,3.0,21,0.1650611727,0.1545155035875,0.17503397117,False
pmd,EDP,2.7GHz,2700.0,4x,4.0,28,0.1513875857,0.1402832564499999,0.1628990736249999,True
pmd,EDP,2.7GHz,2700.0,5x,5.0,35,0.1461732792,0.1393207934025,0.1519989375175,True
pmd,EDP,2.7GHz,2700.0,6x,6.0,42,0.1463086414,0.1339114885575,0.1572494524775,True
pmd,EDP2,400MHz,400.0,1x,1.0,7,130.12337577153295,115.19118291272954,146.9016668892857,False
pmd,EDP2,400MHz,400.0,2x,2.0,14,11.832158478701295,10.953799627668976,12.728625011905413,False
pmd,EDP2,400MHz,400.0,3x,3.0,21,4.953668160917767,4.733296403722061,5.191478834056292,False
pmd,EDP2,400MHz,400.0,4x,4.0,28,4.5557245217585995,4.319958805139001,4.8662597845861075,False
pmd,EDP2,400MHz,400.0,5x,5.0,35,4.252138639790102,4.064092821271898,4.442712095367343,False
pmd,EDP2,400MHz,400.0,6x,6.0,42,3.914463839304025,3.475793050578844,4.351415594704466,False
pmd,EDP2,800MHz,800.0,1x,1.0,7,33.81462511798044,29.80804047081759,38.38742287124021,False
pmd,EDP2,800MHz,800.0,2x,2.0,14,2.033297192573598,1.7654181133484297,2.3180405244513453,False
pmd,EDP2,800MHz,800.0,3x,3.0,21,0.8019069238902071,0.7082342491071099,0.8879220081361039,False
pmd,EDP2,800MHz,800.0,4x,4.0,28,0.8140712865492047,0.7153550850178474,0.901480228605153,False
pmd,EDP2,800MHz,800.0,5x,5.0,35,0.7481762595022202,0.6584482063324429,0.8261246209628467,False
pmd,EDP2,800MHz,800.0,6x,6.0,42,0.7675455478101467,0.715770257205641,0.8197802223032261,False
pmd,EDP2,1.2GHz,1200.0,1x,1.0,7,16.804955583681032,13.01148499209348,21.621442243933483,False
pmd,EDP2,1.2GHz,1200.0,2x,2.0,14,0.670007753516989,0.5148927831967889,0.8197711620022522,False
pmd,EDP2,1.2GHz,1200.0,3x,3.0,21,0.3549368278317766,0.3233228702152971,0.3844426665114628,False
pmd,EDP2,1.2GHz,1200.0,4x,4.0,28,0.35228882726895,0.3281162621644795,0.3838033684925627,False
pmd,EDP2,1.2GHz,1200.0,5x,5.0,35,0.2761112536436815,0.2339352345739833,0.318701249277197,False
pmd,EDP2,1.2GHz,1200.0,6x,6.0,42,0.2554043657060674,0.2197416720473346,0.2880222903772425,False
pmd,EDP2,1.6GHz,1600.0,1x,1.0,7,8.804823677247771,7.021802102399487,10.977192511932442,False
pmd,EDP2,1.6GHz,1600.0,2x,2.0,14,0.4380455666142046,0.3270995983375969,0.5419941521485785,False
pmd,EDP2,1.6GHz,1600.0,3x,3.0,21,0.1749289822931486,0.1516107278985531,0.1990484778994285,False
pmd,EDP2,1.6GHz,1600.0,4x,4.0,28,0.1955786376639994,0.1840312121020635,0.2080342720772239,False
pmd,EDP2,1.6GHz,1600.0,5x,5.0,35,0.171227853909316,0.1593501320828295,0.1832349667830535,False
pmd,EDP2,1.6GHz,1600.0,6x,6.0,42,0.167833170756117,0.150116414735714,0.1843837832767113,False
pmd,EDP2,2.0GHz,2000.0,1x,1.0,7,7.690719387341387,6.930913256612958,8.403602401963866,False
pmd,EDP2,2.0GHz,2000.0,2x,2.0,14,0.3511602064139335,0.2902907866607286,0.4174018009066631,False
pmd,EDP2,2.0GHz,2000.0,3x,3.0,21,0.1641208096232239,0.1445540511554867,0.1814777108811051,True
pmd,EDP2,2.0GHz,2000.0,4x,4.0,28,0.1610941061983132,0.1408477767762978,0.1830771653866589,True
pmd,EDP2,2.0GHz,2000.0,5x,5.0,35,0.1326982956968338,0.1183030380982804,0.1472840741148998,True
pmd,EDP2,2.0GHz,2000.0,6x,6.0,42,0.1440605125116241,0.1239024179091101,0.162128719125702,True
pmd,EDP2,2.4GHz,2400.0,1x,1.0,7,7.809846762167564,6.279514037542709,9.336691876533244,False
pmd,EDP2,2.4GHz,2400.0,2x,2.0,14,0.2915760980134153,0.2320320602123952,0.3434142159518598,False
pmd,EDP2,2.4GHz,2400.0,3x,3.0,21,0.1629606449079481,0.1481235202059692,0.1764545712587812,True
pmd,EDP2,2.4GHz,2400.0,4x,4.0,28,0.1491792119027676,0.1383355055527719,0.1630368796286651,True
pmd,EDP2,2.4GHz,2400.0,5x,5.0,35,0.1388779051377226,0.1282146612164402,0.1495336446754342,True
pmd,EDP2,2.4GHz,2400.0,6x,6.0,42,0.1317467543779778,0.1137573739606482,0.1487662372052491,True
pmd,EDP2,2.7GHz,2700.0,1x,1.0,7,31.348224693049765,7.660504152969019,77.6649527811929,False
pmd,EDP2,2.7GHz,2700.0,2x,2.0,14,0.2531333757312283,0.2102958897476136,0.2990023966107821,False
pmd,EDP2,2.7GHz,2700.0,3x,3.0,21,0.1617090780815677,0.1460447274707063,0.1764314760229276,True
pmd,EDP2,2.7GHz,2700.0,4x,4.0,28,0.1420787212774499,0.1272784383385848,0.1587285138969809,True
pmd,EDP2,2.7GHz,2700.0,5x,5.0,35,0.1336074081285652,0.1241553736668559,0.141967268767835,True
pmd,EDP2,2.7GHz,2700.0,6x,6.0,42,0.1348962371465498,0.120099883762,0.1495406390041929,True
spring,Energy,400MHz,400.0,1x,1.0,43,5.521429499999999,4.918604964999999,5.9593824175,False
spring,Energy,400MHz,400.0,2x,2.0,86,3.5552002000000003,2.9234163774999997,4.112555632499999,False
spring,Energy,400MHz,400.0,3x,3.0,129,3.5157103,2.96617482,4.0718324599999995,False
spring,Energy,400MHz,400.0,4x,4.0,172,3.940936199999999,3.5393037350000003,4.25278213,False
spring,Energy,400MHz,400.0,5x,5.0,215,3.3473025,2.7236371025,3.981004345,False
spring,Energy,400MHz,400.0,6x,6.0,258,3.9904539,3.4565483499999994,4.4921151825,False
spring,Energy,800MHz,800.0,1x,1.0,43,3.0164672999999995,2.454686125,3.683262510000001,False
spring,Energy,800MHz,800.0,2x,2.0,86,1.7962892,1.5992587175,2.0388542824999996,False
spring,Energy,800MHz,800.0,3x,3.0,129,1.9834901,1.9107847875,2.070636465,False
spring,Energy,800MHz,800.0,4x,4.0,172,1.7171565999999998,1.5414627075,1.963648055,False
spring,Energy,800MHz,800.0,5x,5.0,215,1.8607542,1.687691805,2.0901069474999994,False
spring,Energy,800MHz,800.0,6x,6.0,258,1.9344726,1.7878593399999998,2.1907047775,False
spring,Energy,1.2GHz,1200.0,1x,1.0,43,2.2905274,2.13754718,2.491605745,False
spring,Energy,1.2GHz,1200.0,2x,2.0,86,1.6203431,1.3103289850000002,1.9436817425,True
spring,Energy,1.2GHz,1200.0,3x,3.0,129,1.417224,1.3766782475,1.461699585,True
spring,Energy,1.2GHz,1200.0,4x,4.0,172,1.3894469,1.2798024925000002,1.567414875,True
spring,Energy,1.2GHz,1200.0,5x,5.0,215,1.4947266,1.3422622575000005,1.7132418100000002,True
spring,Energy,1.2GHz,1200.0,6x,6.0,258,1.7244813,1.497586255,2.0141505824999992,False
spring,Energy,1.6GHz,1600.0,1x,1.0,43,2.3775512,2.2308465824999995,2.474313819999999,False
spring,Energy,1.6GHz,1600.0,2x,2.0,86,1.2754150000000002,1.103047125,1.5242512425,True
spring,Energy,1.6GHz,1600.0,3x,3.0,129,1.4988340999999998,1.2788722650000002,1.7493649975,True
spring,Energy,1.6GHz,1600.0,4x,4.0,172,1.5825806,1.3611915025,1.81530704,True
spring,Energy,1.6GHz,1600.0,5x,5.0,215,1.2437986,1.1482699624999997,1.3988977050000002,True
spring,Energy,1.6GHz,1600.0,6x,6.0,258,1.524884,1.3229493250000002,1.7685344874999998,True
spring,Energy,2.0GHz,2000.0,1x,1.0,43,2.5311341,2.3224802825,2.8002980825000003,False
spring,Energy,2.0GHz,2000.0,2x,2.0,86,1.3554441999999998,1.2987647725,1.42200519,True
spring,Energy,2.0GHz,2000.0,3x,3.0,129,1.302832,1.2318181975,1.3707465125000002,True
spring,Energy,2.0GHz,2000.0,4x,4.0,172,1.3701354,1.3145878025000002,1.429909125,True
spring,Energy,2.0GHz,2000.0,5x,5.0,215,1.3312620999999998,1.23827643,1.4109739674999997,True
spring,Energy,2.0GHz,2000.0,6x,6.0,258,1.36051,1.297769965,1.4308933675000004,True
spring,Energy,2.4GHz,2400.0,1x,1.0,43,2.8197204,2.6388831525,3.0658688549999997,False
spring,Energy,2.4GHz,2400.0,2x,2.0,86,1.4339418,1.2922258950000003,1.6264559,True
spring,Energy,2.4GHz,2400.0,3x,3.0,129,1.4739378,1.3444460775000002,1.6344814725,True
spring,Energy,2.4GHz,2400.0,4x,4.0,172,1.6351503,1.58539053,1.6853535825,False
spring,Energy,2.4GHz,2400.0,5x,5.0,215,1.3727844,1.271490385,1.4596678725,True
spring,Energy,2.4GHz,2400.0,6x,6.0,258,1.4233032,1.293400365,1.536470555,True
spring,Energy,2.7GHz,2700.0,1x,1.0,43,2.9189637999999993,2.8801582525,2.9609940275,False
spring,Energy,2.7GHz,2700.0,2x,2.0,86,1.5487607,1.5106910625,1.5827221325,False
spring,Energy,2.7GHz,2700.0,3x,3.0,129,1.7391234,1.6060804249999998,1.9041454825,False
spring,Energy,2.7GHz,2700.0,4x,4.0,172,1.7032533,1.6601347850000003,1.747334885,False
spring,Energy,2.7GHz,2700.0,5x,5.0,215,1.5574705000000002,1.451037505,1.7207057099999996,False
spring,Energy,2.7GHz,2700.0,6x,6.0,258,1.7072694,1.5240142,1.9112494475,False
spring,Time,400MHz,400.0,1x,1.0,43,2977.7,2636.2825000000003,3212.8125,False
spring,Time,400MHz,400.0,2x,2.0,86,1899.2,1559.995,2211.835,False
spring,Time,400MHz,400.0,3x,3.0,129,1849.3,1544.6425000000002,2131.115,False
spring,Time,400MHz,400.0,4x,4.0,172,2138.6,1904.2175,2327.1549999999997,False
spring,Time,400MHz,400.0,5x,5.0,215,1637.8,1332.0525,1932.815,False
spring,Time,400MHz,400.0,6x,6.0,258,1975.0,1724.485,2215.9725,False
spring,Time,800MHz,800.0,1x,1.0,43,1403.0,1134.27,1723.775,False
spring,Time,800MHz,800.0,2x,2.0,86,831.0,741.39,938.0025,False
spring,Time,800MHz,800.0,3x,3.0,129,830.5,799.1,868.3075,False
spring,Time,800MHz,800.0,4x,4.0,172,825.7,739.495,950.1025,False
spring,Time,800MHz,800.0,5x,5.0,215,811.7,733.8,932.335,False
spring,Time,800MHz,800.0,6x,6.0,258,812.0,749.8,926.205,False
spring,Time,1.2GHz,1200.0,1x,1.0,43,891.0,830.9975,967.025,False
spring,Time,1.2GHz,1200.0,2x,2.0,86,624.2,497.6,754.7025,False
spring,Time,1.2GHz,1200.0,3x,3.0,129,492.6,478.5875,504.7,False
spring,Time,1.2GHz,1200.0,4x,4.0,172,529.4,484.2,602.31,False
spring,Time,1.2GHz,1200.0,5x,5.0,215,571.8,504.985,655.8075,False
spring,Time,1.2GHz,1200.0,6x,6.0,258,604.6,520.395,695.1125,False
spring,Time,1.6GHz,1600.0,1x,1.0,43,784.8,735.795,819.7,False
spring,Time,1.6GHz,1600.0,2x,2.0,86,418.4,356.9,502.2399999999999,False
spring,Time,1.6GHz,1600.0,3x,3.0,129,472.4,399.765,550.7075,False
spring,Time,1.6GHz,1600.0,4x,4.0,172,521.3,434.9825,604.8075,False
spring,Time,1.6GHz,1600.0,5x,5.0,215,406.5,374.5,458.1025,False
spring,Time,1.6GHz,1600.0,6x,6.0,258,463.2,396.39,541.005,False
spring,Time,2.0GHz,2000.0,1x,1.0,43,673.0,615.5975,743.91,False
spring,Time,2.0GHz,2000.0,2x,2.0,86,355.8,342.0975,371.5,False
spring,Time,2.0GHz,2000.0,3x,3.0,129,339.2,323.5975,354.0025,False
spring,Time,2.0GHz,2000.0,4x,4.0,172,339.3,324.09250000000003,356.6025,False
spring,Time,2.0GHz,2000.0,5x,5.0,215,348.8,325.7975,370.0025,False
spring,Time,2.0GHz,2000.0,6x,6.0,258,334.7,320.695,349.705,False
spring,Time,2.4GHz,2400.0,1x,1.0,43,590.5,544.8,643.105,False
spring,Time,2.4GHz,2400.0,2x,2.0,86,295.6,266.395,330.315,True
spring,Time,2.4GHz,2400.0,3x,3.0,129,307.9,282.09000000000003,339.5075,False
spring,Time,2.4GHz,2400.0,4x,4.0,172,322.0,313.0975,331.6025,False
spring,Time,2.4GHz,2400.0,5x,5.0,215,284.5,262.5975,300.9025,True
spring,Time,2.4GHz,2400.0,6x,6.0,258,285.3,257.7925,310.0175,True
spring,Time,2.7GHz,2700.0,1x,1.0,43,518.3,511.4,526.3,False
spring,Time,2.7GHz,2700.0,2x,2.0,86,273.7,267.6975,280.3,True
spring,Time,2.7GHz,2700.0,3x,3.0,129,306.6,282.2,337.3025,False
spring,Time,2.7GHz,2700.0,4x,4.0,172,285.2,276.3975,294.4,True
spring,Time,2.7GHz,2700.0,5x,5.0,215,276.5,257.695,304.5025,True
spring,Time,2.7GHz,2700.0,6x,6.0,258,291.8,258.3975,326.505,True
spring,EDP,400MHz,400.0,1x,1.0,43,16.863434988999998,13.829913032694998,19.52056965168,False
spring,EDP,400MHz,400.0,2x,2.0,86,7.2668297941,5.2049203322825,9.2755438711025,False
spring,EDP,400MHz,400.0,3x,3.0,129,6.939316393,5.132895011624999,8.815674726845002,False
spring,EDP,400MHz,400.0,4x,4.0,172,8.6360650153,7.158650459035001,9.924739434275002,False
spring,EDP,400MHz,400.0,5x,5.0,215,5.9793068991,3.983288912057501,8.0513272087925,False
spring,EDP,400MHz,400.0,6x,6.0,258,8.232827066,6.401510053815001,10.070559592015,False
spring,EDP,800MHz,800.0,1x,1.0,43,4.7229768841,2.7990261286575,6.8804930131074995,False
spring,EDP,800MHz,800.0,2x,2.0,86,1.5470534753,1.2046883081625,1.9873955751975,False
spring,EDP,800MHz,800.0,3x,3.0,129,1.6544770294000002,1.5202019305275,1.8005343229175002,False
spring,EDP,800MHz,800.0,4x,4.0,172,1.4828069435,1.1523741364800002,2.019355909435,False
spring,EDP,800MHz,800.0,5x,5.0,215,1.5620886021,1.2459165325125,2.0441323255475,False
spring,EDP,800MHz,800.0,6x,6.0,258,1.6336367038,1.3427816914025,2.1812325548875,False
spring,EDP,1.2GHz,1200.0,1x,1.0,43,2.0769902119999997,1.7831759513749998,2.5078590171649995,False
spring,EDP,1.2GHz,1200.0,2x,2.0,86,1.1094099543999998,0.7676229750825001,1.5786715331575,False
spring,EDP,1.2GHz,1200.0,3x,3.0,129,0.6994485241,0.6609946471275001,0.7363144287325001,False
spring,EDP,1.2GHz,1200.0,4x,4.0,172,0.7645149715,0.6200625044174999,1.0168437222825002,False
spring,EDP,1.2GHz,1200.0,5x,5.0,215,0.8938643296000002,0.6878711857225002,1.2119668944249995,False
spring,EDP,1.2GHz,1200.0,6x,6.0,258,1.1002418560000002,0.7920648780224999,1.4606299055025005,False
spring,EDP,1.6GHz,1600.0,1x,1.0,43,1.8797909892,1.6815183247049998,2.0277818529000005,False
spring,EDP,1.6GHz,1600.0,2x,2.0,86,0.574039488,0.39152256931,0.8340666713375001,True
spring,EDP,1.6GHz,1600.0,3x,3.0,129,0.7536951538000001,0.5321422080475002,1.0029230696024998,False
spring,EDP,1.6GHz,1600.0,4x,4.0,172,0.8768154459999999,0.6071810053050001,1.1265813997625,False
spring,EDP,1.6GHz,1600.0,5x,5.0,215,0.5207546802999999,0.4302141799775,0.66921360731,True
spring,EDP,1.6GHz,1600.0,6x,6.0,258,0.7499089190999999,0.5275487452125001,1.0131423342675,False
spring,EDP,2.0GHz,2000.0,1x,1.0,43,1.7460797831,1.4247036752000002,2.158883968955,False
spring,EDP,2.0GHz,2000.0,2x,2.0,86,0.4847412247,0.4421326272425,0.5287904512775,False
spring,EDP,2.0GHz,2000.0,3x,3.0,129,0.4446701195999999,0.4018768927325,0.48804117019,True
spring,EDP,2.0GHz,2000.0,4x,4.0,172,0.4674715162999999,0.4258536233874999,0.510264075945,True
spring,EDP,2.0GHz,2000.0,5x,5.0,215,0.4694188831,0.4130340941624999,0.5257427274,True
spring,EDP,2.0GHz,2000.0,6x,6.0,258,0.4579123396,0.4160142709899999,0.501408362065,True
spring,EDP,2.4GHz,2400.0,1x,1.0,43,1.6912278209,1.4502549652575,2.0163112857974994,False
spring,EDP,2.4GHz,2400.0,2x,2.0,86,0.4381668740999999,0.348965046515,0.55599692974,True
spring,EDP,2.4GHz,2400.0,3x,3.0,129,0.4644741166999999,0.3791458010875,0.576742136795,True
spring,EDP,2.4GHz,2400.0,4x,4.0,172,0.5276770054,0.4937610594975,0.5585831082525,False
spring,EDP,2.4GHz,2400.0,5x,5.0,215,0.3951092313,0.3417523448999999,0.439925098555,True
spring,EDP,2.4GHz,2400.0,6x,6.0,258,0.4143907912,0.339531158655,0.4870931343324999,True
spring,EDP,2.7GHz,2700.0,1x,1.0,43,1.5136662568,1.4723398612675005,1.5579250993199998,False
spring,EDP,2.7GHz,2700.0,2x,2.0,86,0.4244963801,0.4059964902375,0.4441538737575,True
spring,EDP,2.7GHz,2700.0,3x,3.0,129,0.5437918191000001,0.4533771937725001,0.6521441957275,False
spring,EDP,2.7GHz,2700.0,4x,4.0,172,0.4867253875999999,0.460266067335,0.5131088807724999,False
spring,EDP,2.7GHz,2700.0,5x,5.0,215,0.4392377354,0.3754843642325,0.53528335869,True
spring,EDP,2.7GHz,2700.0,6x,6.0,258,0.5160497232000001,0.4081793715175,0.6398508930375,True
spring,EDP2,400MHz,400.0,1x,1.0,43,97.09578045672365,74.67932270047719,116.88970398471098,False
spring,EDP2,400MHz,400.0,2x,2.0,86,29.18793649581901,17.768271576619455,39.90863135190281,False
spring,EDP2,400MHz,400.0,3x,3.0,129,27.24855594367695,16.52809227021669,37.71792463659258,False
spring,EDP2,400MHz,400.0,4x,4.0,172,35.45552192788229,26.95892509934512,42.90895562989874,False
spring,EDP2,400MHz,400.0,5x,5.0,215,23.39252467769524,12.530358262395325,35.321072514426525,False
spring,EDP2,400MHz,400.0,6x,6.0,258,35.41192060920575,25.117823431931736,45.764351397856466,False
spring,EDP2,800MHz,800.0,1x,1.0,43,17.539935783874874,6.787457568255362,28.74881479338888,False
spring,EDP2,800MHz,800.0,2x,2.0,86,2.995042630729501,1.8960863254514064,4.177577070738046,False
spring,EDP2,800MHz,800.0,3x,3.0,129,3.309991280191574,2.9104040859928846,3.7550872568270623,False
spring,EDP2,800MHz,800.0,4x,4.0,172,2.820316169425958,1.803385935415498,4.540299934761945,False
spring,EDP2,800MHz,800.0,5x,5.0,215,3.120763620721407,2.093157918765794,4.58056321080778,False
spring,EDP2,800MHz,800.0,6x,6.0,258,3.456553401056135,2.410192790829084,5.4438696314136195,False
spring,EDP2,1.2GHz,1200.0,1x,1.0,43,4.943371152220402,3.849540723805929,6.678442826092324,False
spring,EDP2,1.2GHz,1200.0,2x,2.0,86,2.1456405454980243,1.2295029744959904,3.473837313029423,False
spring,EDP2,1.2GHz,1200.0,3x,3.0,129,0.9952507815917347,0.9150406963455427,1.0746527644683548,False
spring,EDP2,1.2GHz,1200.0,4x,4.0,172,1.158209610915447,0.7979630081094462,1.8162787225553685,False
spring,EDP2,1.2GHz,1200.0,5x,5.0,215,1.4727371294880658,0.9281856723850808,2.327666620215204,False
spring,EDP2,1.2GHz,1200.0,6x,6.0,258,2.119752227883489,1.2142227880061092,3.244355136452326,False
spring,EDP2,1.6GHz,1600.0,1x,1.0,43,4.527645665361228,3.8289133733349145,5.025444518257999,False
spring,EDP2,1.6GHz,1600.0,2x,2.0,86,0.8524588501887737,0.4320823068064263,1.459777576691852,True
spring,EDP2,1.6GHz,1600.0,3x,3.0,129,1.2752485797959738,0.788416379692965,1.91021400731319,False
spring,EDP2,1.6GHz,1600.0,4x,4.0,172,1.5469126352735183,0.9790378048904907,2.1796827120467595,False
spring,EDP2,1.6GHz,1600.0,5x,5.0,215,0.6912979624285881,0.491833111549093,1.0133709968990066,True
spring,EDP2,1.6GHz,1600.0,6x,6.0,258,1.2832396957320245,0.7342790349221562,1.856082757902055,False
spring,EDP2,2.0GHz,2000.0,1x,1.0,43,4.652251120803268,3.319961850189318,6.331172736274323,False
spring,EDP2,2.0GHz,2000.0,2x,2.0,86,0.6640010767715395,0.5799925314365519,0.7602971967258314,True
spring,EDP2,2.0GHz,2000.0,3x,3.0,129,0.5871368330606772,0.5014631012039923,0.6761912120316735,True
spring,EDP2,2.0GHz,2000.0,4x,4.0,172,0.6475269076814547,0.5602808874364533,0.7431206560235207,True
spring,EDP2,2.0GHz,2000.0,5x,5.0,215,0.6379278792628871,0.5242137124071634,0.7527700069785463,True
spring,EDP2,2.0GHz,2000.0,6x,6.0,258,0.6303532492536142,0.5351140388492671,0.722806531555339,True
spring,EDP2,2.4GHz,2400.0,1x,1.0,43,4.919031921222269,3.8155010193114474,6.287476507734923,False
spring,EDP2,2.4GHz,2400.0,2x,2.0,86,0.6733111958832821,0.4679986587957291,0.971620377783791,True
spring,EDP2,2.4GHz,2400.0,3x,3.0,129,0.7188242967805517,0.5381628068014999,1.0005106993554431,True
spring,EDP2,2.4GHz,2400.0,4x,4.0,172,0.8667968968735339,0.7910433030726269,0.9446111859468324,False
spring,EDP2,2.4GHz,2400.0,5x,5.0,215,0.5544494686421808,0.4437676568713481,0.6459854956852493,True
spring,EDP2,2.4GHz,2400.0,6x,6.0,258,0.6128254128562929,0.4505608168843121,0.7607510696875524,True
spring,EDP2,2.7GHz,2700.0,1x,1.0,43,4.422752261209876,4.240018051819371,4.613136214412679,False
spring,EDP2,2.7GHz,2700.0,2x,2.0,86,0.6593866720152215,0.6132848880679378,0.707132624695751,True
spring,EDP2,2.7GHz,2700.0,3x,3.0,129,0.9840643415014252,0.7367194793148244,1.284499878768706,False
spring,EDP2,2.7GHz,2700.0,4x,4.0,172,0.8321041049523418,0.7703368925719397,0.8984944233433305,False
spring,EDP2,2.7GHz,2700.0,5x,5.0,215,0.7147508108005581,0.5517617223238788,0.9814254720631804,True
spring,EDP2,2.7GHz,2700.0,6x,6.0,258,0.9437250799461784,0.6234174364973948,1.3074707729960595,True
sunflow,Energy,400MHz,400.0,1x,1.0,5,18.4617737,18.191900995,18.8362839275,False
sunflow,Energy,400MHz,400.0,2x,2.0,10,5.533587900000001,5.2370391624999995,5.898442364999999,False
sunflow,Energy,400MHz,400.0,3x,3.0,15,4.439770600000001,4.182796260000001,4.725901912500001,False
sunflow,Energy,400MHz,400.0,4x,4.0,20,4.5150757000000015,4.122557110000001,4.949943747499999,False
sunflow,Energy,400MHz,400.0,5x,5.0,25,4.409332,4.110653029999999,4.8002805099999994,False
sunflow,Energy,400MHz,400.0,6x,6.0,30,4.3636596999999995,4.1078943325,4.672382635,False
sunflow,Energy,800MHz,800.0,1x,1.0,5,11.1886474,11.0039750775,11.3900523,False
sunflow,Energy,800MHz,800.0,2x,2.0,10,3.2825499999999996,3.0776179275,3.5405803799999997,False
sunflow,Energy,800MHz,800.0,3x,3.0,15,2.4473879,2.3355210675,2.59783885,False
sunflow,Energy,800MHz,800.0,4x,4.0,20,2.555597,2.3483120375,2.7847140825,False
sunflow,Energy,800MHz,800.0,5x,5.0,25,2.4288086,2.28179888,2.5912127000000003,False
sunflow,Energy,800MHz,800.0,6x,6.0,30,2.6147644999999997,2.37274808,2.9102079249999995,False
sunflow,Energy,1.2GHz,1200.0,1x,1.0,5,8.861206200000002,8.773480395000002,9.010109505,False
sunflow,Energy,1.2GHz,1200.0,2x,2.0,10,2.5782593,2.4219297425,2.7473713600000003,False
sunflow,Energy,1.2GHz,1200.0,3x,3.0,15,2.07724,1.9396259775,2.2428027525,False
sunflow,Energy,1.2GHz,1200.0,4x,4.0,20,1.9307982000000004,1.84092957,2.0349653875,False
sunflow,Energy,1.2GHz,1200.0,5x,5.0,25,2.1117861,1.9212475625,2.306668565,False
sunflow,Energy,1.2GHz,1200.0,6x,6.0,30,1.9594175999999996,1.819823585,2.1336553474999995,False
sunflow,Energy,1.6GHz,1600.0,1x,1.0,5,15.017444,14.9518650925,15.074877912500002,False
sunflow,Energy,1.6GHz,1600.0,2x,2.0,10,4.0981566,3.984634087500001,4.23637901,False
sunflow,Energy,1.6GHz,1600.0,3x,3.0,15,3.827294699999999,3.6144795825,4.00532561,False
sunflow,Energy,1.6GHz,1600.0,4x,4.0,20,3.4975282,3.2993754575,3.684377945,False
sunflow,Energy,1.6GHz,1600.0,5x,5.0,25,3.4171509,3.299083475,3.5697948124999996,False
sunflow,Energy,1.6GHz,1600.0,6x,6.0,30,3.44917,3.3322336100000003,3.5878750550000005,False
sunflow,Energy,1.8GHz,1800.0,1x,1.0,5,8.089294599999999,7.976625772500001,8.232387492500001,False
sunflow,Energy,1.8GHz,1800.0,2x,2.0,10,2.3414979,2.20224966,2.5151806224999995,False
sunflow,Energy,1.8GHz,1800.0,3x,3.0,15,1.7221924000000002,1.6606626925,1.7848086025000005,True
sunflow,Energy,1.8GHz,1800.0,4x,4.0,20,1.6645446,1.585461285,1.7912622175,True
sunflow,Energy,1.8GHz,1800.0,5x,5.0,25,1.6880493,1.5537940475,1.9004768975,True
sunflow,Energy,1.8GHz,1800.0,6x,6.0,30,1.8656493,1.6982874875000002,2.0610695975,True
sunflow,Energy,2.0GHz,2000.0,1x,1.0,5,8.2474425,8.202336027500001,8.29362749,False
sunflow,Energy,2.0GHz,2000.0,2x,2.0,10,2.3256163000000005,2.220529795,2.4863728225,False
sunflow,Energy,2.0GHz,2000.0,3x,3.0,15,1.8072386000000005,1.7147252574999998,1.9198432299999997,True
sunflow,Energy,2.0GHz,2000.0,4x,4.0,20,1.7811525,1.636530525,1.9670624075,True
sunflow,Energy,2.0GHz,2000.0,5x,5.0,25,1.6418155000000003,1.57960016,1.7271878975,True
sunflow,Energy,2.0GHz,2000.0,6x,6.0,30,1.6503358,1.5878419,1.7102192925000002,True
sunflow,Energy,2.4GHz,2400.0,1x,1.0,5,9.2224121,9.072391005,9.4136680575,False
sunflow,Energy,2.4GHz,2400.0,2x,2.0,10,2.7102234,2.556669035,2.86099706,False
sunflow,Energy,2.4GHz,2400.0,3x,3.0,15,1.82605,1.7715324449999996,1.882367615,False
sunflow,Energy,2.4GHz,2400.0,4x,4.0,20,2.0656493,1.8962427375,2.2345293275,False
sunflow,Energy,2.4GHz,2400.0,5x,5.0,25,1.9860781,1.82575454,2.177470945,False
sunflow,Energy,2.4GHz,2400.0,6x,6.0,30,1.8576967,1.69800775,2.0546878175,True
sunflow,Energy,2.7GHz,2700.0,1x,1.0,5,9.87973,9.786052375,9.992190627499998,False
sunflow,Energy,2.7GHz,2700.0,2x,2.0,10,2.8432921999999996,2.6804729624999997,3.0278509225,False
sunflow,Energy,2.7GHz,2700.0,3x,3.0,15,2.08067,1.9684143999999997,2.2376687224999996,False
sunflow,Energy,2.7GHz,2700.0,4x,4.0,20,2.1343383000000005,1.9698790425000003,2.3097310475,False
sunflow,Energy,2.7GHz,2700.0,5x,5.0,25,2.0376342,1.8633297775,2.2651535299999996,False
sunflow,Energy,2.7GHz,2700.0,6x,6.0,30,1.9901366,1.86643644,2.15587606,False
sunflow,Time,400MHz,400.0,1x,1.0,5,9917.3,9810.8,10086.505,False
sunflow,Time,400MHz,400.0,2x,2.0,10,2947.9,2781.095,3150.1475,False
sunflow,Time,400MHz,400.0,3x,3.0,15,2357.5,2219.9625,2510.58,False
sunflow,Time,400MHz,400.0,4x,4.0,20,2403.6,2212.125,2625.9425,False
sunflow,Time,400MHz,400.0,5x,5.0,25,2330.5,2169.795,2526.0225,False
sunflow,Time,400MHz,400.0,6x,6.0,30,2327.0,2189.8675000000003,2477.9125,False
sunflow,Time,800MHz,800.0,1x,1.0,5,5252.4,5189.485,5339.405,False
sunflow,Time,800MHz,800.0,2x,2.0,10,1529.2,1430.99,1651.7125,False
sunflow,Time,800MHz,800.0,3x,3.0,15,1134.6,1085.77,1197.8025,False
sunflow,Time,800MHz,800.0,4x,4.0,20,1191.4,1096.5825,1307.725,False
sunflow,Time,800MHz,800.0,5x,5.0,25,1122.1,1059.1975,1198.7075,False
sunflow,Time,800MHz,800.0,6x,6.0,30,1211.9,1096.0975,1345.8449999999998,False
sunflow,Time,1.2GHz,1200.0,1x,1.0,5,3550.5,3519.6,3606.91,False
sunflow,Time,1.2GHz,1200.0,2x,2.0,10,1020.5,964.375,1086.005,False
sunflow,Time,1.2GHz,1200.0,3x,3.0,15,819.9,770.895,882.3025,False
sunflow,Time,1.2GHz,1200.0,4x,4.0,20,763.1,727.7,803.6025000000001,False
sunflow,Time,1.2GHz,1200.0,5x,5.0,25,837.3,764.1975,915.7,False
sunflow,Time,1.2GHz,1200.0,6x,6.0,30,772.4,712.1800000000001,849.4075,False
sunflow,Time,1.6GHz,1600.0,1x,1.0,5,5093.0,5076.9,5107.7,False
sunflow,Time,1.6GHz,1600.0,2x,2.0,10,1371.8,1340.2,1414.615,False
sunflow,Time,1.6GHz,1600.0,3x,3.0,15,1274.9,1211.8475,1332.9225,False
sunflow,Time,1.6GHz,1600.0,4x,4.0,20,1170.0,1111.8975,1231.11,False
sunflow,Time,1.6GHz,1600.0,5x,5.0,25,1145.8,1110.1925,1190.5,False
sunflow,Time,1.6GHz,1600.0,6x,6.0,30,1147.4,1107.9875,1195.305,False
sunflow,Time,1.8GHz,1800.0,1x,1.0,5,2505.7,2473.7975,2544.2025,False
sunflow,Time,1.8GHz,1800.0,2x,2.0,10,710.5,669.0975,757.3025,False
sunflow,Time,1.8GHz,1800.0,3x,3.0,15,520.8,501.8975,538.605,False
sunflow,Time,1.8GHz,1800.0,4x,4.0,20,501.3,475.4925,542.9,False
sunflow,Time,1.8GHz,1800.0,5x,5.0,25,507.4,468.595,569.7075,False
sunflow,Time,1.8GHz,1800.0,6x,6.0,30,564.7,513.795,630.005,False
sunflow,Time,2.0GHz,2000.0,1x,1.0,5,2277.2,2268.2975,2286.3025,False
sunflow,Time,2.0GHz,2000.0,2x,2.0,10,626.5,600.1925,666.31,False
sunflow,Time,2.0GHz,2000.0,3x,3.0,15,485.3,459.095,517.105,False
sunflow,Time,2.0GHz,2000.0,4x,4.0,20,457.2,432.7,487.1025,False
sunflow,Time,2.0GHz,2000.0,5x,5.0,25,440.0,423.4975,463.71,False
sunflow,Time,2.0GHz,2000.0,6x,6.0,30,444.3,428.7,461.3075,False
sunflow,Time,2.4GHz,2400.0,1x,1.0,5,2010.8,1980.5975,2047.8025,False
sunflow,Time,2.4GHz,2400.0,2x,2.0,10,566.1,537.895,598.605,False
sunflow,Time,2.4GHz,2400.0,3x,3.0,15,380.7,370.6975,393.4025,True
sunflow,Time,2.4GHz,2400.0,4x,4.0,20,434.3,401.395,470.105,False
sunflow,Time,2.4GHz,2400.0,5x,5.0,25,417.1,382.3975,457.205,False
sunflow,Time,2.4GHz,2400.0,6x,6.0,30,389.3,349.6,431.1,True
sunflow,Time,2.7GHz,2700.0,1x,1.0,5,1820.3,1802.8975,1842.8025,False
sunflow,Time,2.7GHz,2700.0,2x,2.0,10,500.3,472.8,534.205,False
sunflow,Time,2.7GHz,2700.0,3x,3.0,15,363.3,344.295,387.615,True
sunflow,Time,2.7GHz,2700.0,4x,4.0,20,372.4,344.3925,404.905,True
sunflow,Time,2.7GHz,2700.0,5x,5.0,25,356.7,325.6,396.105,True
sunflow,Time,2.7GHz,2700.0,6x,6.0,30,349.0,325.1975,381.31,True
sunflow,EDP,400MHz,400.0,1x,1.0,5,183.2011326088,178.57502833520002,189.61286713255748,False
sunflow,EDP,400MHz,400.0,2x,2.0,10,16.4896206337,14.561591505255002,18.9939554388075,False
sunflow,EDP,400MHz,400.0,3x,3.0,15,10.5654095633,9.40673655995,11.895694869175,False
sunflow,EDP,400MHz,400.0,4x,4.0,20,11.095092607800002,9.002856616405001,13.283436624529998,False
sunflow,EDP,400MHz,400.0,5x,5.0,25,10.4391452658,8.9582476371125,12.2933712404775,False
sunflow,EDP,400MHz,400.0,6x,6.0,30,10.2643737905,8.9399371511175,11.6133425985225,False
sunflow,EDP,800MHz,800.0,1x,1.0,5,58.8055819486,57.221512566795006,61.013401969540006,False
sunflow,EDP,800MHz,800.0,2x,2.0,10,5.0863694202,4.423225706687501,5.8381083823574995,False
sunflow,EDP,800MHz,800.0,3x,3.0,15,2.7954661143,2.53541433722,3.140124419347501,False
sunflow,EDP,800MHz,800.0,4x,4.0,20,3.1019932074000005,2.6191857709125004,3.704839858735,False
sunflow,EDP,800MHz,800.0,5x,5.0,25,2.7538903473999996,2.4161933685749997,3.141611105605,False
sunflow,EDP,800MHz,800.0,6x,6.0,30,3.2638398496,2.6183791216600008,3.9878894307899992,False
sunflow,EDP,1.2GHz,1200.0,1x,1.0,5,31.4792370295,30.876947871157498,32.545045035835,False
sunflow,EDP,1.2GHz,1200.0,2x,2.0,10,2.6591234461999997,2.345671686365,3.0598473295324995,False
sunflow,EDP,1.2GHz,1200.0,3x,3.0,15,1.7249416326999998,1.51619668607,1.9858467182724993,False
sunflow,EDP,1.2GHz,1200.0,4x,4.0,20,1.4825369811,1.3458810596875,1.6472864950725,False
sunflow,EDP,1.2GHz,1200.0,5x,5.0,25,1.8073110406999997,1.5128985789775,2.15950371276,False
sunflow,EDP,1.2GHz,1200.0,6x,6.0,30,1.5450314432,1.2657186581050002,1.85212656916,False
sunflow,EDP,1.6GHz,1600.0,1x,1.0,5,76.48602908029999,75.905195888995,76.98405241127,False
sunflow,EDP,1.6GHz,1600.0,2x,2.0,10,5.634518138700001,5.3341160964649985,6.018843031335,False
sunflow,EDP,1.6GHz,1600.0,3x,3.0,15,4.9102937816,4.427570557155,5.392461350275,False
sunflow,EDP,1.6GHz,1600.0,4x,4.0,20,4.123159830500001,3.7169180096675007,4.588547558275,False
sunflow,EDP,1.6GHz,1600.0,5x,5.0,25,3.929813438399999,3.653161852142499,4.256693554422499,False
sunflow,EDP,1.6GHz,1600.0,6x,6.0,30,3.971321032100001,3.701443909225,4.268959828947501,False
sunflow,EDP,1.8GHz,1800.0,1x,1.0,5,20.280674363000003,19.766655804145,20.90052039373,False
sunflow,EDP,1.8GHz,1800.0,2x,2.0,10,1.6822081130999995,1.4639291829150003,1.9360958033075,False
sunflow,EDP,1.8GHz,1800.0,3x,3.0,15,0.8998547704,0.8358696713775,0.9644372773325002,False
sunflow,EDP,1.8GHz,1800.0,4x,4.0,20,0.8439011418,0.7564955150749999,0.9750204930575,False
sunflow,EDP,1.8GHz,1800.0,5x,5.0,25,0.8796746939,0.7341315056750001,1.1094713065950002,True
sunflow,EDP,1.8GHz,1800.0,6x,6.0,30,1.0795521028,0.8890051528725001,1.3110915305274995,False
sunflow,EDP,2.0GHz,2000.0,1x,1.0,5,18.7818248974,18.6092252672125,18.93418824554,False
sunflow,EDP,2.0GHz,2000.0,2x,2.0,10,1.4684490307,1.323145604845,1.6646676104999998,False
sunflow,EDP,2.0GHz,2000.0,3x,3.0,15,0.8862410392,0.7913564057975001,1.020668067795,False
sunflow,EDP,2.0GHz,2000.0,4x,4.0,20,0.8207130476,0.712854724785,0.9413033845775,True
sunflow,EDP,2.0GHz,2000.0,5x,5.0,25,0.7263551197,0.6678707952575001,0.8084026204749999,True
sunflow,EDP,2.0GHz,2000.0,6x,6.0,30,0.7358138117999999,0.6825749640625,0.79318951213,True
sunflow,EDP,2.4GHz,2400.0,1x,1.0,5,18.559077655900005,17.97822093934,19.298994292645,False
sunflow,EDP,2.4GHz,2400.0,2x,2.0,10,1.5458764812,1.3837325328575,1.7210823059475,False
sunflow,EDP,2.4GHz,2400.0,3x,3.0,15,0.6967077862,0.658328720855,0.7399384719500001,True
sunflow,EDP,2.4GHz,2400.0,4x,4.0,20,0.9117583763,0.7820478204625001,1.0656703607625,False
sunflow,EDP,2.4GHz,2400.0,5x,5.0,25,0.846030331,0.69885461626,1.0232464424574998,True
sunflow,EDP,2.4GHz,2400.0,6x,6.0,30,0.7432520972,0.5845948976,0.915832083755,True
sunflow,EDP,2.7GHz,2700.0,1x,1.0,5,17.9896001969,17.63461698804,18.44015592179,False
sunflow,EDP,2.7GHz,2700.0,2x,2.0,10,1.4367629743,1.26737136202,1.6320755406925005,False
sunflow,EDP,2.7GHz,2700.0,3x,3.0,15,0.7642574229,0.6784369539174998,0.8826961036499998,True
sunflow,EDP,2.7GHz,2700.0,4x,4.0,20,0.8085780241,0.68101091583,0.9604127483775,True
sunflow,EDP,2.7GHz,2700.0,5x,5.0,25,0.7456718563,0.612219428965,0.9190735781525,True
sunflow,EDP,2.7GHz,2700.0,6x,6.0,30,0.7058730381,0.6118939067200001,0.8515630777675001,True
sunflow,EDP2,400MHz,400.0,1x,1.0,5,3386.9710874977195,3252.602355266624,3588.130732946076,False
sunflow,EDP2,400MHz,400.0,2x,2.0,10,93.33787731339432,76.00991743485613,118.0762092787546,False
sunflow,EDP2,400MHz,400.0,3x,3.0,15,47.81305502631548,39.62432700759021,57.60437228402013,False
sunflow,EDP2,400MHz,400.0,4x,4.0,20,52.47435428434402,38.40766977920364,69.55302876262141,False
sunflow,EDP2,400MHz,400.0,5x,5.0,25,47.58839507432802,36.76154421639516,61.062828844555355,False
sunflow,EDP2,400MHz,400.0,6x,6.0,30,45.79140424730744,37.80792371334829,55.99520641094015,False
sunflow,EDP2,800MHz,800.0,1x,1.0,5,658.9402915396087,630.5418861468692,696.2192674489011,False
sunflow,EDP2,800MHz,800.0,2x,2.0,10,17.15997466335747,13.447667171975276,21.489589628320044,False
sunflow,EDP2,800MHz,800.0,3x,3.0,15,6.93958825785613,5.929441572448098,8.267549712612112,False
sunflow,EDP2,800MHz,800.0,4x,4.0,20,8.237956543639353,6.2763805976764315,10.608513018494042,False
sunflow,EDP2,800MHz,800.0,5x,5.0,25,6.836498512589502,5.586540079527793,8.46040315121054,False
sunflow,EDP2,800MHz,800.0,6x,6.0,30,9.064470110898302,6.1779846278480495,12.362088773676373,False
sunflow,EDP2,1.2GHz,1200.0,1x,1.0,5,279.26893624053173,271.05660221075914,293.7291966259332,False
sunflow,EDP2,1.2GHz,1200.0,2x,2.0,10,7.007903247798138,5.669751870874673,8.585927031528941,False
sunflow,EDP2,1.2GHz,1200.0,3x,3.0,15,3.681334751431767,2.9700258861972992,4.668205891479945,False
sunflow,EDP2,1.2GHz,1200.0,4x,4.0,20,2.899127776776518,2.5205973684502787,3.3814854333062216,False
sunflow,EDP2,1.2GHz,1200.0,5x,5.0,25,3.985493110203581,2.893654492161802,5.133290709584353,False
sunflow,EDP2,1.2GHz,1200.0,6x,6.0,30,3.159865506064468,2.2795523117686907,4.105997158358582,False
sunflow,EDP2,1.6GHz,1600.0,1x,1.0,5,1148.7086962606274,1135.7819512130716,1160.475978646292,False
sunflow,EDP2,1.6GHz,1600.0,2x,2.0,10,23.20672305154497,21.28374810332571,25.706336574113664,False
sunflow,EDP2,1.6GHz,1600.0,3x,3.0,15,19.02834464269374,16.375403370124317,21.588972411282818,False
sunflow,EDP2,1.6GHz,1600.0,4x,4.0,20,14.64837166356673,12.346198967032173,17.23812496162821,False
sunflow,EDP2,1.6GHz,1600.0,5x,5.0,25,13.534539609677946,12.183096439499751,15.355436980414304,False
sunflow,EDP2,1.6GHz,1600.0,6x,6.0,30,13.797689457012028,12.341765017263786,15.488362490804384,False
sunflow,EDP2,1.8GHz,1800.0,1x,1.0,5,164.24905829953713,157.00684864126728,172.49067143331237,False
sunflow,EDP2,1.8GHz,1800.0,2x,2.0,10,4.031532562980429,3.2740724384727367,4.986346877974068,False
sunflow,EDP2,1.8GHz,1800.0,3x,3.0,15,1.5601237362436031,1.3925898665787844,1.7271382362329444,True
sunflow,EDP2,1.8GHz,1800.0,4x,4.0,20,1.4391430937909722,1.1941679993225058,1.8169804044304507,True
sunflow,EDP2,1.8GHz,1800.0,5x,5.0,25,1.5789979325770254,1.1431311599097091,2.2671343633956695,True
sunflow,EDP2,1.8GHz,1800.0,6x,6.0,30,2.1163001803097514,1.540743158762638,2.8202421613483803,False
sunflow,EDP2,2.0GHz,2000.0,1x,1.0,5,154.91971615093206,152.79417558342894,156.89862143138254,False
sunflow,EDP2,2.0GHz,2000.0,2x,2.0,10,3.4731022763273836,2.961608071175092,4.206219846192579,False
sunflow,EDP2,2.0GHz,2000.0,3x,3.0,15,1.6373704562122735,1.339601404618922,2.0329757070287933,True
sunflow,EDP2,2.0GHz,2000.0,4x,4.0,20,1.5054739910415456,1.1828586556915948,1.868040381274664,True
sunflow,EDP2,2.0GHz,2000.0,5x,5.0,25,1.2060377765753247,1.0560134715034706,1.4005479837499966,True
sunflow,EDP2,2.0GHz,2000.0,6x,6.0,30,1.2231127050648036,1.0967268804587689,1.3656691050574437,True
sunflow,EDP2,2.4GHz,2400.0,1x,1.0,5,171.4537461021104,163.19794079571736,181.72301679144496,False
sunflow,EDP2,2.4GHz,2400.0,2x,2.0,10,4.255049567553157,3.5977849196516827,5.010236295671511,False
sunflow,EDP2,2.4GHz,2400.0,3x,3.0,15,1.2779590899401954,1.1669709841177762,1.3992554259982062,True
sunflow,EDP2,2.4GHz,2400.0,4x,4.0,20,1.9443751493822743,1.5144713158677947,2.4431312201762987,False
sunflow,EDP2,2.4GHz,2400.0,5x,5.0,25,1.7554628001469643,1.309323746447391,2.3355335735123783,True
sunflow,EDP2,2.4GHz,2400.0,6x,6.0,30,1.4626072759404984,0.9800018036311502,2.0277276315506185,True
sunflow,EDP2,2.7GHz,2700.0,1x,1.0,5,177.84307851902742,172.89869485498977,184.14745897417976,False
sunflow,EDP2,2.7GHz,2700.0,2x,2.0,10,4.170855541563377,3.4212383793159864,5.0476962698532235,False
sunflow,EDP2,2.7GHz,2700.0,3x,3.0,15,1.6282077111352364,1.3526602062462298,2.059733608374449,True
sunflow,EDP2,2.7GHz,2700.0,4x,4.0,20,1.7884479175960102,1.352284656139373,2.323421176124824,True
sunflow,EDP2,2.7GHz,2700.0,5x,5.0,25,1.6046956764891065,1.1319839558910558,2.2268027013170393,True
sunflow,EDP2,2.7GHz,2700.0,6x,6.0,30,1.4540216907309644,1.1440516210334055,1.9244222442305416,True
tomcat,Energy,400MHz,400.0,1x,1.0,13,6.819207799999999,6.048592512500001,7.596402427499999,False
tomcat,Energy,800MHz,800.0,1x,1.0,13,3.4425966000000003,3.32216084,3.5529207724999994,False
tomcat,Energy,1.2GHz,1200.0,1x,1.0,13,3.0075377,2.9068620724999996,3.1106624125,True
tomcat,Energy,1.6GHz,1600.0,1x,1.0,13,2.8398743,2.64954411,3.0418834450000003,True
tomcat,Energy,2.0GHz,2000.0,1x,1.0,13,2.9109434000000003,2.8030380125,3.0193890875,True
tomcat,Energy,2.4GHz,2400.0,1x,1.0,13,3.3909667,3.219314875,3.5396555499999995,False
tomcat,Energy,2.7GHz,2700.0,1x,1.0,13,3.746783100000001,3.5644866074999997,3.916597340000001,False
tomcat,Time,400MHz,400.0,1x,1.0,13,3005.1,2899.1,3115.7225,False
tomcat,Time,800MHz,800.0,1x,1.0,13,1582.4,1527.2949999999998,1630.4,False
tomcat,Time,1.2GHz,1200.0,1x,1.0,13,1118.6,1081.89,1161.3025,False
tomcat,Time,1.6GHz,1600.0,1x,1.0,13,878.3,817.1875,940.9075,False
tomcat,Time,2.0GHz,2000.0,1x,1.0,13,726.6,697.5975,752.205,False
tomcat,Time,2.4GHz,2400.0,1x,1.0,13,671.8,639.9975,703.005,True
tomcat,Time,2.7GHz,2700.0,1x,1.0,13,626.5,593.195,653.2025,True
tomcat,EDP,400MHz,400.0,1x,1.0,13,20.663763769700005,18.071419486147505,23.399238870647498,False
tomcat,EDP,800MHz,800.0,1x,1.0,13,5.4623681784,5.119185042715,5.807519110792501,False
tomcat,EDP,1.2GHz,1200.0,1x,1.0,13,3.3736990286,3.1514115475649995,3.6104430628875,False
tomcat,EDP,1.6GHz,1600.0,1x,1.0,13,2.5255213664,2.1915106524850003,2.88467441618,True
tomcat,EDP,2.0GHz,2000.0,1x,1.0,13,2.1229151561,1.9556604623675,2.2696551800775,True
tomcat,EDP,2.4GHz,2400.0,1x,1.0,13,2.2912927739000004,2.0689812005875003,2.51336403126,True
tomcat,EDP,2.7GHz,2700.0,1x,1.0,13,2.3611421966000004,2.1248332877875,2.5535961775725,True
tomcat,EDP2,400MHz,400.0,1x,1.0,13,146.24144764189288,110.97325173760416,179.77578963373705,False
tomcat,EDP2,800MHz,800.0,1x,1.0,13,18.90698667910432,17.047109628223613,20.807916675293185,False
tomcat,EDP2,1.2GHz,1200.0,1x,1.0,13,10.203139378704057,9.259808116431335,11.227676178442106,False
tomcat,EDP2,1.6GHz,1600.0,1x,1.0,13,7.354363874240581,5.894962145826431,9.027437744736137,True
tomcat,EDP2,2.0GHz,2000.0,1x,1.0,13,6.224025635973684,5.563638038208685,6.8928417161876965,True
tomcat,EDP2,2.4GHz,2400.0,1x,1.0,13,7.856780513188883,6.837757073602167,8.919142473416075,True
tomcat,EDP2,2.7GHz,2700.0,1x,1.0,13,8.948475246808048,7.687082937459099,10.04389600949596,False
xalan,Energy,400MHz,400.0,1x,1.0,5,9.5157411,9.185944275000002,9.82922193,False
xalan,Energy,400MHz,400.0,2x,2.0,10,3.2150453000000008,3.04777209,3.3621172275,False
xalan,Energy,400MHz,400.0,3x,3.0,15,2.5576905000000005,2.4108275975,2.7071547125,False
xalan,Energy,400MHz,400.0,4x,4.0,20,2.6195924,2.42534455,2.7918616224999995,False
xalan,Energy,400MHz,400.0,5x,5.0,25,2.5438538,2.3517261375,2.71282155,False
xalan,Energy,400MHz,400.0,6x,6.0,30,2.7691774,2.6393652825000005,2.905556405,False
xalan,Energy,800MHz,800.0,1x,1.0,5,5.4926758,5.3327600875,5.642442397500001,False
xalan,Energy,800MHz,800.0,2x,2.0,10,1.875348,1.84556244,1.9067266675,False
xalan,Energy,800MHz,800.0,3x,3.0,15,1.624701,1.586253165,1.666153,False
xalan,Energy,800MHz,800.0,4x,4.0,20,1.5521545,1.4706726874999998,1.6156519974999997,False
xalan,Energy,800MHz,800.0,5x,5.0,25,1.5365173,1.4449880625000002,1.6211600425,False
xalan,Energy,800MHz,800.0,6x,6.0,30,1.5095399,1.4148632425,1.5927817974999998,False
xalan,Energy,1.2GHz,1200.0,1x,1.0,5,4.597943000000001,4.49912908,4.699914402499999,False
xalan,Energy,1.2GHz,1200.0,2x,2.0,10,1.5040773,1.4520049924999998,1.5534559775,False
xalan,Energy,1.2GHz,1200.0,3x,3.0,15,1.2398314,1.1895325424999998,1.28093519,False
xalan,Energy,1.2GHz,1200.0,4x,4.0,20,1.2039245,1.1335260874999995,1.2689217075,False
xalan,Energy,1.2GHz,1200.0,5x,5.0,25,1.2055052999999998,1.1283779825,1.26487574,False
xalan,Energy,1.2GHz,1200.0,6x,6.0,30,1.2664978000000002,1.2354180225,1.2916518300000002,False
xalan,Energy,1.6GHz,1600.0,1x,1.0,5,6.653106800000001,6.569301530000001,6.73899445,False
xalan,Energy,1.6GHz,1600.0,2x,2.0,10,1.9070555999999996,1.8589568299999997,1.9559858775,False
xalan,Energy,1.6GHz,1600.0,3x,3.0,15,1.6398436,1.5752899925,1.6903054200000005,False
xalan,Energy,1.6GHz,1600.0,4x,4.0,20,1.6263307,1.558734545,1.6956431725,False
xalan,Energy,1.6GHz,1600.0,5x,5.0,25,1.6897949,1.6399026200000002,1.7306831074999998,False
xalan,Energy,1.6GHz,1600.0,6x,6.0,30,1.6525939,1.6022799625,1.686494885,False
xalan,Energy,1.8GHz,1800.0,1x,1.0,5,4.085852000000001,3.97338117,4.216992105,False
xalan,Energy,1.8GHz,1800.0,2x,2.0,10,1.350128,1.257591935,1.4751457974999995,False
xalan,Energy,1.8GHz,1800.0,3x,3.0,15,1.1451905000000002,1.0829255550000003,1.187671,True
xalan,Energy,1.8GHz,1800.0,4x,4.0,20,1.129187,1.0714313125,1.1730494024999998,True
xalan,Energy,1.8GHz,1800.0,5x,5.0,25,1.09812,1.0472822174999998,1.1473586674999998,True
xalan,Energy,1.8GHz,1800.0,6x,6.0,30,1.0572753,1.0107943475,1.105872825,True
xalan,Energy,2.0GHz,2000.0,1x,1.0,5,4.361846999999999,4.226311262499999,4.4702503325,False
xalan,Energy,2.0GHz,2000.0,2x,2.0,10,1.3887571,1.340733275,1.4266768799999998,False
xalan,Energy,2.0GHz,2000.0,3x,3.0,15,1.1818726,1.146342985,1.2150398075000002,False
xalan,Energy,2.0GHz,2000.0,4x,4.0,20,1.1205444999999998,1.0556201925,1.168603355,True
xalan,Energy,2.0GHz,2000.0,5x,5.0,25,1.1668519,1.1329064875,1.1898356125,False
xalan,Energy,2.0GHz,2000.0,6x,6.0,30,1.1135071,1.06003841,1.16296548,True
xalan,Energy,2.4GHz,2400.0,1x,1.0,5,4.6452024000000005,4.5062510575,4.7800405975,False
xalan,Energy,2.4GHz,2400.0,2x,2.0,10,1.4951173000000002,1.4520037675000002,1.539515065,False
xalan,Energy,2.4GHz,2400.0,3x,3.0,15,1.2514953,1.1857861149999998,1.3035303425000002,False
xalan,Energy,2.4GHz,2400.0,4x,4.0,20,1.2011965,1.1501083,1.2409773374999995,False
xalan,Energy,2.4GHz,2400.0,5x,5.0,25,1.2157898,1.1789820375000002,1.2544541900000004,False
xalan,Energy,2.4GHz,2400.0,6x,6.0,30,1.2643433000000002,1.2136053625000005,1.3014534675,False
xalan,Energy,2.7GHz,2700.0,1x,1.0,5,4.9749206,4.8690140175,5.067423987500001,False
xalan,Energy,2.7GHz,2700.0,2x,2.0,10,1.5959169000000002,1.5579625025,1.6229281575000003,False
xalan,Energy,2.7GHz,2700.0,3x,3.0,15,1.2980774,1.2383936825,1.3459425800000002,False
xalan,Energy,2.7GHz,2700.0,4x,4.0,20,1.3048463,1.273182295,1.3314453,False
xalan,Energy,2.7GHz,2700.0,5x,5.0,25,1.2786377999999998,1.23081427,1.3222566575,False
xalan,Energy,2.7GHz,2700.0,6x,6.0,30,1.3114748,1.2619462275,1.344735305,False
xalan,Time,400MHz,400.0,1x,1.0,5,5008.9,4871.3724999999995,5141.83,False
xalan,Time,400MHz,400.0,2x,2.0,10,1700.4,1610.495,1768.0325,False
xalan,Time,400MHz,400.0,3x,3.0,15,1364.8,1279.1975,1447.5125,False
xalan,Time,400MHz,400.0,4x,4.0,20,1392.0,1294.69,1479.22,False
xalan,Time,400MHz,400.0,5x,5.0,25,1360.7,1249.775,1467.7325,False
xalan,Time,400MHz,400.0,6x,6.0,30,1444.2,1378.79,1497.7025,False
xalan,Time,800MHz,800.0,1x,1.0,5,2585.9,2517.1825,2649.2,False
xalan,Time,800MHz,800.0,2x,2.0,10,884.2,866.9,900.8,False
xalan,Time,800MHz,800.0,3x,3.0,15,763.8,743.4975,782.7025,False
xalan,Time,800MHz,800.0,4x,4.0,20,735.4,696.38,767.7025,False
xalan,Time,800MHz,800.0,5x,5.0,25,729.5,685.295,769.4124999999999,False
xalan,Time,800MHz,800.0,6x,6.0,30,715.6,673.6975,755.0025,False
xalan,Time,1.2GHz,1200.0,1x,1.0,5,1804.6,1772.395,1836.0025,False
xalan,Time,1.2GHz,1200.0,2x,2.0,10,580.4,559.49,597.1025000000001,False
xalan,Time,1.2GHz,1200.0,3x,3.0,15,491.6,469.3925,510.8,False
xalan,Time,1.2GHz,1200.0,4x,4.0,20,478.1,445.5975,507.4,False
xalan,Time,1.2GHz,1200.0,5x,5.0,25,477.6,449.4,501.4025,False
xalan,Time,1.2GHz,1200.0,6x,6.0,30,505.6,492.3975,515.4025,False
xalan,Time,1.6GHz,1600.0,1x,1.0,5,2196.0,2173.495,2219.4,False
xalan,Time,1.6GHz,1600.0,2x,2.0,10,625.7,607.9975,638.9,False
xalan,Time,1.6GHz,1600.0,3x,3.0,15,537.1,515.895,555.0,False
xalan,Time,1.6GHz,1600.0,4x,4.0,20,528.7,504.2,553.21,False
xalan,Time,1.6GHz,1600.0,5x,5.0,25,547.2,532.595,559.3025,False
xalan,Time,1.6GHz,1600.0,6x,6.0,30,539.1,526.1975,548.8025,False
xalan,Time,1.8GHz,1800.0,1x,1.0,5,1225.2,1196.1775,1260.41,False
xalan,Time,1.8GHz,1800.0,2x,2.0,10,392.0,365.6975,422.2,False
xalan,Time,1.8GHz,1800.0,3x,3.0,15,332.1,315.1,342.7,False
xalan,Time,1.8GHz,1800.0,4x,4.0,20,326.3,310.495,339.3,False
xalan,Time,1.8GHz,1800.0,5x,5.0,25,315.2,297.7,331.3,False
xalan,Time,1.8GHz,1800.0,6x,6.0,30,305.6,291.1,320.3025,False
xalan,Time,2.0GHz,2000.0,1x,1.0,5,1164.1,1132.2925,1190.215,False
xalan,Time,2.0GHz,2000.0,2x,2.0,10,362.6,350.6,372.105,False
xalan,Time,2.0GHz,2000.0,3x,3.0,15,304.0,296.2975,310.8,False
xalan,Time,2.0GHz,2000.0,4x,4.0,20,291.8,274.79,304.2,False
xalan,Time,2.0GHz,2000.0,5x,5.0,25,302.3,294.1,307.8025,False
xalan,Time,2.0GHz,2000.0,6x,6.0,30,287.8,273.2,301.4025,False
xalan,Time,2.4GHz,2400.0,1x,1.0,5,978.6,946.9,1005.9,False
xalan,Time,2.4GHz,2400.0,2x,2.0,10,307.0,298.09000000000003,314.8,False
xalan,Time,2.4GHz,2400.0,3x,3.0,15,254.2,241.9975,264.5025,False
xalan,Time,2.4GHz,2400.0,4x,4.0,20,246.1,236.2975,253.8025,False
xalan,Time,2.4GHz,2400.0,5x,5.0,25,247.3,240.3,253.1025,False
xalan,Time,2.4GHz,2400.0,6x,6.0,30,256.6,247.4975,264.1025,False
xalan,Time,2.7GHz,2700.0,1x,1.0,5,885.1,866.895,900.605,False
xalan,Time,2.7GHz,2700.0,2x,2.0,10,277.3,270.5,282.6,False
xalan,Time,2.7GHz,2700.0,3x,3.0,15,223.9,214.5975,232.6025,True
xalan,Time,2.7GHz,2700.0,4x,4.0,20,225.2,219.8,230.0,True
xalan,Time,2.7GHz,2700.0,5x,5.0,25,219.6,211.7,226.5025,True
xalan,Time,2.7GHz,2700.0,6x,6.0,30,226.6,218.9,232.2,True
xalan,EDP,400MHz,400.0,1x,1.0,5,47.7692578823,44.45946109068,50.32318233498,False
xalan,EDP,400MHz,400.0,2x,2.0,10,5.5002315757,4.974743974725,5.9739194464150005,False
xalan,EDP,400MHz,400.0,3x,3.0,15,3.5244154539,3.0673910236324997,3.893962437985,False
xalan,EDP,400MHz,400.0,4x,4.0,20,3.69116658,3.1787303219000003,4.132718458859999,False
xalan,EDP,400MHz,400.0,5x,5.0,25,3.512292677,2.9962556969725003,4.033970217845001,False
xalan,EDP,400MHz,400.0,6x,6.0,30,4.0128256102,3.68210975659,4.3073102383425,False
xalan,EDP,800MHz,800.0,1x,1.0,5,14.2300031379,13.4315190651575,14.966876699790005,False
xalan,EDP,800MHz,800.0,2x,2.0,10,1.6594035194,1.5987691010674998,1.7187032505600002,False
xalan,EDP,800MHz,800.0,3x,3.0,15,1.2428308562,1.1789852068749995,1.3030193767225002,False
xalan,EDP,800MHz,800.0,4x,4.0,20,1.1484838461,1.038549871405,1.2411889825625002,False
xalan,EDP,800MHz,800.0,5x,5.0,25,1.1305817914000005,0.999406753995,1.2446496152025002,False
xalan,EDP,800MHz,800.0,6x,6.0,30,1.089860374,0.9702022209175002,1.20921492092,False
xalan,EDP,1.2GHz,1200.0,1x,1.0,5,8.305825612200001,7.9726911114025,8.64545466174,False
xalan,EDP,1.2GHz,1200.0,2x,2.0,10,0.8752993310999999,0.8138695524475,0.92453064343,False
xalan,EDP,1.2GHz,1200.0,3x,3.0,15,0.6122093305,0.559731835745,0.6555945542,False
xalan,EDP,1.2GHz,1200.0,4x,4.0,20,0.5809615704000001,0.5093762460025001,0.641934203695,False
xalan,EDP,1.2GHz,1200.0,5x,5.0,25,0.5802960414999999,0.5190047532175001,0.6325247308750002,False
xalan,EDP,1.2GHz,1200.0,6x,6.0,30,0.6412118064,0.6089340653775001,0.6668428822475,False
xalan,EDP,1.6GHz,1600.0,1x,1.0,5,14.6152705226,14.275246475255,14.953492236525,False
xalan,EDP,1.6GHz,1600.0,2x,2.0,10,1.1951813041999997,1.138155396665,1.24728220599,False
xalan,EDP,1.6GHz,1600.0,3x,3.0,15,0.8838326048,0.8116415913475002,0.936343067945,False
xalan,EDP,1.6GHz,1600.0,4x,4.0,20,0.8642827179999999,0.7883822768525,0.9423055602225,False
xalan,EDP,1.6GHz,1600.0,5x,5.0,25,0.9261574977,0.8810405097375,0.9662509506825,False
xalan,EDP,1.6GHz,1600.0,6x,6.0,30,0.8922008556,0.8445042931600001,0.92376370605,False
xalan,EDP,1.8GHz,1800.0,1x,1.0,5,5.016220737300001,4.7450333048974995,5.3075483152125,False
xalan,EDP,1.8GHz,1800.0,2x,2.0,10,0.5377530197999999,0.45993172948,0.634594666005,False
xalan,EDP,1.8GHz,1800.0,3x,3.0,15,0.3823794512,0.3471757786125,0.40797420938,False
xalan,EDP,1.8GHz,1800.0,4x,4.0,20,0.3704199674,0.3372741371125,0.3977990718525,False
xalan,EDP,1.8GHz,1800.0,5x,5.0,25,0.3482313472,0.3163256737075,0.3813010780925,False
xalan,EDP,1.8GHz,1800.0,6x,6.0,30,0.3248617568,0.2956488726125,0.3531481818775,True
xalan,EDP,2.0GHz,2000.0,1x,1.0,5,5.0871313258,4.812429252759999,5.3366745313,False
xalan,EDP,2.0GHz,2000.0,2x,2.0,10,0.5047621413,0.4724011468325,0.528615407625,False
xalan,EDP,2.0GHz,2000.0,3x,3.0,15,0.3598554759,0.34147506045,0.377429482395,False
xalan,EDP,2.0GHz,2000.0,4x,4.0,20,0.3290481724,0.2946848977475,0.3548158815925,True
xalan,EDP,2.0GHz,2000.0,5x,5.0,25,0.3532666232,0.3347690173675,0.3668221809349999,False
xalan,EDP,2.0GHz,2000.0,6x,6.0,30,0.3223918813,0.2931182505674999,0.3514839543175,True
xalan,EDP,2.4GHz,2400.0,1x,1.0,5,4.5558397921,4.293900810649999,4.820255178339999,False
xalan,EDP,2.4GHz,2400.0,2x,2.0,10,0.4598793261,0.4336258454624999,0.4849848683575,False
xalan,EDP,2.4GHz,2400.0,3x,3.0,15,0.319891617,0.2902081485275,0.344690224635,True
xalan,EDP,2.4GHz,2400.0,4x,4.0,20,0.2966839696999999,0.2737880064175,0.314906964925,True
xalan,EDP,2.4GHz,2400.0,5x,5.0,25,0.3012261231,0.2849500281275,0.3163126708225,True
xalan,EDP,2.4GHz,2400.0,6x,6.0,30,0.3253515615,0.3019548704374999,0.3424242405475,False
xalan,EDP,2.7GHz,2700.0,1x,1.0,5,4.4077296253,4.227218727995,4.5717047661425,False
xalan,EDP,2.7GHz,2700.0,2x,2.0,10,0.4430653569,0.4237302771625,0.45838519008,False
xalan,EDP,2.7GHz,2700.0,3x,3.0,15,0.2919181358,0.2684689001425001,0.3140269222725,True
xalan,EDP,2.7GHz,2700.0,4x,4.0,20,0.2942331159,0.2804934637225,0.3061157447775001,True
xalan,EDP,2.7GHz,2700.0,5x,5.0,25,0.2816770156,0.261543566355,0.2988498125474998,True
xalan,EDP,2.7GHz,2700.0,6x,6.0,30,0.2980088129999999,0.27631077289,0.3124774808675,True
xalan,EDP2,400MHz,400.0,1x,1.0,5,456.7821852573803,414.7687506966251,496.70078811074967,False
xalan,EDP2,400MHz,400.0,2x,2.0,10,17.90187647494364,15.24711128489215,20.3050287018523,False
xalan,EDP2,400MHz,400.0,3x,3.0,15,9.185856001573454,7.557741109133526,10.782816270361335,False
xalan,EDP2,400MHz,400.0,4x,4.0,20,9.895565608884503,8.05235848423086,11.449218547379244,False
xalan,EDP2,400MHz,400.0,5x,5.0,25,9.179642696820835,7.308144483055831,11.017557483140214,False
xalan,EDP2,400MHz,400.0,6x,6.0,30,11.216976870159908,9.910486370336075,12.80735397233061,False
xalan,EDP2,800MHz,800.0,1x,1.0,5,78.47295646063971,71.96968123554828,84.47094730852125,False
xalan,EDP2,800MHz,800.0,2x,2.0,10,3.116573132849428,2.969185598700421,3.2770090905581157,False
xalan,EDP2,800MHz,800.0,3x,3.0,15,2.0256224425073315,1.8749278959990812,2.1871319625137895,False
xalan,EDP2,800MHz,800.0,4x,4.0,20,1.803107524961178,1.5484423225170814,2.014207316270806,False
xalan,EDP2,800MHz,800.0,5x,5.0,25,1.7666025100313505,1.476328855756047,2.0251399421990612,False
xalan,EDP2,800MHz,800.0,6x,6.0,30,1.6736082963553105,1.399647128284809,1.9410438609665608,False
xalan,EDP2,1.2GHz,1200.0,1x,1.0,5,38.27868708980738,35.939764897471754,40.71985400500423,False
xalan,EDP2,1.2GHz,1200.0,2x,2.0,10,1.323736950274841,1.2009291376901483,1.4411606530181431,False
xalan,EDP2,1.2GHz,1200.0,3x,3.0,15,0.7650774845651619,0.6802603246342559,0.8399189733503991,False
xalan,EDP2,1.2GHz,1200.0,4x,4.0,20,0.7114874850510502,0.5915108590445597,0.8246233354684759,False
xalan,EDP2,1.2GHz,1200.0,5x,5.0,25,0.709710454328545,0.6053403935968096,0.8024741621273139,False
xalan,EDP2,1.2GHz,1200.0,6x,6.0,30,0.8142062044750693,0.7555223756469523,0.8612745504675883,False
xalan,EDP2,1.6GHz,1600.0,1x,1.0,5,97.3126461162201,93.81400533726146,100.80518757649696,False
xalan,EDP2,1.6GHz,1600.0,2x,2.0,10,2.2868546757284856,2.1128327415448025,2.445638721552646,False
xalan,EDP2,1.6GHz,1600.0,3x,3.0,15,1.4585904233082083,1.2931250652066244,1.5806992531493624,False
xalan,EDP2,1.6GHz,1600.0,4x,4.0,20,1.4197087798098351,1.235958429391745,1.6040887730304725,False
xalan,EDP2,1.6GHz,1600.0,5x,5.0,25,1.570375248567096,1.4550055350861857,1.6758756689537164,False
xalan,EDP2,1.6GHz,1600.0,6x,6.0,30,1.4788319522848024,1.373148445878165,1.5659026882687452,False
xalan,EDP2,1.8GHz,1800.0,1x,1.0,5,20.585377550898983,18.935360116000307,22.58390422828961,False
xalan,EDP2,1.8GHz,1800.0,2x,2.0,10,0.7535316515169682,0.5850189989347571,0.9517551440560617,False
xalan,EDP2,1.8GHz,1800.0,3x,3.0,15,0.4424399224274444,0.3856595756927629,0.4831653313847159,True
xalan,EDP2,1.8GHz,1800.0,4x,4.0,20,0.4223644320032652,0.3597636919412481,0.4680935679433224,True
xalan,EDP2,1.8GHz,1800.0,5x,5.0,25,0.3866154690778204,0.3276723467907999,0.4381891249695028,True
xalan,EDP2,1.8GHz,1800.0,6x,6.0,30,0.3471659365248528,0.3026597906869323,0.3977024112409283,True
xalan,EDP2,2.0GHz,2000.0,1x,1.0,5,22.273724377640807,20.61199189303407,23.86689845370508,False
xalan,EDP2,2.0GHz,2000.0,2x,2.0,10,0.7042605151324544,0.6416839317458425,0.7541923857595867,False
xalan,EDP2,2.0GHz,2000.0,3x,3.0,15,0.4269052380522077,0.3927909892123606,0.4600282433432585,True
xalan,EDP2,2.0GHz,2000.0,4x,4.0,20,0.3731157322057344,0.3195760748844412,0.4135387151575141,True
xalan,EDP2,2.0GHz,2000.0,5x,5.0,25,0.4134427039232668,0.3804969492199039,0.4367544234176883,True
xalan,EDP2,2.0GHz,2000.0,6x,6.0,30,0.3631207196373571,0.3126816268543595,0.4096181290343037,True
xalan,EDP2,2.4GHz,2400.0,1x,1.0,5,21.256954040481585,19.385066535092008,23.10100025671151,False
xalan,EDP2,2.4GHz,2400.0,2x,2.0,10,0.6905053383839224,0.6361292851237997,0.7494627616652378,False
xalan,EDP2,2.4GHz,2400.0,3x,3.0,15,0.4047048410911938,0.3473111282348269,0.451935272762338,True
xalan,EDP2,2.4GHz,2400.0,4x,4.0,20,0.3588818272014708,0.3184350506350352,0.3918719086854929,True
xalan,EDP2,2.4GHz,2400.0,5x,5.0,25,0.3677698443083163,0.3362341810429204,0.3971592618366145,True
xalan,EDP2,2.4GHz,2400.0,6x,6.0,30,0.4136677980843687,0.3744971637430271,0.4464172703547087,True
xalan,EDP2,2.7GHz,2700.0,1x,1.0,5,21.97275605237394,20.62832607039395,23.149434064970908,False
xalan,EDP2,2.7GHz,2700.0,2x,2.0,10,0.7086538451639551,0.6669038956430644,0.7454684732004834,False
xalan,EDP2,2.7GHz,2700.0,3x,3.0,15,0.3821975543974614,0.3337578793434009,0.423359002967406,True
xalan,EDP2,2.7GHz,2700.0,4x,4.0,20,0.3849249027063627,0.3568279574308145,0.408340665876294,True
xalan,EDP2,2.7GHz,2700.0,5x,5.0,25,0.3624768518083422,0.3229783010691462,0.3954650665923933,True
xalan,EDP2,2.7GHz,2700.0,6x,6.0,30,0.392949431261979,0.3542200826387412,0.421197086771842,True
zxing,Energy,400MHz,400.0,1x,1.0,5,10.09151,9.38494797,10.79169669,False
zxing,Energy,400MHz,400.0,2x,2.0,10,5.6596069,4.836070905,6.7017771375,False
zxing,Energy,400MHz,400.0,3x,3.0,15,6.381255900000001,5.344532822500001,7.32542273,False
zxing,Energy,400MHz,400.0,4x,4.0,20,6.5219606,5.466652992500001,7.58710622,False
zxing,Energy,400MHz,400.0,5x,5.0,25,6.291870300000001,5.168395019999999,7.5508824374999985,False
zxing,Energy,400MHz,400.0,6x,6.0,30,7.319433599999999,6.268629475,8.3293353125,False
zxing,Energy,800MHz,800.0,1x,1.0,5,6.169293,5.8109532775,6.5477752675,False
zxing,Energy,800MHz,800.0,2x,2.0,10,3.5159118,2.8896051125,4.142354350000001,False
zxing,Energy,800MHz,800.0,3x,3.0,15,3.3296145000000004,2.69992345,3.97189919,False
zxing,Energy,800MHz,800.0,4x,4.0,20,4.4236448,3.699584774999999,4.9412916675,False
zxing,Energy,800MHz,800.0,5x,5.0,25,3.2582825,2.7036418025000004,3.885156665,False
zxing,Energy,800MHz,800.0,6x,6.0,30,3.7475097,3.02288661,4.4939912175,False
zxing,Energy,1.2GHz,1200.0,1x,1.0,5,4.6649597,4.4118368325,4.9272296675,False
zxing,Energy,1.2GHz,1200.0,2x,2.0,10,2.2221312,2.1439223199999997,2.3095791800000005,True
zxing,Energy,1.2GHz,1200.0,3x,3.0,15,3.0524472,2.562388705,3.4510659075,False
zxing,Energy,1.2GHz,1200.0,4x,4.0,20,3.3737426,2.82331655,3.800435545000001,False
zxing,Energy,1.2GHz,1200.0,5x,5.0,25,2.8001526,2.2904447900000005,3.3623127599999996,True
zxing,Energy,1.2GHz,1200.0,6x,6.0,30,3.2219603,2.5765538925,3.8212937625,False
zxing,Energy,1.6GHz,1600.0,1x,1.0,5,7.9881653,7.874500595000001,8.1019970375,False
zxing,Energy,1.6GHz,1600.0,2x,2.0,10,4.039691,3.756644465,4.345630345,False
zxing,Energy,1.6GHz,1600.0,3x,3.0,15,4.2477784,3.8511188825,4.631652182500001,False
zxing,Energy,1.6GHz,1600.0,4x,4.0,20,4.23172,3.8113281,4.6524197475,False
zxing,Energy,1.6GHz,1600.0,5x,5.0,25,4.1025694,3.724446555,4.5015386025,False
zxing,Energy,1.6GHz,1600.0,6x,6.0,30,4.280828999999999,3.867246255,4.70281588,False
zxing,Energy,1.8GHz,1800.0,1x,1.0,5,4.156591999999999,4.010396870000001,4.30914799,False
zxing,Energy,1.8GHz,1800.0,2x,2.0,10,2.5083983,2.0665052650000004,3.011284355,True
zxing,Energy,1.8GHz,1800.0,3x,3.0,15,2.1249449999999994,1.7896039599999998,2.5432747799999995,True
zxing,Energy,1.8GHz,1800.0,4x,4.0,20,2.6882812000000005,2.2866690275000003,3.0950061675,True
zxing,Energy,1.8GHz,1800.0,5x,5.0,25,2.4966491,2.1198601125,2.8952161225000004,True
zxing,Energy,1.8GHz,1800.0,6x,6.0,30,2.4538085,2.03364476,2.8826731724999997,True
zxing,Energy,2.0GHz,2000.0,1x,1.0,5,4.3590636,4.199365295000001,4.483540339999999,False
zxing,Energy,2.0GHz,2000.0,2x,2.0,10,2.6495971999999997,2.1837730725,3.0927017775,True
zxing,Energy,2.0GHz,2000.0,3x,3.0,15,2.498816,2.1322854574999996,2.8848654450000004,True
zxing,Energy,2.0GHz,2000.0,4x,4.0,20,2.6443236000000003,2.2051294950000004,3.0868444575,True
zxing,Energy,2.0GHz,2000.0,5x,5.0,25,2.590747,2.138069125,3.0514169775,True
zxing,Energy,2.0GHz,2000.0,6x,6.0,30,2.5799194000000005,2.1566482175,3.0675264325,True
zxing,Energy,2.4GHz,2400.0,1x,1.0,5,4.5781556000000005,4.4812700974999995,4.656583165000002,False
zxing,Energy,2.4GHz,2400.0,2x,2.0,10,3.3874023,2.7900299724999997,4.101291712499999,False
zxing,Energy,2.4GHz,2400.0,3x,3.0,15,2.675915499999999,2.19598429,3.1480415625,True
zxing,Energy,2.4GHz,2400.0,4x,4.0,20,2.6070923,2.1795404825,3.06335389,True
zxing,Energy,2.4GHz,2400.0,5x,5.0,25,3.0050478000000003,2.5522314775,3.4728001475,False
zxing,Energy,2.4GHz,2400.0,6x,6.0,30,2.789911,2.3175138274999996,3.234593595,True
zxing,Energy,2.7GHz,2700.0,1x,1.0,5,4.994293300000001,4.889427122500001,5.092409642499999,False
zxing,Energy,2.7GHz,2700.0,2x,2.0,10,3.0592529,2.5269700875000005,3.6473580425,True
zxing,Energy,2.7GHz,2700.0,3x,3.0,15,3.0243165999999997,2.4697195324999996,3.5457295624999996,True
zxing,Energy,2.7GHz,2700.0,4x,4.0,20,2.9119081,2.3800226600000003,3.4978735475,True
zxing,Energy,2.7GHz,2700.0,5x,5.0,25,2.9500548,2.41560391,3.5082083525,True
zxing,Energy,2.7GHz,2700.0,6x,6.0,30,3.323767,2.8973394975,3.69273335,False
zxing,Time,400MHz,400.0,1x,1.0,5,5457.3,5068.137500000001,5825.28,False
zxing,Time,400MHz,400.0,2x,2.0,10,3013.4,2532.73,3546.8625,False
zxing,Time,400MHz,400.0,3x,3.0,15,3389.1,2873.2375,3880.0575,False
zxing,Time,400MHz,400.0,4x,4.0,20,3379.5,2844.3575,3985.5825,False
zxing,Time,400MHz,400.0,5x,5.0,25,3123.1,2617.465,3681.3,False
zxing,Time,400MHz,400.0,6x,6.0,30,3629.9,3098.7675000000004,4144.5175,False
zxing,Time,800MHz,800.0,1x,1.0,5,2910.4,2732.2575,3088.9125,False
zxing,Time,800MHz,800.0,2x,2.0,10,1639.3,1338.0875,1940.665,False
zxing,Time,800MHz,800.0,3x,3.0,15,1551.1,1256.415,1865.005,False
zxing,Time,800MHz,800.0,4x,4.0,20,1926.4,1644.8100000000002,2157.4825,False
zxing,Time,800MHz,800.0,5x,5.0,25,1514.5,1271.1650000000002,1803.1875,False
zxing,Time,800MHz,800.0,6x,6.0,30,1640.6,1312.6725,1980.8725,False
zxing,Time,1.2GHz,1200.0,1x,1.0,5,1870.8,1765.965,1978.24,False
zxing,Time,1.2GHz,1200.0,2x,2.0,10,888.2,857.6825,924.0,False
zxing,Time,1.2GHz,1200.0,3x,3.0,15,1214.5,1022.2,1365.3075,False
zxing,Time,1.2GHz,1200.0,4x,4.0,20,1253.5,1071.3575,1427.505,False
zxing,Time,1.2GHz,1200.0,5x,5.0,25,1093.9,894.4425000000001,1309.28,False
zxing,Time,1.2GHz,1200.0,6x,6.0,30,1227.4,1014.59,1420.24,False
zxing,Time,1.6GHz,1600.0,1x,1.0,5,2696.4,2656.595,2733.31,False
zxing,Time,1.6GHz,1600.0,2x,2.0,10,1370.7,1276.79,1471.6074999999998,False
zxing,Time,1.6GHz,1600.0,3x,3.0,15,1435.9,1307.3925000000002,1566.3375,False
zxing,Time,1.6GHz,1600.0,4x,4.0,20,1428.0,1276.4,1564.71,False
zxing,Time,1.6GHz,1600.0,5x,5.0,25,1383.4,1253.98,1520.65,False
zxing,Time,1.6GHz,1600.0,6x,6.0,30,1443.9,1303.4925,1578.32,False
zxing,Time,1.8GHz,1800.0,1x,1.0,5,1281.7,1229.49,1331.31,False
zxing,Time,1.8GHz,1800.0,2x,2.0,10,772.5,636.0575,914.4125,False
zxing,Time,1.8GHz,1800.0,3x,3.0,15,654.1,542.9125000000001,784.1075,True
zxing,Time,1.8GHz,1800.0,4x,4.0,20,773.4,658.485,897.025,False
zxing,Time,1.8GHz,1800.0,5x,5.0,25,720.2,622.6575,823.2574999999999,False
zxing,Time,1.8GHz,1800.0,6x,6.0,30,751.2,616.5975,887.8175,False
zxing,Time,2.0GHz,2000.0,1x,1.0,5,1190.8,1151.0975,1224.8175,False
zxing,Time,2.0GHz,2000.0,2x,2.0,10,722.6,603.19,859.9325,False
zxing,Time,2.0GHz,2000.0,3x,3.0,15,683.3,587.295,779.8025,False
zxing,Time,2.0GHz,2000.0,4x,4.0,20,681.2,565.29,803.605,True
zxing,Time,2.0GHz,2000.0,5x,5.0,25,668.5,549.0875000000001,791.2225,True
zxing,Time,2.0GHz,2000.0,6x,6.0,30,699.4,573.9225,822.1025000000001,True
zxing,Time,2.4GHz,2400.0,1x,1.0,5,983.8,963.395,1001.1,False
zxing,Time,2.4GHz,2400.0,2x,2.0,10,667.9,571.99,758.0025,True
zxing,Time,2.4GHz,2400.0,3x,3.0,15,573.5,474.05250000000007,672.3075,True
zxing,Time,2.4GHz,2400.0,4x,4.0,20,529.9,446.3925,631.43,True
zxing,Time,2.4GHz,2400.0,5x,5.0,25,605.6,511.39,692.2125000000001,True
zxing,Time,2.4GHz,2400.0,6x,6.0,30,594.3,495.69,685.0125,True
zxing,Time,2.7GHz,2700.0,1x,1.0,5,899.2,881.9925000000001,914.7025,False
zxing,Time,2.7GHz,2700.0,2x,2.0,10,547.4,445.7325000000001,652.5175,True
zxing,Time,2.7GHz,2700.0,3x,3.0,15,537.3,441.6925,627.8149999999999,True
zxing,Time,2.7GHz,2700.0,4x,4.0,20,495.3,402.395,586.1075,True
zxing,Time,2.7GHz,2700.0,5x,5.0,25,503.0,409.3825,598.615,True
zxing,Time,2.7GHz,2700.0,6x,6.0,30,588.8,507.985,650.005,True
zxing,EDP,400MHz,400.0,1x,1.0,5,55.7566368806,48.9429272521475,63.0281191895175,False
zxing,EDP,400MHz,400.0,2x,2.0,10,18.3159551513,12.263754180000005,25.18967241178,False
zxing,EDP,400MHz,400.0,3x,3.0,15,22.904618192,16.5335612702525,29.602870301604995,False
zxing,EDP,400MHz,400.0,4x,4.0,20,23.8216850082,16.26436073074,32.043222052287504,False
zxing,EDP,400MHz,400.0,5x,5.0,25,21.3815253207,13.961757773267504,30.172346375545,False
zxing,EDP,400MHz,400.0,6x,6.0,30,27.9767029573,20.326663347637503,35.076204373494996,False
zxing,EDP,800MHz,800.0,1x,1.0,5,18.1364562626,15.80422973352,20.418062736142502,False
zxing,EDP,800MHz,800.0,2x,2.0,10,6.2613706901,4.0212397260575,8.481628542689998,False
zxing,EDP,800MHz,800.0,3x,3.0,15,5.6504935745,3.631865418407501,7.600383177529999,False
zxing,EDP,800MHz,800.0,4x,4.0,20,8.942499522999999,6.708842808640001,10.692732890805004,False
zxing,EDP,800MHz,800.0,5x,5.0,25,5.352017454,3.5337375743875,7.4074576311925,False
zxing,EDP,800MHz,800.0,6x,6.0,30,6.7922249274999995,4.205265083545001,9.77188813092,False
zxing,EDP,1.2GHz,1200.0,1x,1.0,5,8.8009085482,7.776624122082501,9.821223598865002,False
zxing,EDP,1.2GHz,1200.0,2x,2.0,10,1.9808986871000005,1.8353482236575,2.1373489543575,True
zxing,EDP,1.2GHz,1200.0,3x,3.0,15,3.9226105194,2.8928979657700005,4.851225153442499,False
zxing,EDP,1.2GHz,1200.0,4x,4.0,20,4.457913812299999,3.2075370692100007,5.4751820548075,False
zxing,EDP,1.2GHz,1200.0,5x,5.0,25,3.3562486731999996,2.1701677047700003,4.5804758664275,False
zxing,EDP,1.2GHz,1200.0,6x,6.0,30,4.270884660999999,2.944526156412501,5.626321563545,False
zxing,EDP,1.6GHz,1600.0,1x,1.0,5,21.551265536699994,20.89954685532,22.1631269779125,False
zxing,EDP,1.6GHz,1600.0,2x,2.0,10,5.6120768622,4.909535619015,6.5686802318724995,False
zxing,EDP,1.6GHz,1600.0,3x,3.0,15,6.2388040081,5.071599642272501,7.3156934114475005,False
zxing,EDP,1.6GHz,1600.0,4x,4.0,20,6.2007147034,5.001195128547499,7.43496567576,False
zxing,EDP,1.6GHz,1600.0,5x,5.0,25,5.8100393316000005,4.729845142587499,6.840931439542499,False
zxing,EDP,1.6GHz,1600.0,6x,6.0,30,6.3334037496,5.1542313987025,7.574970643044999,False
zxing,EDP,1.8GHz,1800.0,1x,1.0,5,5.3491180908,4.948942671727501,5.7687984873375,False
zxing,EDP,1.8GHz,1800.0,2x,2.0,10,2.0987849542,1.4580660484775,2.881027959785,True
zxing,EDP,1.8GHz,1800.0,3x,3.0,15,1.5111920638,1.0174272134875,2.1291848176325,True
zxing,EDP,1.8GHz,1800.0,4x,4.0,20,2.2070555488,1.5164712148300004,2.8605754308275,True
zxing,EDP,1.8GHz,1800.0,5x,5.0,25,1.9013670008,1.3798379739025,2.48782168909,True
zxing,EDP,1.8GHz,1800.0,6x,6.0,30,1.9903799542,1.3214863838000002,2.6597810108825004,True
zxing,EDP,2.0GHz,2000.0,1x,1.0,5,5.2045004513999995,4.8613192457425,5.502911497845,False
zxing,EDP,2.0GHz,2000.0,2x,2.0,10,2.0717427512,1.4208790856700002,2.745687825835,True
zxing,EDP,2.0GHz,2000.0,3x,3.0,15,1.7957489459999998,1.3377996920000002,2.325633483399999,True
zxing,EDP,2.0GHz,2000.0,4x,4.0,20,1.9434776273,1.34120093064,2.578944286805,True
zxing,EDP,2.0GHz,2000.0,5x,5.0,25,1.8795848378,1.27058962346,2.4799590513075,True
zxing,EDP,2.0GHz,2000.0,6x,6.0,30,1.9631447518,1.3403197217849998,2.5543052201200003,True
zxing,EDP,2.4GHz,2400.0,1x,1.0,5,4.5082616768,4.33196783214,4.663118864737499,False
zxing,EDP,2.4GHz,2400.0,2x,2.0,10,2.3892882968,1.6881885120775004,3.07616458766,True
zxing,EDP,2.4GHz,2400.0,3x,3.0,15,1.6613647675999998,1.1560983755275,2.1972539406025,True
zxing,EDP,2.4GHz,2400.0,4x,4.0,20,1.4925540967000002,1.017854112595,2.013216381445,True
zxing,EDP,2.4GHz,2400.0,5x,5.0,25,1.9336997251,1.4011977151625008,2.5002411726500005,True
zxing,EDP,2.4GHz,2400.0,6x,6.0,30,1.7737743497999996,1.2346506427875,2.2683655021999996,True
zxing,EDP,2.7GHz,2700.0,1x,1.0,5,4.495600296,4.324210366855,4.661491856890001,False
zxing,EDP,2.7GHz,2700.0,2x,2.0,10,1.8375510028999995,1.2288195415725005,2.481974747345,True
zxing,EDP,2.7GHz,2700.0,3x,3.0,15,1.7530825341,1.2363242616,2.263346279405,True
zxing,EDP,2.7GHz,2700.0,4x,4.0,20,1.5778608571,1.012258160035,2.0844618898499996,True
zxing,EDP,2.7GHz,2700.0,5x,5.0,25,1.6278508651000003,1.0530394046,2.25138670854,True
zxing,EDP,2.7GHz,2700.0,6x,6.0,30,2.0309294014000003,1.5476504645275002,2.448389868605,True
zxing,EDP2,400MHz,400.0,1x,1.0,5,576.7974880051104,467.2780493297555,702.4493055968561,False
zxing,EDP2,400MHz,400.0,2x,2.0,10,120.2007683859451,61.86336461263969,192.9493556834669,False
zxing,EDP2,400MHz,400.0,3x,3.0,15,162.2128129561275,99.2597640686142,225.71616990354383,False
zxing,EDP2,400MHz,400.0,4x,4.0,20,178.25461362283153,102.35813930406503,265.23042785826306,False
zxing,EDP2,400MHz,400.0,5x,5.0,25,158.359599841973,79.0126263934895,250.07680400090547,False
zxing,EDP2,400MHz,400.0,6x,6.0,30,224.70151570195313,141.67718134627444,298.6558673419448,False
zxing,EDP2,800MHz,800.0,1x,1.0,5,114.11723741816996,94.366565989027,134.5072170232069,False
zxing,EDP2,800MHz,800.0,2x,2.0,10,25.74571654342065,13.072832453129944,39.29523339430816,False
zxing,EDP2,800MHz,800.0,3x,3.0,15,22.233632542953433,11.11600004039068,33.27568934583571,False
zxing,EDP2,800MHz,800.0,4x,4.0,20,42.73419781218901,31.30886332382233,53.76322029801923,False
zxing,EDP2,800MHz,800.0,5x,5.0,25,20.474130231062823,10.067188015034334,32.45852907630377,False
zxing,EDP2,800MHz,800.0,6x,6.0,30,30.633696727686218,14.823277702028074,48.509840194952226,False
zxing,EDP2,1.2GHz,1200.0,1x,1.0,5,41.75638329981526,35.23986686294082,48.64430649510789,False
zxing,EDP2,1.2GHz,1200.0,2x,2.0,10,4.434180287121131,3.9756930705736098,4.957331849845377,True
zxing,EDP2,1.2GHz,1200.0,3x,3.0,15,13.157889455977523,8.427413678883763,17.17369221792179,False
zxing,EDP2,1.2GHz,1200.0,4x,4.0,20,16.428152506876465,10.832046629800631,21.36965318978332,False
zxing,EDP2,1.2GHz,1200.0,5x,5.0,25,11.182752545242884,5.337797868547183,17.957051790749087,True
zxing,EDP2,1.2GHz,1200.0,6x,6.0,30,15.926585824414014,9.070134299544684,23.13971151508591,False
zxing,EDP2,1.6GHz,1600.0,1x,1.0,5,172.34932262187044,165.29056629193468,179.94068609748382,False
zxing,EDP2,1.6GHz,1600.0,2x,2.0,10,23.310096034736695,18.163029680047263,29.25275105882281,False
zxing,EDP2,1.6GHz,1600.0,3x,3.0,15,27.66693586068941,20.76945745341371,34.54801578455862,False
zxing,EDP2,1.6GHz,1600.0,4x,4.0,20,27.582807569812623,19.917698016456946,34.536919152993605,False
zxing,EDP2,1.6GHz,1600.0,5x,5.0,25,24.969484137218423,18.35374073207029,33.00489412973808,False
zxing,EDP2,1.6GHz,1600.0,6x,6.0,30,28.4318224309008,20.57660319971112,36.37868350234713,False
zxing,EDP2,1.8GHz,1800.0,1x,1.0,5,22.41296940993655,19.870824828805617,25.39266840505443,False
zxing,EDP2,1.8GHz,1800.0,2x,2.0,10,6.110150664608747,3.278501972247242,9.170517567205172,True
zxing,EDP2,1.8GHz,1800.0,3x,3.0,15,3.7887909359060368,1.8007572696002103,5.99823973314216,True
zxing,EDP2,1.8GHz,1800.0,4x,4.0,20,6.613830359828336,3.91830171587935,9.346794780289946,True
zxing,EDP2,1.8GHz,1800.0,5x,5.0,25,5.277824345799254,3.1231058206572215,7.576704546810888,True
zxing,EDP2,1.8GHz,1800.0,6x,6.0,30,5.598879618963457,3.2894735743620385,8.014419355328409,True
zxing,EDP2,2.0GHz,2000.0,1x,1.0,5,22.805256583646067,20.646420673495093,24.674410471768287,False
zxing,EDP2,2.0GHz,2000.0,2x,2.0,10,6.30156047566221,3.79412512319054,8.94166007151005,True
zxing,EDP2,2.0GHz,2000.0,3x,3.0,15,4.950385037608272,2.9206092955897285,7.1078801839934656,True
zxing,EDP2,2.0GHz,2000.0,4x,4.0,20,5.888378579373708,3.4118444900208247,8.488919938772677,True
zxing,EDP2,2.0GHz,2000.0,5x,5.0,25,5.631664040099148,3.154505800813832,8.135959444136992,True
zxing,EDP2,2.0GHz,2000.0,6x,6.0,30,5.872157645319402,3.3239278651961293,8.623043296885182,True
zxing,EDP2,2.4GHz,2400.0,1x,1.0,5,20.67817645134795,19.446647608241552,21.694972132895465,False
zxing,EDP2,2.4GHz,2400.0,2x,2.0,10,9.229284900044572,5.391624508390633,14.14689288223121,True
zxing,EDP2,2.4GHz,2400.0,3x,3.0,15,5.116766873346735,3.0060338774952093,7.297045904304454,True
zxing,EDP2,2.4GHz,2400.0,4x,4.0,20,4.514384147109473,2.451417869741096,6.978936974234722,True
zxing,EDP2,2.4GHz,2400.0,5x,5.0,25,6.484489046460197,3.922753539543686,8.844978070114932,True
zxing,EDP2,2.4GHz,2400.0,6x,6.0,30,5.565301187274846,3.3630312173925345,7.536268461473927,True
zxing,EDP2,2.7GHz,2700.0,1x,1.0,5,22.503219568079395,21.09292276394724,23.81320599102386,False
zxing,EDP2,2.7GHz,2700.0,2x,2.0,10,6.614243604993301,3.5799587893416147,9.559508656243,True
zxing,EDP2,2.7GHz,2700.0,3x,3.0,15,6.064513363904615,3.6341108992716658,8.471893194592345,True
zxing,EDP2,2.7GHz,2700.0,4x,4.0,20,5.407870097259363,2.9519402525759033,7.806261016583062,True
zxing,EDP2,2.7GHz,2700.0,5x,5.0,25,5.675657337694429,3.058223257876057,8.49030352459528,True
zxing,EDP2,2.7GHz,2700.0,6x,6.0,30,7.197104196951099,5.209170632872464,9.060936688055008,True
